ds,Predicted_Close,Upper_Bound,Lower_Bound
2020-01-03,74.60850913783469,83.32053700302642,65.91203550712609
2020-01-06,74.02775981527509,82.98239341000274,65.2815114958483
2020-01-07,73.63452840281589,82.49412890346835,64.64813692726942
2020-01-08,73.20633728968727,82.27736242739942,64.07377828901564
2020-01-09,72.74245959258288,81.46648162390726,63.96315980750983
2020-01-10,72.55580509661145,80.7500776032751,63.67939000558223
2020-01-13,72.34270246981535,81.20339198461407,63.67255612587775
2020-01-14,72.11695754607021,81.60563515731974,62.78151092316332
2020-01-15,71.87528792434344,80.51942608079891,62.59786084168078
2020-01-16,71.61449602719323,80.3307355237723,62.7444961715335
2020-01-17,71.64478632269152,80.45948274453475,62.71798445061719
2020-01-21,72.15184274889333,80.83947675012587,62.75026823814914
2020-01-22,72.14998287862228,80.84493291185603,63.56960367664317
2020-01-23,72.1236393069301,80.44000847954192,63.511412149887924
2020-01-24,72.37967339162196,80.77174772266724,62.92977865609353
2020-01-27,73.46350239068424,82.21141954453024,64.1641495660939
2020-01-28,73.6390067595937,82.97721344327839,65.02485108906394
2020-01-29,73.77298377236313,82.10455374771925,65.15696083712513
2020-01-30,73.85651394842672,81.92776242633656,64.89167589346008
2020-01-31,74.19439783623321,83.28424528964784,64.97010946280818
2020-02-03,75.3400027273006,84.11977666305577,66.37805436033297
2020-02-04,75.4714637554922,84.42028807903668,66.82783127880334
2020-02-05,75.52837630672343,84.31926622829963,67.31337669962453
2020-02-06,75.5020196037362,84.52047404048037,66.26751834697087
2020-02-07,75.69781785227534,83.9773455006449,66.3156814477157
2020-02-10,76.23657267844457,84.51697250698244,67.46370746081914
2020-02-11,76.1118188741756,85.4624184827122,67.3461260603784
2020-02-12,75.88966376915778,84.59086550673935,66.45235988138354
2020-02-13,75.56439428525734,84.59382499557978,66.28283955174152
2020-02-14,75.44475988385932,83.88632129706403,66.4087921086232
2020-02-18,74.50721499169678,83.60036721604088,65.58958001478062
2020-02-19,73.94512857907321,82.61088708050957,64.94510129989247
2020-02-20,73.28760355123588,82.25916519366845,64.5899994736441
2020-02-21,72.84764136454882,81.43480771167285,63.59324555474232
2020-02-24,71.52952194375149,80.03940353096087,62.28463059838137
2020-02-25,70.82859033447421,79.63203493270863,61.53453616543669
2020-02-26,70.064252163032,79.21706370461996,60.94539068870946
2020-02-27,69.23789770351846,78.63141734515303,60.992456132760935
2020-02-28,68.66492466376606,77.97650549946013,59.659302263675734
2020-03-02,67.17951046498125,76.36901697112704,58.61708275002101
2020-03-03,66.50309226467822,75.03302746365135,57.72679673269657
2020-03-04,65.80357337200456,74.50623037134966,56.67397616509847
2020-03-05,65.0816218554605,73.66931498398439,56.43486644529572
2020-03-06,64.65137362285607,73.45499550702236,55.889607871349675
2020-03-09,63.80379879876241,72.50963075759799,55.03098631606137
2020-03-10,63.400807541339255,71.75682379971731,55.0776724967718
2020-03-11,62.99957833082841,72.31769799846836,54.36580103776123
2020-03-12,62.59696006402818,71.07410755998664,54.2880824733581
2020-03-13,62.50302634543718,71.9939095717251,54.092031717006535
2020-03-16,62.723437511579235,71.80163086987854,53.44460981648469
2020-03-17,62.68159410233751,71.68712849628722,54.55045553884171
2020-03-18,62.6369502498157,71.18338981571183,54.386957842289206
2020-03-19,62.5822919320823,71.3669855618373,53.213805568706235
2020-03-20,62.823867425742264,71.1824779711095,53.77184770130066
2020-03-23,63.94259040653084,72.13648920248977,55.330616090529624
2020-03-24,64.1548503776708,72.94896316156493,55.893775426040634
2020-03-25,64.33809255884377,72.92237652095208,55.018538666154946
2020-03-26,64.48367191646877,73.3820962204597,55.32317303797585
2020-03-27,64.89688823863581,73.41045072409449,55.648923786846716
2020-03-30,66.35661790308288,74.87962669670362,57.75237084240467
2020-03-31,66.62606553604877,75.22780855293004,58.248465874217274
2020-04-01,66.84003810333334,76.18670324990552,57.84545115919581
2020-04-02,66.99150478038933,76.2613291571605,58.45777895772252
2020-04-03,67.38767856275736,75.93992754894649,58.602218542503344
2020-04-06,68.68121247148694,77.27754628998407,59.77524092525488
2020-04-07,68.86514616358978,77.78361416662639,59.86974902074732
2020-04-08,68.98283910888321,77.20641013386792,59.98902918115381
2020-04-09,69.0298240146168,77.86720369331209,60.64295943579303
2020-04-13,70.26718531377875,79.40922686876031,60.59153567849681
2020-04-14,70.33986201471386,78.93790734961583,61.43032960314009
2020-04-15,70.35045129054068,78.72156248574335,61.59210356797922
2020-04-16,70.29576723091509,79.65195289140968,61.682270093049006
2020-04-17,70.48653074578434,78.77357048805843,61.55026812016202
2020-04-20,71.19750099191683,80.43126212212549,61.888152867345106
2020-04-21,71.20610740673887,79.71929075186044,62.84002506338264
2020-04-22,71.16065200020762,80.0858170711502,62.24455831981284
2020-04-23,71.05769533608459,79.5473159416681,61.23432089870619
2020-04-24,71.20758208443652,80.0239982166726,62.160607852629475
2020-04-27,71.83538179916744,80.67318380822869,62.90748382672163
2020-04-28,71.82762053142169,80.74405186969834,63.14306459316491
2020-04-29,71.77060156266617,79.88896389100644,63.51103496623724
2020-04-30,71.66043052054319,80.48909313152012,63.41382497359829
2020-05-01,71.80707224688463,80.12084643593676,63.03889949044254
2020-05-04,72.44654597097613,81.96582693224077,64.08261449897215
2020-05-05,72.44951274821653,80.91730399226853,63.845930702625
2020-05-06,72.41706460521584,80.93480300495288,63.36220561691456
2020-05-07,72.33516727962821,81.35891466691422,63.376298918612186
2020-05-08,72.51404101700294,81.53777310910347,63.7520779649811
2020-05-11,73.2771040562323,82.11295913130806,64.84120637319961
2020-05-12,73.33131667671985,81.80369020709091,64.18398384812973
2020-05-13,73.3452879619797,82.80147733933488,64.47946701059249
2020-05-14,73.31550919934386,81.85006402509313,64.49893309867804
2020-05-15,73.55230879165917,82.22897371674439,64.62220214688634
2020-05-18,74.5233888525126,83.2533314617666,65.52786079769578
2020-05-19,74.65751314006769,82.99249078028868,65.73238186992144
2020-05-20,74.75592656550644,83.86932361656228,66.47413762874953
2020-05-21,74.81447053841792,83.58524947578336,66.28566178849815
2020-05-22,75.14270600799924,84.56569089613161,66.14980458390586
2020-05-26,76.62636702791592,85.78227475544419,67.94246752793013
2020-05-27,76.81754913257275,85.20605230135048,68.20068211874704
2020-05-28,76.96611102741619,85.51490438089814,67.21769479889312
2020-05-29,77.38069521174373,85.6514095427914,68.40742277170511
2020-06-01,78.86524795913755,87.4441202724138,70.53804198192633
2020-06-02,79.15885306895838,87.67143706991665,70.1732031576485
2020-06-03,79.40879437746771,87.94905686266677,70.16216987629385
2020-06-04,79.60998923291773,88.10145942914026,70.92231729321665
2020-06-05,80.07136027027276,89.6482403215483,70.66634134712822
2020-06-08,81.66715182362904,90.52450947966872,73.55428336296582
2020-06-09,81.99106880634176,90.47455801328587,73.07967993206582
2020-06-10,82.26980390444085,91.64224482983921,73.19337777955111
2020-06-11,82.4995645851117,90.98056738898825,74.05425312264943
2020-06-12,82.99062230136656,91.32306925450084,73.69206701186953
2020-06-15,84.69560190371672,92.90971783847569,76.21237870316857
2020-06-16,85.0667227108884,94.10490503549441,75.57748191670542
2020-06-17,85.39975902640741,94.54205719863047,76.80939200579503
2020-06-18,85.6916232090062,94.2761578708521,76.5512370013238
2020-06-19,86.25302590075086,95.22741837374664,78.47025910175736
2020-06-22,88.21823063211816,96.92285763421731,79.20028843427599
2020-06-23,88.69070567298738,97.66835503667573,79.70162264722474
2020-06-24,89.13063021741104,97.6814315686245,79.79541640304889
2020-06-25,89.53333456766886,97.4133913927153,81.33901818836982
2020-06-26,90.20762734826617,98.83167721640294,82.24279725127909
2020-06-29,92.50073197104177,100.7890280955942,83.48907002433866
2020-06-30,93.07021557832131,102.2015949888417,83.71391225620538
2020-07-01,93.59635451672168,102.28085857368848,84.81631296700554
2020-07-02,94.07165439459325,103.11974239644874,85.30680023588121
2020-07-06,97.14116809289563,106.16735299373427,87.84900628323291
2020-07-07,97.67826007730736,106.4810368492401,89.17334556282334
2020-07-08,98.16229658508477,107.16709221022455,89.57594570762588
2020-07-09,98.56851673876385,107.73929848661825,90.19363692552697
2020-07-10,99.20279216903658,107.6274081564062,90.24860123869203
2020-07-13,101.09677458305214,109.69583051723005,92.18856216640948
2020-07-14,101.43866295447928,110.70078811715513,93.1588883307354
2020-07-15,101.69158591291742,110.61994513447874,93.01158756383003
2020-07-16,101.85056099398456,110.74082444406733,92.9691851154848
2020-07-17,102.22517493680292,111.08165404757482,93.97184866557213
2020-07-20,103.30840830861771,112.41774602043346,94.17251202274616
2020-07-21,103.3849642812325,112.26886715524168,94.3502415168436
2020-07-22,103.38305501237292,112.19545850877239,94.37743239122405
2020-07-23,103.30247407521414,111.89660534640869,94.07787317899404
2020-07-24,103.45739790844763,111.58608943618779,93.97715811254915
2020-07-27,104.0415896794932,113.15906035330228,95.37307953742551
2020-07-28,104.01635735571261,113.0535203482959,95.16407555378538
2020-07-29,103.94903599034785,113.12401881741303,95.05161125670644
2020-07-30,103.84081468516965,112.04701284841447,95.04292226128563
2020-07-31,104.00647981505963,113.1359906783493,95.17896528615572
2020-08-03,104.84692889915567,113.22283104163614,96.26991239029907
2020-08-04,104.97557016106342,113.24163300215695,95.32472448675578
2020-08-05,105.09124757084088,114.17502279135222,96.60301286965185
2020-08-06,105.19099410421222,113.60896089155449,97.1979879144789
2020-08-07,105.58480934446767,114.45062326318575,96.02428822823315
2020-08-10,107.17550642056912,116.44772606209229,98.43639511203507
2020-08-11,107.55604798194943,116.85061676535936,98.69779443318787
2020-08-12,107.91407520150668,116.68465882944481,98.63056117600402
2020-08-13,108.24038396816086,116.47446263598029,99.42205694377631
2020-08-14,108.83895223321522,117.79656509002847,98.81280365727577
2020-08-17,110.85880928025261,119.24081209101254,101.87596763512511
2020-08-18,111.30545493319138,120.51132032381331,102.82330669371594
2020-08-19,111.68527011809425,120.24588442417242,102.88776541082407
2020-08-20,111.98679540035715,121.33571930670468,102.8517735910384
2020-08-21,112.51267402572029,121.54135159147006,103.233299615546
2020-08-24,114.02811565319487,122.98402005255251,105.2922693168152
2020-08-25,114.2163647668583,122.36070655925033,104.73371827862701
2020-08-26,114.2975729629266,123.37228672549709,105.06544388548072
2020-08-27,114.26451477614617,122.93642282490363,105.46338209079421
2020-08-28,114.42481334646372,122.50225063982401,105.80614253992155
2020-08-31,114.71632026169107,124.04413867786921,106.05962321827602
2020-09-01,114.47593273616815,123.17140221865363,105.69827330244651
2020-09-02,114.12965050425926,122.25429001197512,105.78898467954276
2020-09-03,113.67720238899902,122.71080963608576,104.92022542152462
2020-09-04,113.43301376029599,122.08997512069031,105.15023823732474
2020-09-08,112.13845784744882,120.72109988478897,103.81332009442175
2020-09-09,111.54976454483715,120.31384014351663,103.06267881495363
2020-09-10,110.90037573682602,119.25279674501772,101.7973313671018
2020-09-11,110.5071837655049,119.47958323316483,102.05461665864411
2020-09-14,109.58901056591839,118.60454735116478,100.7758080356771
2020-09-15,109.1130280335761,118.51156878148699,100.05647360467357
2020-09-16,108.61974051028858,117.40164066718255,99.65898697320546
2020-09-17,108.10930875124319,117.30004842753897,98.55559296232185
2020-09-18,107.89497555916388,116.96834278697295,99.40563711188739
2020-09-21,107.70718630470856,116.54371778121845,99.32119965338015
2020-09-22,107.52178485877954,116.23438648835317,98.97438390060762
2020-09-23,107.33316754056372,115.95122741276552,98.45703871376837
2020-09-24,107.13563266327462,115.51360423815498,98.08867608788604
2020-09-25,107.23661272475948,116.0524221866765,98.79496632254826
2020-09-28,107.95437816961056,116.59891718508317,98.80109911891732
2020-09-29,108.04088262859962,116.47137800848918,99.2015041996039
2020-09-30,108.10217955652057,118.01039472105619,99.27611310344842
2020-10-01,108.12924379852353,116.50169576951376,99.02447185443988
2020-10-02,108.42685111003908,116.38883865346098,99.61362662216195
2020-10-05,109.55065984799697,118.32094303475459,100.81578353338541
2020-10-06,109.70945057523157,118.54507070597987,100.49576324210175
2020-10-07,109.81233182917413,118.4593880482617,100.68239720513586
2020-10-08,109.85173218802613,118.4382831301169,101.47160425137247
2020-10-09,110.13444408730751,119.27315906975426,101.08169359357176
2020-10-12,111.0773033737159,119.62438716637884,101.82788000720018
2020-10-13,111.14115503708439,120.2918491952127,102.41415697832291
2020-10-14,111.13776070040404,120.2919278840103,103.00799109788557
2020-10-15,111.0632927455867,120.14600909456853,102.16483562916785
2020-10-16,111.2282711913572,120.6264263546166,102.5142796859279
2020-10-19,111.83008807009365,120.847889218945,103.37687157927658
2020-10-20,111.79495623636483,120.68663712015723,102.90438939875436
2020-10-21,111.70447330631006,120.46988021679132,102.79285697116431
2020-10-22,111.55697800549888,120.87476488031795,102.45544170002192
2020-10-23,111.66473915229989,120.34955086526075,103.34807919242614
2020-10-26,112.20073799167862,121.47355825472252,103.4706218462176
2020-10-27,112.18045015479467,120.4855430523661,103.09280818197543
2020-10-28,112.12293639229718,121.09495769536329,103.72400562027208
2020-10-29,112.0258233716468,120.86929032092294,102.80107781690786
2020-10-30,112.20035323079203,121.30778659508356,103.55227712757772
2020-11-02,113.02097676393376,122.26049939665036,104.02970947223935
2020-11-03,113.11811439449703,121.77900746513885,104.42387930226985
2020-11-04,113.18626096658132,121.39468256760779,104.55263112125236
2020-11-05,113.22116764881626,121.56515435307622,103.97040980968404
2020-11-06,113.53223254821333,121.90552147333231,104.6579353057623
2020-11-09,114.77241010274501,123.66425337150734,106.3495014323313
2020-11-10,115.0076527873347,123.95744801887668,106.27839753796505
2020-11-11,115.21090443320223,124.38659101326996,106.54671592331356
2020-11-12,115.37691015109665,124.16221248735764,106.41842645298323
2020-11-13,115.81424718344974,124.22994500877844,106.34943660821365
2020-11-16,117.39869607492442,126.02130383145297,108.2804042577903
2020-11-17,117.73609126500132,126.54503313421257,108.76952221539182
2020-11-18,118.0349611316958,126.66206990563167,109.11954369518996
2020-11-19,118.2900461566044,126.59584143156523,109.22415506599035
2020-11-20,118.80996955150351,127.3889848891642,110.12438788040247
2020-11-23,120.60384265076449,129.4035999744806,111.875446152565
2020-11-24,120.9983439294716,130.10978800238922,112.2924577918461
2020-11-25,121.34786077830853,130.20326507564369,112.60033174471694
2020-11-27,122.2039218421783,130.98241262761235,113.04289921296152
2020-11-30,124.06280480474213,133.24362014965922,115.00927617288693
2020-12-01,124.46158308585811,132.74297451075833,115.32941468998933
2020-12-02,124.80546130333467,134.24388396882495,115.98807507312937
2020-12-03,125.08816420707963,133.78353470422388,116.44535472239019
2020-12-04,125.61716774492399,135.07608244903489,116.49858588028354
2020-12-07,127.31411991335546,136.29058635921774,118.81901511150862
2020-12-08,127.63036581162538,136.1203649693609,118.86004268555499
2020-12-09,127.87639425040751,135.9319740264731,118.9308408914501
2020-12-10,128.04551290340714,136.96134910154962,118.86034995798506
2020-12-11,128.4449582304391,137.03390770544326,119.78713178927234
2020-12-14,129.65815260513415,138.22333921704544,120.82218659747156
2020-12-15,129.78288226543665,138.2604484142564,120.74208402100396
2020-12-16,129.8236067349426,138.5379418318897,121.20319621506594
2020-12-17,129.77482645294015,138.58716179247355,121.10596840987264
2020-12-18,129.9452237120194,138.30566835759214,120.85031760073612
2020-12-21,130.42236809174182,138.94529758662966,122.07493760491064
2020-12-22,130.2924805679074,139.2416325379197,121.84052188738599
2020-12-23,130.07789886533592,139.30401365689744,121.14627340401967
2020-12-24,129.77567957143165,138.97757074159338,120.99319109408535
2020-12-28,129.48105171220288,138.19195273644246,120.53917688287295
2020-12-29,129.14662365537123,137.7775706576537,120.52961659065379
2020-12-30,128.74486251307903,137.78434549785416,120.35801526152731
2020-12-31,128.27505090569557,137.8804891708977,120.15233928730406
2021-01-04,127.542560532329,135.4951403689932,118.65496632064684
2021-01-05,127.16356096480524,135.8444421500742,118.87095551193731
2021-01-06,126.744802773796,135.55561467085116,117.36067539891614
2021-01-07,126.2857844052738,135.76353343105427,117.58487505093505
2021-01-08,126.09970166395193,135.2446472187018,117.38895935593588
2021-01-11,125.86628673213939,134.96631131943235,116.18983165475127
2021-01-12,125.62790954755799,134.93779065273134,117.10183995478009
2021-01-13,125.37152334790568,134.1477704056227,116.14434598888771
2021-01-14,125.09448952198679,134.20153932282713,116.30776173218376
2021-01-15,125.1075964860116,134.05385977534584,116.44477651122912
2021-01-19,125.54866471564176,134.2086330620542,117.02729304749725
2021-01-20,125.53405181203226,133.51342580711295,116.55961244055804
2021-01-21,125.49764169203286,134.12034020675702,116.55045747768914
2021-01-22,125.74685250055151,134.4585354207661,116.7913065103437
2021-01-25,126.83470486276286,135.3152601492664,117.94164032407043
2021-01-26,127.02116863838827,135.7667053374477,118.37809539200079
2021-01-27,127.17150805756056,136.17751039434722,118.05084844128018
2021-01-28,127.27706878140485,135.96848574668658,118.54715656988087
2021-01-29,127.64284923246747,136.16372360826506,118.94595925234866
2021-02-01,128.90823596623912,137.38921315313053,120.22915131740604
2021-02-02,129.0915754868929,137.94612191688978,119.33597229146919
2021-02-03,129.20610862689443,138.5019420805376,120.64459588973654
2021-02-04,129.24285803960248,137.82105224456745,120.38190665144514
2021-02-05,129.50691540918118,138.53700551425885,120.70542480435917
2021-02-08,130.2769624053466,139.27539625664218,121.70512137743866
2021-02-09,130.2363473350291,139.35538057963694,121.59642285977687
2021-02-10,130.1008084483964,138.8389233643889,121.2910077331685
2021-02-11,129.8639345919827,138.4225895331257,121.50030720621574
2021-02-12,129.83374052318973,138.6586707135784,121.52823635104282
2021-02-16,129.2489650603813,137.66972715078498,120.32283332640357
2021-02-17,128.76992303469396,137.1773331884934,119.6180023976558
2021-02-18,128.19186840480725,136.95384255294732,119.83968202119958
2021-02-19,127.82709893690564,136.70452011203227,118.69295297507266
2021-02-22,126.70263723920712,135.7463396859584,118.23966926208115
2021-02-23,126.05386249509033,134.48383034098956,117.8071622902917
2021-02-24,125.33480036549173,134.65662340209428,115.95698958057277
2021-02-25,124.54656332750316,133.35451023963932,115.91244678606154
2021-02-26,124.00436694742535,132.74225160572465,114.71177123889107
2021-03-01,122.56691453826734,131.25449958668418,113.58038205227729
2021-03-02,121.8920913911231,131.70013591980947,112.80982317635058
2021-03-03,121.1874175964436,130.27136379153882,112.16564659980902
2021-03-04,120.45396972618232,129.3558255580956,111.79537986032305
2021-03-05,120.00637783273112,128.37336803529317,111.36415572888052
2021-03-08,119.07773930319553,127.90062872432534,109.78244905027184
2021-03-09,118.52300817387037,127.70398757690079,109.94930496883816
2021-03-10,117.96762608123693,126.96683018585533,109.75620481997035
2021-03-11,117.40924199433067,126.28218784159357,108.39532048492678
2021-03-12,117.15873756872084,125.81888260013767,108.65421365661977
2021-03-15,116.91253020686145,125.66879999203755,108.09937207781047
2021-03-16,116.7186777578781,125.5482278019854,107.41664695986408
2021-03-17,116.5249274477928,125.36154153521973,107.25803289273283
2021-03-18,116.32465816053687,125.48781556258785,107.79234366960378
2021-03-19,116.42463898205594,124.80307046940644,107.14635460482873
2021-03-22,117.14666874631283,125.71407961412878,107.96927649188709
2021-03-23,117.2369584691713,125.4410239976002,107.82078778393175
2021-03-24,117.30358640863675,125.88084287449924,108.80636272004753
2021-03-25,117.33791038447636,125.87342726922256,108.12785239871093
2021-03-26,117.64514879543687,126.3582838232204,109.40826032373042
2021-03-29,118.8166483046652,127.39939269228574,109.47940491671689
2021-03-30,118.99893537262021,126.98401012060067,110.34961709709302
2021-03-31,119.12957788156143,127.83161587733976,110.25744309889647
2021-04-01,119.20110799092842,128.02194743320663,110.3422481366518
2021-04-05,120.59558473482767,129.73486698759655,112.2473520963363
2021-04-06,120.70945941809933,129.50523046606514,111.85121160706106
2021-04-07,120.75768452960337,129.8536809431863,112.23932483115087
2021-04-08,120.73538408445864,129.48230367395456,112.00793291569641
2021-04-09,120.95188398280595,129.50668727526855,112.85395013518875
2021-04-12,121.6906444049234,130.55342144948293,112.43620339823141
2021-04-13,121.69025807311561,130.01153169653654,112.7862282734388
2021-04-14,121.62641802325518,130.00912190798255,111.8434931775731
2021-04-15,121.49584540418243,129.94690741072273,112.38553509192822
2021-04-16,121.6092116417469,130.15299676408947,113.01088396956708
2021-04-19,122.07900533563279,131.0926147874594,112.95135163995371
2021-04-20,122.00439785658105,131.2447957668985,113.33068014543579
2021-04-21,121.87445891078836,131.08081090619388,113.06210662066867
2021-04-22,121.68585347735562,130.33403053281896,112.51195550985229
2021-04-23,121.74903512349167,130.23166853594913,112.48241109665871
2021-04-26,122.11142029152698,131.20446560293018,113.7207003753853
2021-04-27,122.01371725732312,130.95204712577984,113.22176019410794
2021-04-28,121.86613147779293,131.2811257699629,112.63691413283712
2021-04-29,121.66480664967409,130.31199755180566,113.29298304046142
2021-04-30,121.7197254485976,130.7490930141429,112.69237513380962
2021-05-03,122.08050206390122,130.90941782967002,113.00790591291373
2021-05-04,121.98927129156606,130.61959617651925,113.35818211135785
2021-05-05,121.85155489786798,130.6002007828185,113.4586941827223
2021-05-06,121.66357944815735,130.31642049139586,112.86528186039588
2021-05-07,121.73549648556157,129.74663785679036,113.16748575786616
2021-05-10,122.17179917791651,130.5523001128114,113.82439046588695
2021-05-11,122.11498563121435,130.38484986459324,113.21485929618485
2021-05-12,122.01684781112237,131.39428362471992,113.65532360928192
2021-05-13,121.87389173750104,130.53268163439267,112.7238041165614
2021-05-14,121.99648553146343,131.0062693292018,112.90773856816007
2021-05-17,122.61956493939574,130.97668682367834,113.44189329483675
2021-05-18,122.63628307121975,130.86594722099173,114.23897685065288
2021-05-19,122.61683768768027,131.64403868189223,114.16851886333451
2021-05-20,122.55724718006901,131.00827140860136,112.93332756586571
2021-05-21,122.76726115923772,130.5928188665883,113.94548639738181
2021-05-24,123.66902618142947,132.48154172209962,114.80586305534116
2021-05-25,123.78103593563847,132.8915346533061,114.39203899224265
2021-05-26,123.85640301589288,132.23956829302904,114.70014191803304
2021-05-27,123.89011648214031,132.2706766780184,114.73833937905835
2021-05-28,124.19092545587802,132.5244904816252,115.38560809828823
2021-06-01,125.52559917545186,134.5195092376192,116.71673743297328
2021-06-02,125.66744849945447,134.34586723708205,116.3625812934272
2021-06-03,125.76147112146819,134.9418732744468,117.18439366303004
2021-06-04,126.11642681836071,134.31294351133278,117.18882383819565
2021-06-07,127.39542878038101,135.9851582605482,118.51372660651118
2021-06-08,127.61376432892978,135.96593602468207,118.66878247426139
2021-06-09,127.78649576867299,136.1236481875902,119.56071432788185
2021-06-10,127.90957398380772,136.58504890685697,119.58499489572293
2021-06-11,128.2930275941528,137.15313250244978,119.63823528903987
2021-06-14,129.66763809229576,138.6325539272593,120.7459354234861
2021-06-15,129.92563639672022,139.13670836667836,120.20699357256335
2021-06-16,130.14393483830145,139.3277769502908,120.56104357186159
2021-06-17,130.31946430172738,139.21328672834363,121.52947367809465
2021-06-18,130.76301865539463,139.31811279462255,121.87730572644607
2021-06-21,132.36743054370757,141.72764115032874,123.98138616394489
2021-06-22,132.7181629801911,141.51931252364892,124.0276146408549
2021-06-23,133.0362246999141,142.36973614955434,124.20669578966324
2021-06-24,133.31739414842002,141.48458387479002,124.23179863979699
2021-06-25,133.87096697554392,142.7008860542831,124.53109895371955
2021-06-28,135.81201547561326,144.78226293480705,126.65576965256786
2021-06-29,136.26927677764152,145.27552768523148,128.34051277594935
2021-06-30,136.68660208752155,145.20271709810407,128.28334981447026
2021-07-01,137.0569507387159,145.78559241310964,128.3504775944699
2021-07-02,137.6867855563502,146.63903494715765,128.66537562423986
2021-07-06,140.20806232823662,148.93098453373557,130.86078287677157
2021-07-07,140.5993838114854,149.20608519044745,132.11365464556326
2021-07-08,140.9177456534416,150.33316076997372,132.09931699258084
2021-07-09,141.4687503300763,150.18720747396736,133.2833561462399
2021-07-12,143.1361193214863,151.65752421549226,134.23349290550945
2021-07-13,143.40825675714717,152.07744029021853,134.40641348352165
2021-07-14,143.59313033587978,152.68372680269314,134.82957530885588
2021-07-15,143.68493806871766,152.8453368334255,134.68882055405447
2021-07-16,143.9923996278546,153.00648047812393,136.15602116101104
2021-07-19,144.8652716072602,153.81672100992284,136.32298025597228
2021-07-20,144.86577289358382,153.90667550015638,136.52130233318275
2021-07-21,144.78344659263388,153.80246271431324,135.3417859921666
2021-07-22,144.61734445326533,153.97798794354352,135.380419866484
2021-07-23,144.68099149135716,153.38112185585146,136.29207314709976
2021-07-26,144.95200825365436,153.5316620534617,135.83035011362202
2021-07-27,144.80832782337393,153.15949537908963,135.72023204972305
2021-07-28,144.61542474054286,153.111724587754,135.94376922400227
2021-07-29,144.37465591460213,153.16594507296753,135.4937572144905
2021-07-30,144.40113108069087,152.8501560610499,135.17387463625766
2021-08-02,144.7896216073971,153.45749312084936,135.35397628964117
2021-08-03,144.75864722303845,153.3017954432802,136.37038739895561
2021-08-04,144.7117684790744,153.65412087397098,136.06935449221015
2021-08-05,144.6470803207017,153.80863645806875,135.9877195494346
2021-08-06,144.87570664897655,153.37668384243537,135.56874483781957
2021-08-09,145.97799037224138,154.09458463017342,137.25324620706465
2021-08-10,146.20197499387598,155.32115315836876,136.47821898414855
2021-08-11,146.40839729010472,154.86382028000517,137.6893973265811
2021-08-12,146.58903673509815,155.55005075321563,138.1459628550216
2021-08-13,147.04874743693574,155.32010504880026,137.6305922911183
2021-08-16,148.69964933365333,156.44455594678087,139.1810660861513
2021-08-17,149.0406521461795,158.34199098592384,140.0555943671946
2021-08-18,149.32380239981657,157.19179343179638,140.4954496377778
2021-08-19,149.53755514441085,158.08444180094062,140.75719788499856
2021-08-20,149.9842870994069,158.14818942124143,141.20461945605896
2021-08-23,151.30878155341912,160.43704708118904,142.44692122002263
2021-08-24,151.4463337594218,160.34461202672907,142.5608582800423
2021-08-25,151.48170596599613,160.23639581287014,142.65385203644416
2021-08-26,151.40653851955676,159.97129784389227,142.4916790340497
2021-08-27,151.5272418001734,160.00673338128902,142.49879617095985
2021-08-30,151.70227077329776,160.56050082056234,142.685564145135
2021-08-31,151.4195357585246,160.7542004413148,142.25401254510078
2021-09-01,151.02707576329334,159.78889090483804,142.0673070461707
2021-09-02,150.5234765209716,159.55701369763247,141.71299872338318
2021-09-03,150.22211870915896,159.89294928202554,141.94392265116275
2021-09-07,148.62232182500784,157.76353032609444,139.5591701321344
2021-09-08,148.0786327346161,156.1942560970163,139.1629757383185
2021-09-09,147.464964658022,156.63156568228334,138.78065506401154
2021-09-10,147.09825271583853,156.2733548993177,137.9314914481591
2021-09-13,146.20701426672915,154.9604540546121,137.6809842241044
2021-09-14,145.72425871295735,154.48496547427598,136.87831282698738
2021-09-15,145.2175355456451,154.25445026085544,136.32374509434308
2021-09-16,144.6878998889262,153.66119670817113,136.20616953748487
2021-09-17,144.44957192481462,153.26649565664442,135.51349333130707
2021-09-20,144.17160404527414,152.88367234183784,135.5652850090329
2021-09-21,143.95369329317504,153.25315713668832,135.63967387170013
2021-09-22,143.7331184581027,153.24469279887313,135.1970986814789
2021-09-23,143.505179694158,153.12406406582562,134.4087656860535
2021-09-24,143.57824076091697,152.2656406892471,134.54134955562125
2021-09-27,144.2350674241201,153.02888404660263,135.46810792698852
2021-09-28,144.3109423047204,153.0381583024138,136.0003226521435
2021-09-29,144.367178241487,152.74016092921718,135.97124978635748
2021-09-30,144.3949883180422,153.4982634115829,135.19727751921724
2021-10-01,144.69925307458954,154.03614813063982,135.9446011141395
2021-10-04,145.8776306939877,154.82279342332873,137.66605330662432
2021-10-05,146.0652638727771,154.61254357273174,137.08965781383452
2021-10-06,146.2016170960357,154.64945500633968,137.37143413087557
2021-10-07,146.27857403849177,154.95612438802618,137.78386448749757
2021-10-08,146.60231880279127,155.30250936980173,138.0949574690112
2021-10-11,147.68244433956673,155.6788438893042,139.21233497716588
2021-10-12,147.7944581612325,156.77984272841726,139.8661912256911
2021-10-13,147.83928511856956,156.39194670623937,139.42031137135484
2021-10-14,147.81245086462758,156.71001664948247,139.51642546751097
2021-10-15,148.02387395527848,156.92371411133433,138.63432362180308
2021-10-18,148.75277705405216,157.67729037763402,140.1749236214508
2021-10-19,148.75457638909756,157.43136258003662,139.37372098976414
2021-10-20,148.69783112234205,157.5046903050818,140.13510702231383
2021-10-21,148.5807156528732,157.53470678956043,139.6382231654242
2021-10-22,148.71541546895708,158.33053245140218,139.6998090137191
2021-10-25,149.3118882595067,158.66299680139238,140.41864547745877
2021-10-26,149.30541813484888,157.8521323118641,140.63895528686936
2021-10-27,149.25891512971006,157.5602305442671,140.6127018745603
2021-10-28,149.1702910639227,157.71938292394665,139.67101695123316
2021-10-29,149.35110459042085,158.22316158564664,140.31898250863196
2021-11-01,150.18077623191294,159.1340803218271,141.71316141827214
2021-11-02,150.27882697908615,159.5968216679977,140.66312111408507
2021-11-03,150.3473982855155,158.80182123832833,141.33948005845147
2021-11-04,150.38255193691003,159.19598545107976,140.83876613210103
2021-11-05,150.69397403134545,158.96453249466194,141.51983589997513
2021-11-08,151.93822518664135,160.67767669108105,143.33335465353997
2021-11-09,152.17644071092974,161.28127346080214,143.46755020776368
2021-11-10,152.3836920618932,161.27895591904715,143.64584107770054
2021-11-11,152.5548061969694,161.55595667809192,143.2336782041423
2021-11-12,152.99841298486737,161.83207603093317,144.06459042386098
2021-11-15,154.60881650472606,163.20625649791177,145.40713403807385
2021-11-16,154.95722286327668,164.15215055207298,146.2063418137967
2021-11-17,155.26825091548392,164.29396626544886,146.49587346558624
2021-11-18,155.5366198844668,164.1294371281737,147.1028373179111
2021-11-19,156.07093788241832,165.83320856187112,147.43965493324458
2021-11-22,157.91469049784985,167.01440131868375,149.30392667684353
2021-11-23,158.3281448460846,166.30042729092358,149.46994312896314
2021-11-24,158.69787485114466,168.01474311462044,150.26545889256082
2021-11-26,159.59852056464558,169.04725243071076,151.24777076217148
2021-11-29,161.53657693990854,170.61727465052772,152.83330550731972
2021-11-30,161.96562783259637,170.32593197186245,153.20508378497345
2021-12-01,162.3419907675749,170.70413518429882,153.71844679370582
2021-12-02,162.65955149834352,171.58195559762817,154.18697503979652
2021-12-03,163.22593772069592,172.44335148662228,155.065201988213
2021-12-06,165.05144062390062,173.73835923376805,156.30568712827616
2021-12-07,165.41629387564763,173.6265677950412,156.37261575656166
2021-12-08,165.7138704018842,175.0191216681047,157.18026282926243
2021-12-09,165.9374561516671,174.40807193011156,157.0025078878736
2021-12-10,166.39422157844555,174.72024829414948,157.25307839387688
2021-12-13,167.79512801504058,177.25145015737237,159.0145111969502
2021-12-14,167.98698369891002,177.25930207183384,158.93050179704034
2021-12-15,168.09664706583084,177.23243391104307,159.48204643628935
2021-12-16,168.11827399903714,177.6246164557173,159.4564385359715
2021-12-17,168.3601634297789,176.90728622097174,159.71830464498487
2021-12-20,169.0539848682776,178.01059738676315,160.31056595301817
2021-12-21,168.99550412166445,177.8410284581903,160.33623067688018
2021-12-22,168.85110952186682,177.3932033869159,159.55951691544112
2021-12-23,168.61736667528152,177.28652194267204,159.52205723859126
2021-12-27,168.57014416982267,178.10261128635804,160.24643594180094
2021-12-28,168.28880565622924,177.0551899123988,159.50003244824043
2021-12-29,167.9358987173431,176.77739581523238,159.54711318512338
2021-12-30,167.51042021669392,176.0688532852852,158.34805859301127
2021-12-31,167.32547229025536,176.41972964283127,158.24030586596672
2022-01-03,166.90630223753524,175.51927357997602,158.5657003693207
2022-01-04,166.54675500675302,175.0581132764154,157.98581433141044
2022-01-05,166.14245754241486,175.24511505211248,157.27699083861683
2022-01-06,165.69305444110594,175.05776353940175,157.49459324745064
2022-01-07,165.51195124351224,174.34033049539516,156.31396267900445
2022-01-10,165.2686597538553,173.5006191623141,156.20043788708568
2022-01-11,165.0199943089035,174.09111736548266,156.69216939021243
2022-01-12,164.75058201191663,172.9055960480563,155.6228846793645
2022-01-13,164.45830271764032,173.45561109699625,155.65911985058653
2022-01-14,164.45449651421904,173.88379438837356,155.8491271451197
2022-01-18,164.82305616003214,174.0091899759112,156.00721903771515
2022-01-19,164.79215515253998,173.5375710763586,155.89962346107782
2022-01-20,164.74141187633094,173.04856300388886,156.0502867975963
2022-01-21,164.97883249253204,173.69671269777734,155.73742703986616
2022-01-24,166.05204852823502,175.2803938285243,157.08397752274743
2022-01-25,166.24218737739133,175.0799056472476,157.6754363643036
2022-01-26,166.40118566076038,175.40132542300756,157.2453550513334
2022-01-27,166.52073195819193,175.3859620830144,157.72937699107274
2022-01-28,166.9061059829717,175.48673102290968,157.62313911450912
2022-01-31,168.26571817313624,176.7593555767997,159.44146023273817
2022-02-01,168.49251719384466,177.38477570036898,160.10894787491446
2022-02-02,168.65646358427338,177.24326323045253,159.38461711881962
2022-02-03,168.74842041578503,177.91468023630364,159.8358434551903
2022-02-04,169.07324207154247,178.2300232556098,160.20764448488558
2022-02-07,170.05541853182982,178.68908643570083,160.9683341939743
2022-02-08,170.0939344608804,179.06182813107782,161.61302722609375
2022-02-09,170.04081228536268,178.43792239141231,161.12552205849974
2022-02-10,169.88900040621346,178.53537251114753,161.0410743394312
2022-02-11,169.94582602244964,178.85502553562657,160.64934964251484
2022-02-14,170.0086523349719,178.90998165091065,161.38137021515632
2022-02-15,169.71379183568033,178.74535064859313,160.92934427664036
2022-02-16,169.32021757596718,177.89472516833874,160.34681168699672
2022-02-17,168.82498756908126,177.66081748791174,160.1149521241138
2022-02-18,168.53965092263311,177.05013236088766,159.54875145757265
2022-02-22,167.0366903984921,175.81086683192055,158.4005431734031
2022-02-23,166.3704524921617,175.3563944622697,157.86992967263592
2022-02-24,165.62824269170866,174.3471124423333,156.83602512598142
2022-02-25,165.12497558206596,174.067098728284,156.84540940496072
2022-02-28,163.76015331239876,172.9395826259277,155.22807102351345
2022-03-01,163.09479768825,172.3698385274484,153.82779294706796
2022-03-02,162.39246090223662,170.65083317164746,153.73824162965738
2022-03-03,161.65451212989782,169.89650174251278,152.1535645527963
2022-03-04,161.1959674489235,169.6529957111836,152.32324617315155
2022-03-07,160.2008839681943,169.03684163807262,151.93251250773147
2022-03-08,159.73223678097824,169.01774752983215,151.65481071575672
2022-03-09,159.25955686615202,168.62353287270605,150.68252468437635
2022-03-10,158.41103283956244,167.76821391312012,149.49018504005133
2022-03-11,157.86857425066296,166.58710584989316,149.04405332633294
2022-03-14,156.74366897688068,165.90791122114396,147.63596736841956
2022-03-15,156.25859319847322,165.53786504478833,147.43147894956118
2022-03-16,155.77569260345626,165.05077666449506,146.70092682258226
2022-03-17,155.28901707905285,164.29392798881167,147.27736721601275
2022-03-18,155.10594537942205,163.62777536998246,145.53039990165695
2022-03-21,155.0039424534334,163.4454598244681,146.1507091398613
2022-03-22,154.82918887682973,163.6156162013428,145.49212944111937
2022-03-23,154.6360023333468,163.3480382714181,144.77995952452324
2022-03-24,154.41585351115813,163.40979846487613,145.3024437301732
2022-03-25,154.47398533271044,163.7266468490082,144.94641918319343
2022-03-28,154.92935813016592,163.19780504889178,146.1453218784496
2022-03-29,154.8826222742082,163.6309616729857,145.9721675015698
2022-03-30,154.7885664231269,162.9453707525357,146.19225716737978
2022-03-31,154.6393326723005,163.3935050989586,145.4562772110227
2022-04-01,154.7412423417026,163.43455933304455,145.914960199632
2022-04-04,155.18115825450815,164.15357338896828,146.85915003670777
2022-04-05,155.08709830581432,164.10870894618733,146.49310420168203
2022-04-06,154.92853309981868,163.61369787268484,145.268323982113
2022-04-07,154.70014075002726,163.10817633575329,145.60487262869722
2022-04-08,154.71083015878986,163.77329899089239,146.12419973728888
2022-04-11,154.8302409524244,163.6697911609443,145.9422879972788
2022-04-12,154.62178195459276,163.46764142511583,145.77583036353272
2022-04-13,154.34868462597942,162.93938567949996,145.5395338597272
2022-04-14,154.00751883154518,163.0065368211958,145.5455396402777
2022-04-18,153.73350201944467,162.4830565540258,144.944903572602
2022-04-19,153.4408818621803,162.59440034796927,144.30047813867412
2022-04-20,153.091545735703,161.85066744113104,144.77593098230176
2022-04-21,152.68224878619247,161.88421530135324,144.1883693991557
2022-04-22,152.5235469272617,161.46400635608646,144.03409638425296
2022-04-25,152.21420813240942,161.27649176321904,143.82158338742252
2022-04-26,151.89091172980346,161.32234955508085,143.3944591261097
2022-04-27,151.51703279690125,159.97217514728825,142.12062962719526
2022-04-28,151.08877716199433,159.72911441400697,142.7367274312828
2022-04-29,150.9161705454502,159.78633390618955,141.32250713798706
2022-05-02,150.59093256717367,159.43868281066193,141.77172034392427
2022-05-03,150.26983131732158,158.68880490299566,141.65802447378277
2022-05-04,149.901577190971,159.30132670625528,140.53096055506958
2022-05-05,149.48233751247113,158.73742986858844,141.0051941140297
2022-05-06,149.32219758603838,157.88294775326943,140.75891355220205
2022-05-09,149.05690958269545,158.6102945594239,140.21046307526785
2022-05-10,148.7642278716414,157.54964765470044,139.39387105437063
2022-05-11,148.42915252072032,157.00713640458196,139.05363091112537
2022-05-12,148.0481759821808,156.50922326936325,139.44657683797905
2022-05-13,147.93167514344438,156.94053608179695,138.8568013620678
2022-05-16,147.83148875454577,156.8647056497444,139.10556158535692
2022-05-17,147.60540845668086,156.94118082404387,138.9890860832816
2022-05-18,147.3425142564255,155.6994021529145,138.32042147121072
2022-05-19,147.0389804246463,156.1289963214329,138.62406217230313
2022-05-20,147.00472987197563,155.46240488691896,137.58271876903302
2022-05-23,147.17366910250294,156.21148250212522,138.43431977474552
2022-05-24,147.04203980189428,155.96471278740412,138.44831092138648
2022-05-25,146.87439587861365,155.57140353863784,137.17414321918983
2022-05-26,146.6658912117366,155.4902261853144,137.51015866488743
2022-05-27,146.7254172364541,155.77951495234873,138.00444796209152
2022-05-31,147.10608650464758,156.21219860679457,137.9870093568998
2022-06-01,147.01233989136716,155.58490256745782,137.873126249098
2022-06-02,146.871837737755,155.38741770638578,137.45867878193874
2022-06-03,146.99322350176482,155.89886425026646,138.02028208881757
2022-06-06,147.57554077851688,155.78831110278009,138.66278986788865
2022-06-07,147.56227433727372,156.10040107046447,138.79277537846147
2022-06-08,147.50330743717737,156.38942395613412,139.5392128400553
2022-06-09,147.39433028363945,155.57755526031676,138.78185182230496
2022-06-10,147.54511294244134,156.0914008834792,139.17354634338867
2022-06-13,148.2156587861227,156.83116203896623,139.25247917079
2022-06-14,148.2363059891949,157.11684569062209,139.098505651359
2022-06-15,148.2156997751357,157.21924641127677,139.2686138806952
2022-06-16,148.15071427461805,157.03962786582917,139.4360070509756
2022-06-17,148.35214624380814,156.71736896790784,140.19782844425353
2022-06-21,149.3250616460468,157.52782002413232,141.10607140207767
2022-06-22,149.39529371264308,157.7285743738749,140.24123188980093
2022-06-23,149.4284084646884,158.34761795223343,140.38422012633956
2022-06-24,149.73413844201454,158.22477090556163,141.12922472958596
2022-06-27,150.93785418444665,159.78710546874544,141.22066934976374
2022-06-28,151.15314956396745,160.09401408489853,142.6384404268802
2022-06-29,151.33129474444067,159.39593184398902,142.8854746224425
2022-06-30,151.46575156945457,159.82863356624392,143.1013978519645
2022-07-01,151.8634481405882,160.1900419505286,143.18690695677395
2022-07-05,153.50093568953454,162.2983489826415,145.28041349717634
2022-07-06,153.68361607403114,162.73973571016288,144.87691809921574
2022-07-07,153.79837265913716,163.1752009793256,145.2770274369519
2022-07-08,154.15067855974831,162.58959164203807,144.76342537837562
2022-07-11,155.24842503228788,164.18235514379973,146.77751748830948
2022-07-12,155.44297746074835,163.58203691574712,147.16318707499224
2022-07-13,155.55290026759488,164.74586814638178,146.4880381453955
2022-07-14,155.5716542669867,164.21610570884766,146.3129129796464
2022-07-15,155.8071541368845,165.2538138390004,146.99297765057725
2022-07-18,156.46197390338187,165.51116214115868,147.776120450131
2022-07-19,156.3860695448262,164.13611049828927,148.20772362043934
2022-07-20,156.2240008534153,165.09806844501935,147.58215834152475
2022-07-21,155.97399138025597,165.6045368858581,146.83518977699475
2022-07-22,155.94880460738798,164.82223736054883,147.2401089577912
2022-07-25,155.91753722838203,164.6868834240963,146.59061769819897
2022-07-26,155.6596713201064,164.2806845775188,146.8669386370621
2022-07-27,155.34545790567756,163.91778460036375,146.62689276069926
2022-07-28,154.97622757610878,163.5676719211311,145.65808935059587
2022-07-29,154.86721883696063,164.1322195865224,145.49548707685602
2022-08-01,154.81072949962248,163.70166647497066,146.26658466306037
2022-08-02,154.62052505217486,163.1402361164824,146.08162531840935
2022-08-03,154.41026876008345,163.93069386860142,145.46449316258696
2022-08-04,154.1790093802982,162.51200331832942,144.93856504252727
2022-08-05,154.23891373157275,162.85685185780292,145.48997794723866
2022-08-08,154.83343588997786,163.99424989475398,145.49359077649845
2022-08-09,154.89153068990447,163.20675138610508,145.78955498227126
2022-08-10,154.9356686631423,163.63130513835725,145.3477908404824
2022-08-11,154.9587156853669,163.39989734420567,146.52390596034232
2022-08-12,155.2665329054307,163.33328950349204,146.22968413069714
2022-08-15,156.5043661092698,165.46556634543245,147.88903939886404
2022-08-16,156.72400595635347,165.08830473740505,147.75078363008504
2022-08-17,156.8946232749585,165.92674452915105,148.0721370777865
2022-08-18,157.0048139561961,165.55990544043135,148.13249216836977
2022-08-19,157.35691467328016,166.5259868145535,148.220758183167
2022-08-22,158.44800174349174,166.88449529119382,149.58679814308468
2022-08-23,158.52268953442618,167.26612299732187,149.782969767701
2022-08-24,158.50133027513107,167.30017584478725,149.76647547266793
2022-08-25,158.37456078278166,167.4272663482704,149.65821882156985
2022-08-26,158.44768060121066,167.41594668983717,149.50738487623838
2022-08-29,158.49184244743074,167.6380446003786,149.60011690272495
2022-08-30,158.16517383101976,167.25083130354972,149.51808442687067
2022-08-31,157.72648235331363,166.3383976243462,149.27536059007485
2022-09-01,157.17311987799857,166.1590189469105,147.86186357456486
2022-09-02,156.81730287098276,165.72099752544716,148.8875729229114
2022-09-06,154.93310069694834,164.0815397525645,146.4010619794584
2022-09-07,154.15472043537886,162.70864968013896,145.54797616228987
2022-09-08,153.2972691966417,161.4606087130565,144.81256293780024
2022-09-09,152.67750708857795,160.70171059147629,143.4849867165175
2022-09-12,150.97236288940138,160.08335837044973,142.48785549640496
2022-09-13,150.20116600743071,158.82749511089486,141.37556553080074
2022-09-14,149.39836897328385,157.75445396965193,140.70459618576888
2022-09-15,148.56578866427958,158.06554208784058,140.17414410373817
2022-09-16,148.01851558524814,156.52576784245016,138.75335906092084
2022-09-19,146.78760628270365,155.63519326276446,137.4105711028949
2022-09-20,146.2468869049458,155.20507460167676,136.9227247307318
2022-09-21,145.70273328467223,154.59986270203757,136.76672314331447
2022-09-22,145.15150826106824,153.59950291735575,136.16559807767928
2022-09-23,144.9025921326557,153.78382761860533,135.78254499825871
2022-09-26,144.61041358412777,154.2145135024813,136.04288837957367
2022-09-27,144.3781416161941,153.01716994150541,136.06505529877094
2022-09-28,144.13131420366972,153.2910884262562,134.6749251636531
2022-09-29,143.8615490461111,152.84086982773195,135.36015577569148
2022-09-30,143.87399839551972,153.04367880415205,135.1689340764718
2022-10-03,144.21221601991834,152.63922569623102,135.13319596271754
2022-10-04,144.1311655590985,153.27367052694908,135.67030329253953
2022-10-05,144.00403311071906,153.17807710889832,135.1605921892676
2022-10-06,143.82225837562456,152.80390626289548,135.03096605277244
2022-10-07,143.89149887113743,152.43477138628657,135.15096116723495
2022-10-10,144.2272966240557,153.5911618849011,135.58384083428462
2022-10-11,144.0953467528722,153.5702067887351,135.1317549885789
2022-10-12,143.89712141006862,152.683291063744,135.4797883300673
2022-10-13,143.62746126745878,152.45885275173865,135.05152311770502
2022-10-14,143.5956287920567,152.34404573050236,134.78689762813326
2022-10-17,143.58632719650535,152.33810339794385,135.131906753884
2022-10-18,143.33759885335738,152.55992963862295,134.4171040390537
2022-10-19,143.02745329781945,151.18512320785888,134.38303530070507
2022-10-20,142.65379795245195,151.3424062461322,134.12299546572265
2022-10-21,142.52863346933776,150.93110847309617,134.02714798781028
2022-10-24,142.32492306238234,150.6441523507613,132.84215196623708
2022-10-25,142.04502224329323,151.70780369367785,133.28708782459063
2022-10-26,141.72198410716314,150.2006786001738,132.53482206655406
2022-10-27,141.3539527204114,150.5416119922607,132.2633433971747
2022-10-28,141.2527625087735,149.5581701805342,132.1936443173577
2022-10-31,141.2240502820315,149.607152422998,132.78208999021865
2022-11-01,141.03299817768433,149.52933126828702,131.96100134630282
2022-11-02,140.81156130211352,149.61956608760156,132.03357777515208
2022-11-03,140.5561371989425,149.13590980970105,131.79352041995986
2022-11-04,140.57672456387243,149.08426272969203,131.65787574582362
2022-11-07,140.94971258931736,149.8796068066645,132.32555575641055
2022-11-08,140.89914265198468,149.77533488912403,132.78966767775623
2022-11-09,140.8184872572378,150.2209204433066,132.35267374023513
2022-11-10,140.70269609063226,149.56055627098496,132.79574970272228
2022-11-11,140.86048870693153,149.92457602410207,131.99324357908228
2022-11-14,141.6204655834006,150.56822343552247,132.7547938946152
2022-11-15,141.68777886492387,150.19852752003305,132.38541774029437
2022-11-16,141.71888836443947,150.7643521202337,133.11421490991737
2022-11-17,141.70849149187598,150.8405801141867,132.58675731224554
2022-11-18,141.96517433379321,150.96469921889627,133.23943041866542
2022-11-21,142.98268684605574,152.21674921417704,134.62751214996212
2022-11-22,143.12297350984423,152.03083867939645,134.17156966385338
2022-11-23,143.22071368275675,152.37174896044968,134.28683054303065
2022-11-25,143.58118697418408,151.93664434663208,134.51872335700614
2022-11-28,144.72006304033314,154.11012467638162,135.7414436191043
2022-11-29,144.8862130722012,153.79586835009948,136.14198763168238
2022-11-30,145.00168187405066,153.5946518920513,135.83247891249394
2022-12-01,145.0605195718815,153.8156753145857,135.90092709650884
2022-12-02,145.370516255414,154.22862573777985,136.67521321757582
2022-12-05,146.44232305202738,155.68945423429483,137.7573961277468
2022-12-06,146.5614999192939,155.61926392697526,137.69511347082593
2022-12-07,146.6163107141085,154.98662249696696,137.8493814766129
2022-12-08,146.60007034089136,155.66402008329277,137.9201470513791
2022-12-09,146.81993812453376,155.0808973556525,137.90422458368883
2022-12-12,147.52694350971683,157.14164474202536,138.66723282971873
2022-12-13,147.49260052940411,156.00325944996786,137.83782787000035
2022-12-14,147.37824839767714,155.32085562481694,138.40744251318634
2022-12-15,147.17775230459827,155.6251189233427,138.43070789663255
2022-12-16,147.1990769721088,156.0779229415317,138.54300080737553
2022-12-19,147.23664195065402,155.82884543710455,138.67883857394918
2022-12-20,146.9597637731223,156.26863248063663,138.53631947174281
2022-12-21,146.59636460946575,155.40815094529498,137.7895566971301
2022-12-22,146.1425205391512,154.16952281081186,137.13249573633988
2022-12-23,145.9085702097853,154.49021872770157,136.9313778881432
2022-12-27,144.68015391010735,154.26784843560813,135.7889283603816
2022-12-28,144.0907054427082,152.69013688598002,135.24857796081676
2022-12-29,143.42452937459882,152.80132756063063,134.9592173949403
2022-12-30,142.99442934950108,151.68774228845174,134.5332939650738
2023-01-03,141.1865186688383,150.18518915630762,132.4109948409667
2023-01-04,140.5122972888856,149.45663247504442,132.00173790162538
2023-01-05,139.78795222909093,148.349944592856,130.96164339956272
2023-01-06,139.32701904204907,148.51711708282414,130.2933253206051
2023-01-09,138.21715678888643,146.7521465577701,129.39022152733875
2023-01-10,137.67165458388334,146.65112480845414,128.65601288783063
2023-01-11,137.5889893808596,146.4225562025245,128.37536119617278
2023-01-12,137.48059564419069,145.81914720156664,128.97965710621048
2023-01-13,137.65832265076236,146.01755511509663,129.06322508451166
2023-01-17,138.74075509840117,147.2958291674567,129.97514802808882
2023-01-18,138.88824847255253,147.76938245023328,129.76147582055262
2023-01-19,139.01709673133055,147.76236120994076,129.98331551398343
2023-01-20,139.43591391237703,148.53970501326543,130.76890035807278
2023-01-23,141.06996031908184,149.31956221799746,132.1762354849556
2023-01-24,141.45438655462652,150.33959250430644,132.1923122593099
2023-01-25,141.8121486478426,150.5165248996196,133.7202835025052
2023-01-26,142.1353477820437,150.64923725238265,132.96611687699198
2023-01-27,142.72962120805326,151.7150308414666,133.98475916577203
2023-01-30,144.7500527539674,153.26450142891517,136.4184313288314
2023-01-31,145.20903783562102,154.3309034657282,136.73416985473173
2023-02-01,145.61121386970956,154.56453531227254,137.32283216810242
2023-02-02,145.94738179166188,153.8926670412862,136.6047729112944
2023-02-03,146.5222559160053,155.14084908046826,137.9685854627109
2023-02-06,148.28707633199065,157.09700725285919,139.6186026481256
2023-02-07,148.59607352344855,157.22827771764037,140.22443243101634
2023-02-08,148.8174414547081,157.19138563523495,139.6979911730095
2023-02-09,148.94355725716866,157.58786626350712,140.58833265483645
2023-02-10,149.28112065397036,158.2852942561828,140.39806955295867
2023-02-13,150.19605966950866,159.14655879353737,141.42199202816897
2023-02-14,150.18604753311962,158.43571292872667,141.40536562562596
2023-02-15,150.0764318162954,159.25903376864736,141.3302198759104
2023-02-16,149.8634847511544,158.81063748993714,141.16488485573353
2023-02-17,149.85797917552654,158.959893597881,139.8970718163227
2023-02-21,149.43525553268188,158.25675009366654,140.9296827109771
2023-02-22,149.02605399536634,157.6637216447035,139.59553085104085
2023-02-23,148.5345844172864,157.63018232250192,139.85878823092037
2023-02-24,148.27534996049852,157.687170948295,139.74214909407553
2023-02-27,147.59961284756534,156.3089347453293,138.8533476639928
2023-02-28,147.1491744495773,156.05608222214462,138.56026448362167
2023-03-01,146.65439651199424,155.75335155912524,137.98832885948013
2023-03-02,146.11681807030777,155.31295369588182,137.61294440585286
2023-03-03,145.85172370048997,154.65627906016542,136.9088272621137
2023-03-06,145.39954088359664,153.87577003001752,135.95879982170428
2023-03-07,145.10114894610817,153.69671669320428,136.05897082292998
2023-03-08,144.7944319160846,154.1545136511876,135.6361943365107
2023-03-09,144.47853334883862,153.70681883862497,135.51588996681488
2023-03-10,144.4658943064154,153.35211690455597,135.47276098910163
2023-03-13,144.9215830839952,153.77916779658685,135.4812881030759
2023-03-14,144.96309407913466,153.6206020628455,136.21199436520385
2023-03-15,145.00794379419523,154.50205971393106,136.06498273850397
2023-03-16,145.05091544762152,153.62600282174117,136.66342054070316
2023-03-17,145.40007259934305,154.56303187685805,136.923162969985
2023-03-20,146.91615707929202,156.14639522903147,137.8814494130622
2023-03-21,147.28950037289678,155.56310617200592,138.6622725462888
2023-03-22,147.64937228331718,156.1254435924794,138.45314052979114
2023-03-23,147.98746851187235,156.97690354282005,139.00035287994376
2023-03-24,148.60916721751408,158.05865457277773,139.62418244450714
2023-03-27,150.78720886718253,159.18489145613665,141.9695872422879
2023-03-28,151.3249521558476,160.26121339150123,142.5136457819523
2023-03-29,151.8201176291771,161.6456350047773,143.47836402480058
2023-03-30,152.26452001568433,161.08333117491682,143.10642901875045
2023-03-31,152.96410188449957,162.0935582207042,144.44173049387408
2023-04-03,155.21690440870495,163.5715029192221,147.10114744568128
2023-04-04,155.7322017921185,164.4287672030373,146.3515727717638
2023-04-05,156.18472435295604,164.63997865812223,147.38223685452178
2023-04-06,156.56867919100245,165.64528076885446,147.91096591289295
2023-04-10,159.15216939926216,167.76581437153223,150.0832324678884
2023-04-11,159.55621272253197,168.4141019558115,150.22938068990442
2023-04-12,159.8946903929542,168.93097525606092,151.45691029148162
2023-04-13,160.16396034659027,169.115015248518,151.61204657313792
2023-04-14,160.6744263915354,169.93662465890537,151.7935211433058
2023-04-17,162.31772434001297,171.14183171299786,153.7426467783651
2023-04-18,162.62830100214134,171.1144193386311,153.9963342809337
2023-04-19,162.8806911979279,171.02471053042396,153.49753308537717
2023-04-20,163.0717161680399,172.55298674512463,154.7386198626006
2023-04-21,163.51201796401537,172.39596277463278,154.76150745446367
2023-04-24,164.99281104022785,173.73759064093744,156.4582450721896
2023-04-25,165.2642898378575,174.46418010933394,156.3930484154546
2023-04-26,165.4843850586563,174.1310597065997,156.99859001496495
2023-04-27,165.6493854976001,173.61637194114843,156.96450252119533
2023-04-28,166.06938349446403,175.18902299282146,157.83043458658406
2023-05-01,167.5184300209885,176.0112690837144,159.5635607483201
2023-05-02,167.78760702823718,176.4292451298172,159.07165004901813
2023-05-03,168.00902200791916,176.9028649260228,159.081324387962
2023-05-04,168.17879741207497,176.5165206007479,159.19975199494908
2023-05-05,168.60696170462643,177.24552071393285,159.44034406787742
2023-05-08,170.10165841864404,178.73946096101878,161.64206451389992
2023-05-09,170.39377488208422,179.53107452740795,160.90572740584207
2023-05-10,170.64247201648303,179.77077623206034,161.40566260723492
2023-05-11,170.84420513853223,178.8347285222446,161.1323146036657
2023-05-12,170.83673004337234,179.74050497012863,162.56369483402133
2023-05-15,171.0572831127736,180.33779077794475,161.91322764805818
2023-05-16,170.9361795598449,179.68262824653883,161.8762575023245
2023-05-17,170.77744685913402,180.03538048946115,161.74187249032718
2023-05-18,170.57738834122026,179.06505635276352,162.43377748290726
2023-05-19,170.64607783362362,179.225986453089,161.52043874357253
2023-05-22,171.1223844906387,180.26807037745922,162.0124840630849
2023-05-23,171.09336290182702,179.6829790604025,162.43219791408782
2023-05-24,171.02872612181625,179.46815957471722,161.32336745942587
2023-05-25,170.92381261456566,179.22939649295216,161.56528287543
2023-05-26,171.0876833498298,179.49381108607872,162.40163362585653
2023-05-30,171.89580815488205,181.28172542841835,162.7382068930945
2023-05-31,171.91179970651297,180.4791930860561,162.81622916277047
2023-06-01,171.88219569795817,180.37238324274378,163.0597220249503
2023-06-02,172.11557364442234,181.6657836929941,162.7939740532855
2023-06-05,173.0391784832102,182.189306645512,164.4572370426822
2023-06-06,173.14085038267186,181.9847101601106,164.43216958529868
2023-06-07,173.19704083392165,182.31768873289022,164.9006084802939
2023-06-08,173.20318913004547,181.5799894256804,164.70155097312465
2023-06-09,173.46880553589915,182.6369928230525,164.51196508299162
2023-06-12,174.4795576562417,183.4038326126276,165.5113725124321
2023-06-13,174.61140982924098,182.65860604162802,166.4368477892868
2023-06-14,174.70060095364667,183.64272150184917,165.64802968863177
2023-06-15,174.74388210036057,183.17509749658413,165.4561499488911
2023-06-16,175.05197920633012,183.0999533567913,166.01503762952782
2023-06-20,176.43625131543592,184.98772730380335,167.78374202900673
2023-06-21,176.6062473875633,185.64635865854544,167.552257633302
2023-06-22,176.73842666306638,185.94975579876163,167.73187508042594
2023-06-23,177.14289445278405,186.01057014037534,168.06689712542234
2023-06-26,178.64532284981257,187.0797141455084,169.8224273269115
2023-06-27,178.96268532686253,187.61766894766316,169.47601314273535
2023-06-28,179.24502501456956,187.8835836225541,170.28416431203448
2023-06-29,179.48633239518034,188.89945224341778,170.83876586236468
2023-06-30,179.99404512310525,189.10133233065355,170.98063240515307
2023-07-03,181.74287969782284,190.06277020508688,172.80552624659228
2023-07-05,182.42647581022916,190.91062898289988,173.2757398948846
2023-07-06,182.67810043858253,191.4783853220308,173.51051289525728
2023-07-07,183.17232528720288,191.23422259850764,174.6657142261892
2023-07-10,184.7245598968837,193.72545520613872,176.02354346979513
2023-07-11,184.9741115378605,193.682343566222,176.27333858885203
2023-07-12,185.1424730839935,194.18240431864868,176.62382454730087
2023-07-13,185.22247209072296,194.2487590036569,176.57369100900078
2023-07-14,185.5213052426165,194.11641787872762,176.46280819359137
2023-07-17,186.3704971839047,194.6954631217379,177.96732235567478
2023-07-18,186.35791276653012,195.1145454813093,177.43264956198894
2023-07-19,186.25692550596656,194.97781696553807,177.6131448403642
2023-07-20,186.0648758365959,195.46486627941457,177.03142130471758
2023-07-21,186.09368549801005,194.53788134826615,177.42076418050337
2023-07-24,186.19325063649268,195.14102185133572,177.25532728616363
2023-07-25,185.96662743122513,194.95900994949574,177.11553535354864
2023-07-26,185.67677602242446,194.74239236357042,176.8354171222847
2023-07-27,185.32481322976844,194.51613823120442,176.9364726452545
2023-07-28,185.22591300446607,194.22461683443248,176.2249625153892
2023-07-31,185.15847121895268,194.15169978149672,176.75516040638965
2023-08-01,184.95218454533835,193.1440350943232,175.49124272545913
2023-08-02,184.7206600193656,193.34618707982358,176.36980778670335
2023-08-03,184.46376265455024,193.15689623179028,175.4942467108373
2023-08-04,184.49458776221303,193.2899445762982,175.39438149565518
2023-08-07,184.99179460622258,194.43121019768222,176.26169718810687
2023-08-08,185.01789035120277,193.57986295124329,175.77332937029405
2023-08-09,185.03220208968997,194.46679048370498,176.1618269419077
2023-08-10,185.02874718368426,194.15570410494436,176.5093730226633
2023-08-11,185.31448929223424,194.0570513476675,177.05815579994174
2023-08-14,186.52244485466085,195.51532857164386,178.00369329820631
2023-08-15,186.74693839937282,195.39958760969222,178.34431052910705
2023-08-16,186.9308162714339,196.39372749204514,178.448586508909
2023-08-17,187.0630345072532,195.9298553394383,177.2307150480311
2023-08-18,187.44611528842788,196.7892859150357,178.7152133288236
2023-08-21,188.6830053214874,197.80209054862792,179.6365534387407
2023-08-22,188.82273582256647,196.6844974911959,180.03273127464757
2023-08-23,188.87362486532865,197.82536936220058,179.87566618941676
2023-08-24,188.82546828777373,198.5086602935791,179.90173350868898
2023-08-25,188.98259222472785,197.7259934950142,180.61473916942026
2023-08-28,189.2998250124294,198.55764891096726,180.4356605195742
2023-08-29,189.06708248652862,197.9670705059524,180.2872360370784
2023-08-30,188.7216214720158,196.9923809104082,180.33973133514448
2023-08-31,188.2595080417426,197.10911123886055,179.0212979208474
2023-09-01,187.99171121453824,197.41155969819116,178.70843252068613
2023-09-05,186.40506008290325,194.21498872947126,177.9093429778586
2023-09-06,185.6828524116606,194.37377185607087,176.4916155823341
2023-09-07,184.87294393774894,194.31736220118583,176.3580678305983
2023-09-08,184.2917035607807,192.8288321395473,175.28456332899205
2023-09-11,182.6466831784668,191.9037918286683,173.64044395201867
2023-09-12,181.87747073849354,190.70134923324656,173.28272618132547
2023-09-13,181.17096925066878,189.8388581068343,171.88151912078996
2023-09-14,180.42688066515134,189.00978831213249,171.65017843413295
2023-09-15,179.9610271566206,188.05004749059074,171.08888549406703
2023-09-18,178.94084005353912,188.38270799295336,170.3828830694704
2023-09-19,178.46252901311962,187.7964942815204,169.63363079130613
2023-09-20,177.97865295516723,186.9386646555767,168.70572288373097
2023-09-21,177.48666492638444,186.85539993743717,168.48840473926404
2023-09-22,177.29701616275005,185.90781931276774,169.0236134659517
2023-09-25,177.19279781741076,185.94323343074026,167.8293251668719
2023-09-26,177.02951373682131,185.47893904532333,167.93386586238682
2023-09-27,176.85607128031052,185.58280982939388,168.07780608742667
2023-09-28,176.66465304680074,185.30727189503278,167.25843039500498
2023-09-29,176.76084864177975,185.3054680091326,167.75018098201522
2023-10-02,177.38508469939703,186.40320414375284,168.61343253724223
2023-10-03,177.41110121108338,185.96918423457464,168.61371701729468
2023-10-04,177.39665149720793,186.13434101904642,168.33731691473093
2023-10-05,177.33285388754928,185.77895606278958,168.16404452556856
2023-10-06,177.5249448091997,186.20336409292076,168.39598123437594
2023-10-09,178.25311994724217,187.30180392747732,169.3208496137075
2023-10-10,178.2578078988797,186.59311086580203,169.47028509616325
2023-10-11,178.19800619083307,187.0752148334317,168.8731112093338
2023-10-12,178.0678551432399,186.49236425281748,169.0888204746976
2023-10-13,178.1759272625453,187.11582577070814,169.12870318309888
2023-10-16,178.58227341352912,187.15033166301393,169.49283668932105
2023-10-17,178.46883424491108,186.91585948123654,169.71629611227976
2023-10-18,178.29155213702828,187.54479349140712,169.62663737707624
2023-10-19,178.04796708916535,186.26271073776874,168.4177494115289
2023-10-20,178.04979237872652,187.13614810231013,169.43738534465663
2023-10-23,178.2069212602974,187.47992151122943,169.34438101787407
2023-10-24,178.04043996513056,186.80644951678576,169.2559658320916
2023-10-25,177.82750175631358,186.47896094910064,169.72209099919374
2023-10-26,177.56641569256064,186.8336226619725,169.42371684023874
2023-10-27,177.5692361016707,186.44643075384815,168.71763656357686
2023-10-30,177.83777692819095,186.73737564407634,168.90040444267885
2023-10-31,177.74196796356435,186.47316358916663,169.09003406334705
2023-11-01,177.61443285104212,185.92751430447112,167.9000910694007
2023-11-02,177.4519190233085,186.0339383898482,168.5039918483148
2023-11-03,177.56476470693985,186.56099505733545,168.49721250951032
2023-11-06,178.21371039679948,187.213541384785,169.2721410595066
2023-11-07,178.2552848822642,187.37652451724242,169.29159784646285
2023-11-08,178.26744999664757,187.11523173844932,170.06899029827534
2023-11-09,178.24532196460217,187.23132531748496,169.45594789833447
2023-11-10,178.4977516677996,187.21463157406842,169.2911642998063
2023-11-13,179.7288812223107,188.28473918097433,170.51604551847078
2023-11-14,179.95560467990595,188.28246679566615,170.77270350056452
2023-11-15,180.14731754823202,188.53464890974746,171.42913416215282
2023-11-16,180.29870335498677,189.67005539351877,171.95594645715175
2023-11-17,180.7183272696187,189.3251825680623,171.60281841735014
2023-11-20,182.23141191351124,191.2165316880918,173.38385809431782
2023-11-21,182.5391088701089,190.9683117842421,173.35625304350162
2023-11-22,182.80538725444762,191.5158371462897,173.58629124425556
2023-11-24,183.50649088056406,191.88310641679325,174.00373233455957
2023-11-27,185.16637892162316,194.26024794591564,176.46320893883083
2023-11-28,185.50933800780035,193.92146577892257,177.00652806896673
2023-11-29,185.8034226009401,194.545195090699,177.00285526802443
2023-11-30,186.04284206413345,194.9992036704864,177.8580088279488
2023-12-01,186.5355504855012,194.87659650191398,177.2614836707869
2023-12-04,188.16986909496217,197.00931074013815,179.8479755964714
2023-12-05,188.48181904603618,197.26542716726868,179.65815318286786
2023-12-06,188.7322275640156,197.71852256386106,180.18234385580215
2023-12-07,188.91448254824004,197.35600730669972,179.75306874560886
2023-12-08,189.33578166308382,197.79122503944998,180.69429735871833
2023-12-11,190.66447276038514,199.80310610274256,181.65286395853016
2023-12-12,190.8428568044057,200.16670155536684,182.1019384525888
2023-12-13,190.94371310697636,199.57976656999884,181.62766267330497
2023-12-14,190.96067415496483,198.7447965057756,182.07298545299145
2023-12-15,191.20142530973476,199.98030501435872,182.16044406255023
2023-12-18,191.90564949398203,200.4092117305034,182.9737988996364
2023-12-19,191.85245280620518,200.48335750482505,183.41189244807882
2023-12-20,191.71272542419337,200.37758195679083,182.85412539951108
2023-12-21,191.482067159676,200.45277010815914,182.8304619740764
2023-12-22,191.4703288569853,200.46540029615272,183.1340723992271
2023-12-26,191.11128753392663,200.1142489061722,182.6121433818114
2023-12-27,190.7319937575917,198.9180156093748,182.47341181247646
2023-12-28,190.27225577115058,199.14981035442216,182.23650808439788
2023-12-29,190.04452007017912,199.10483450559337,181.48229953130442
2024-01-02,188.99991015207044,198.26178929189567,180.49795252412977
2024-01-03,188.50411389785518,196.95056576635494,179.5456030653464
2024-01-04,187.95310506851442,196.60510478776143,178.9363908515152
2024-01-05,187.66046772544618,196.16428276251835,179.25883289391902
2024-01-08,187.026708711009,195.75141333011834,177.87207659106838
2024-01-09,186.6311127208125,196.15599954851092,177.90301181820857
2024-01-10,186.2075902798127,194.98864063015148,178.2622552189419
2024-01-11,185.75489931769638,194.89082274403344,176.79246102471095
2024-01-12,185.58534641552967,194.60971602998515,177.07251217050708
2024-01-16,185.287528888704,193.93943095558734,176.76719461462955
2024-01-17,185.08800106669824,194.2579151659629,176.22876258384318
2024-01-18,184.8702556684863,193.27733011766952,175.94024188709412
2024-01-19,184.94352290436714,194.46085830669492,176.05444077231752
2024-01-22,185.55321342155787,194.54225390914655,176.89554731571477
2024-01-23,185.602201384299,194.8233128424887,176.58459459300775
2024-01-24,185.62841735148896,193.82187694061693,176.45264147665873
2024-01-25,185.62443570054452,193.9146329260747,176.4186544507725
2024-01-26,185.89631916050635,194.95640239754528,177.0389613177516
2024-01-29,186.9817435311584,196.00323912568524,178.65558873104254
2024-01-30,187.14060524165384,195.46170647934974,178.97770591676255
2024-01-31,187.24867101195886,195.5535630831528,177.58141368452556
2024-02-01,187.2967756945756,196.21678077153962,178.36544539290446
2024-02-02,187.58959084736802,196.76213242332094,179.7949639341407
2024-02-05,188.54266528137714,197.3570138901624,179.79929608933722
2024-02-06,188.5916401128214,197.69686872632323,179.1571984139587
2024-02-07,188.557620243859,197.44083059758339,178.7309938220148
2024-02-08,188.43249037841346,196.77709341359673,180.0984645239159
2024-02-09,188.52239402757922,196.61047476740416,179.6542502627279
2024-02-12,188.7094819596693,197.58993483160444,179.7789900876192
2024-02-13,188.45954401020137,196.250432913921,179.9452530932923
2024-02-14,188.11009149130078,197.5850317460574,178.88226874105237
2024-02-15,187.65661443748252,196.4187950173536,178.04271473923498
2024-02-16,187.40909926030537,196.11537743056232,178.76214009012602
2024-02-20,185.98828249203657,195.2633579534513,178.14191171767703
2024-02-21,185.31850218784757,194.0783635172938,175.81144918625787
2024-02-22,184.56078433686264,193.89311388764116,175.50097381022056
2024-02-23,184.02912120570736,193.64658323756314,175.55842111311216
2024-02-26,182.49512878526204,191.21886499268211,173.90458930617095
2024-02-27,181.74410586017666,190.81106262937791,173.29311916221798
2024-02-28,180.94131470292413,189.0211219695846,172.3917026539268
2024-02-29,180.0883379149496,188.8336510221741,171.41396325958067
2024-03-01,179.50060485080743,188.26709474202502,170.49292759617524
2024-03-04,178.0399792100912,187.4717099782998,168.49456706370896
2024-03-05,177.39335922797758,186.20249899982264,168.8534419434158
2024-03-06,176.73329285484724,184.9929255495879,167.37018010605678
2024-03-07,176.05957954220273,184.87881518196278,166.5316730089159
2024-03-08,175.68537141240017,184.46191456436577,166.5258318307839
2024-03-11,175.04151324662556,184.48971341699684,166.43631674976209
2024-03-12,174.71422649123215,183.88409216628193,166.16268296238138
2024-03-13,174.39047463211423,182.67516542452177,165.45929794865083
2024-03-14,174.06581865591613,183.12361211103826,165.20527527812754
2024-03-15,174.09311710189874,183.1788961005335,165.34425283207074
2024-03-18,174.66061930396026,183.46921810604965,165.7036262474244
2024-03-19,174.7253437685497,183.66540267753697,165.05619520764319
2024-03-20,174.78115239259884,183.56587917941818,166.15465797716794
2024-03-21,174.82007669831162,183.9263708339668,166.6646126398125
2024-03-22,175.14774223850952,183.97331543033692,166.67423938750096
2024-03-25,176.47564956408274,185.442561105785,168.20516701968754
2024-03-26,176.74061170403073,185.47744375426032,168.15544765447493
2024-03-27,176.9680611565861,186.15244451737271,168.48683275439925
2024-03-28,177.149562412494,185.4770765040696,168.15447386365508
2024-04-01,179.0914830596671,188.11904497425982,170.35241589550915
2024-04-02,179.36233251904622,188.7845920270961,170.83300428267071
2024-04-03,179.5727394318027,188.57740658416725,170.25586543916904
2024-04-04,179.71642875565638,187.949668592216,170.90829781198823
2024-04-05,180.1013830239706,188.6677402021209,171.02611384741542
2024-04-08,181.34817201630904,189.62253480987079,172.12618877304413
2024-04-09,181.51453970436694,190.29245668984973,172.43373817896972
2024-04-10,181.6147473265156,190.0585972088076,172.90931813946608
2024-04-11,181.6448805003439,191.27809505572364,172.4858150694018
2024-04-12,181.91511892158883,191.20723679039665,172.4711128281718
2024-04-15,182.8296721490612,191.96943414299807,173.9192865155432
2024-04-16,182.8943708717586,191.68344249010633,173.50127095088098
2024-04-17,182.899367517017,191.96517592418317,174.42683300533542
2024-04-18,182.84151577327987,191.5141372408647,174.19846461307583
2024-04-19,183.0315178060589,191.7890419692294,174.18326507128472
2024-04-22,183.75376080982238,192.11830262198166,174.65621462299873
2024-04-23,183.77018692802335,192.66679374772065,174.60437531160062
2024-04-24,183.73430680676256,192.79737231520602,175.06227820058146
2024-04-25,183.64250792539255,192.69667978887273,174.6439486851907
2024-04-26,183.80496920079042,192.630080573923,174.76272780006602
2024-04-29,184.4775983233757,192.61055390768271,175.06380119875553
2024-04-30,184.48681006357572,193.0926874905542,175.83306526017054
2024-05-01,184.44768492030613,193.10194149861846,175.08906517035626
2024-05-02,184.35631999569353,192.8872453231225,175.70062027257384
2024-05-03,184.52270241686685,193.3421892300973,175.601787101468
2024-05-06,185.22762118385322,194.14353859224826,176.3297366067581
2024-05-07,185.2547785074188,194.28568769383875,176.19222642652798
2024-05-08,185.2375572420147,193.84332182120443,176.69043421988778
2024-05-09,185.17235799952073,193.54511679547105,176.23772049607325
2024-05-10,185.36949779860888,193.60898544641617,176.29916660855335
2024-05-13,186.19743555953482,195.6048704234523,177.7422337014872
2024-05-14,186.27671144605503,194.6077364760688,178.0145361985335
2024-05-15,186.31741603558967,195.16150067049642,177.49081698061462
2024-05-16,186.31595102557333,195.65435198380396,177.7119826436635
2024-05-17,186.58251341230155,195.13992262368234,177.38695790296228
2024-05-20,187.64966518198068,195.9658859210305,179.17131081160193
2024-05-21,187.81726380404695,197.008957689527,179.22926380002872
2024-05-22,187.94940427084953,197.37160684988893,179.48832712183116
2024-05-23,188.04161967281794,197.5356050660963,179.27397930061235
2024-05-24,188.4031583570034,197.80646016163078,179.03861682069794
2024-05-28,190.01049531196523,198.48557940316672,181.0898960195853
2024-05-29,190.22898449351501,199.088348046434,181.37848267913904
2024-05-30,190.40306256863065,198.50502190181052,182.3586780377915
2024-05-31,190.8412926182918,199.23082222389274,181.02415674372762
2024-06-03,192.3857150317808,201.898358222622,184.08275237242503
2024-06-04,192.69596453638582,201.3312946561987,183.98206191174094
2024-06-05,192.96124057096213,201.63792960807942,184.65986738830208
2024-06-06,193.17675383885356,202.59135800213787,183.9366664523619
2024-06-07,193.65176720418276,202.75100091209376,184.33027716628035
2024-06-10,195.28831557767253,203.68485628732896,186.6883913647543
2024-06-11,195.62713090749983,204.85401147520884,187.39797652004845
2024-06-12,195.92209362097526,205.11832488598924,187.4193234974274
2024-06-13,196.16977681962123,205.3649004590238,187.19745329975967
2024-06-14,196.68077142031058,205.52440258638296,187.20238446260942
2024-06-17,198.4598617185592,207.65713882076136,189.72639033824598
2024-06-18,198.86078055031433,208.16709231463224,189.85932117261493
2024-06-20,199.55249722406018,208.59141427377315,190.71870931029426
2024-06-21,200.15041104540023,209.28428639008908,191.3375080790792
2024-06-24,202.2323239284826,210.6161772975272,192.92323998024114
2024-06-25,202.74408292789516,211.2861957992979,194.0069812974005
2024-06-26,203.22228070571293,211.74820424787822,194.53718728288206
2024-06-27,203.66144013419435,212.77954207183117,195.4812848535345
2024-06-28,204.3695300216997,212.79684034636728,196.12237523138745
2024-07-01,206.7396392467128,215.14910090603988,197.72604622320017
2024-07-02,207.3239937737399,216.30564703074975,198.59134902549562
2024-07-03,207.85842361300394,216.3830503402885,198.93279747190059
2024-07-05,209.0589306921613,217.83959676508766,199.8722435309759
2024-07-08,211.33063781327357,220.13904334970437,202.60129375840089
2024-07-09,211.8293780953856,220.98772613173588,203.8046124214087
2024-07-10,212.25102400215695,220.92604542656153,203.1941807969993
2024-07-11,212.58789064705067,221.80925844683713,203.92109711062497
2024-07-12,213.14656442824946,221.29329250160401,203.91401045847374
2024-07-15,214.7857765149764,223.389722254873,206.5482304035443
2024-07-16,215.0372717244764,224.33547156023374,205.77494739853552
2024-07-17,215.1992561437942,224.1208561698452,206.0010524758189
2024-07-18,215.2681644640326,223.49982622132885,207.11707000870058
2024-07-19,215.5550281942019,224.79880176077282,206.30608331329475
2024-07-22,216.4030949882991,225.0012867230992,208.01666079570822
2024-07-23,216.4150341795768,225.24883433557855,207.37277342295926
2024-07-24,216.35732848930795,225.59348110466917,207.27761756579824
2024-07-25,216.23070656336947,224.73801384284118,207.11154237277387
2024-07-26,216.35009246289468,224.45638277082824,207.42103111543616
2024-07-29,216.89492534014457,225.69248242774975,208.04606008310554
2024-07-30,216.87922416340055,225.8314208411724,208.45511091056434
2024-07-31,216.8322597697903,225.9854994824464,207.46885314279794
2024-08-01,216.75455187080425,225.75115941278096,208.87845954346776
2024-08-02,216.95998145555208,225.6057793234615,208.2010082510863
2024-08-05,217.96298629450726,226.5179407134281,208.30306843213688
2024-08-06,218.15525295631195,226.69195559312269,209.59628080849922
2024-08-07,218.3364386730662,226.7569781677183,209.4476414405768
2024-08-08,218.5017379899437,227.08022359442853,209.93465630517514
2024-08-09,218.95927437088935,227.95022617726744,209.8735945790824
2024-08-12,220.7116632990413,229.66239445056377,211.63987252874873
2024-08-13,221.13049219412983,230.61567240357843,212.5674627633531
2024-08-14,221.516430935685,230.35293037461443,212.95077421537388
2024-08-15,221.8590005774259,230.80664774625893,212.9311869793822
2024-08-16,222.46112580313013,231.20084295461717,213.75148467523545
2024-08-19,224.40870758949848,234.0177805631357,215.51606715269946
2024-08-20,224.80275300019548,233.47836004114802,215.2554016145499
2024-08-21,225.11600210205881,234.33874330928603,216.19204055106624
2024-08-22,225.33759867891953,234.07565750562551,216.7101699818049
2024-08-23,225.7710637555897,235.01919320883948,217.576203761778
2024-08-26,226.94685980820086,235.81264990679435,217.91764766318866
2024-08-27,227.00632174985344,236.04965766810201,218.57983238047538
2024-08-28,226.9539907966709,236.1462704272873,217.63001319823866
2024-08-29,226.78463618343824,235.63699934682802,218.50881164824102
2024-08-30,226.80793561900785,236.20512741730855,218.05364323282487
2024-09-03,226.3448587365769,235.54622145155673,217.70470189126584
2024-09-04,225.88804059237668,234.17208816164472,217.48199429498246
2024-09-05,225.33561429514606,234.27788045977687,216.88098224185495
2024-09-06,225.00335043198703,233.3016626758776,215.96232455777746
2024-09-09,224.05075018588212,232.95881745396665,215.32038518239793
2024-09-10,223.493881514311,232.78247214195787,214.206979076101
2024-09-11,222.88806002749394,231.9102590427554,215.22519657525658
2024-09-12,222.23611913054594,231.52231207278302,213.16165804847947
2024-09-13,221.85444640538515,230.18038139947612,213.58093157437608
2024-09-16,221.04657558124333,230.0489487265031,211.89841087482733
2024-09-17,220.62866395863654,229.45120709737233,210.91355906258386
2024-09-18,220.20170125106296,229.26653274910186,211.51233713027466
2024-09-19,219.76422287501723,228.20170688624626,211.6046859532727
2024-09-20,219.62777157945456,228.57896842397508,210.43068468253475
2024-09-23,219.6858520414272,228.28324171106885,211.15875432974624
2024-09-24,219.58083730057723,227.82231124157187,210.6232138562898
2024-09-25,219.46918784656873,227.95661819708994,210.62093075291858
2024-09-26,219.34379937122307,228.07126217110448,210.15752899793245
2024-09-27,219.51085717454623,228.20325191266093,210.53943949401324
2024-09-30,220.38071348729304,228.73646040138598,211.59234108031757
2024-10-01,220.50029786573523,229.32164357715692,211.7053181260356
2024-10-02,220.58527566175624,229.45927737013383,212.20667115584772
2024-10-03,220.62658467126533,229.51060714369441,211.3399029552508
2024-10-04,220.9291667846749,229.49605106947658,211.93650207582948
2024-10-07,222.01671518985464,230.61913274616344,213.4265566386564
2024-10-08,222.14863568514656,231.318924556443,214.02830503930568
2024-10-09,222.2187180689331,231.51274880953025,213.86804229600838
2024-10-10,222.22041178728645,230.86292655864455,213.0367891175533
2024-10-11,222.46158885454278,231.6033255395359,213.89887522491884
2024-10-14,223.26799349099315,232.30557288374814,213.73531610052476
2024-10-15,223.286045672617,232.56439456092977,214.80828635128844
2024-10-16,223.23839460289122,232.19405803498492,213.7856607198285
2024-10-17,223.1221187981428,231.2797714733105,213.75017500423732
2024-10-18,223.24854465468107,232.24000986552113,214.86506106314437
2024-10-21,223.76055552680762,232.52192627322611,214.67029401479883
2024-10-22,223.70558036243642,231.9229370269818,215.00713400403737
2024-10-23,223.6007119937425,232.84431403704934,215.10127085963364
2024-10-24,223.44434448462846,231.7678812849609,215.11666455625777
2024-10-25,223.548682112398,232.61449468996324,214.65067442610564
2024-10-28,224.10486804270374,233.61000430418554,214.86429770418562
2024-10-29,224.1002751584928,233.1281884991661,214.5890460743843
2024-10-30,224.0621755021424,232.02569325229086,215.2912936947539
2024-10-31,223.98766761414083,232.45861877349344,214.96927920810973
2024-11-01,224.18744094064417,233.2471257859813,215.09466073426114
2024-11-04,225.09404206641267,233.87727102655933,215.48081321779213
2024-11-05,225.22146890460363,234.12515209535187,216.80922726274758
2024-11-06,225.3199043080212,234.15569748869757,216.3018309227835
2024-11-07,225.38467544186383,234.50770147947816,216.10240373065218
2024-11-08,225.72480863919068,234.72146481491316,216.6343950337848
2024-11-11,227.04453509956102,236.5018915931491,218.23214294652792
2024-11-12,227.30306097341062,237.32878415854083,219.38139128575136
2024-11-13,227.5277685097852,236.14882183338634,218.73756438167337
2024-11-14,227.7133438994159,236.49153675822544,219.42870873461814
2024-11-15,228.16834105413074,236.47970955055672,218.90098166872096
2024-11-18,229.7944413645793,238.4956985408024,221.0142663861992
2024-11-19,230.14204654544412,239.49011238584436,221.6444162957972
2024-11-20,230.44934044436434,239.61152941933307,221.27213465821902
2024-11-21,230.71107712341282,239.48250649904477,222.1737092691433
2024-11-22,231.2358723889076,240.24826757416125,222.4832616386424
2024-11-25,233.03319057771623,241.82451998112876,224.59649952670608
2024-11-26,233.42479287372421,242.3572243963133,224.99509676101556
2024-11-27,233.76914230156746,242.80142720576998,224.57750181053163
2024-11-29,234.60726187120616,243.83802586644288,225.47188268331888
2024-12-02,236.4166406692685,244.62144774140543,227.6065050502609
2024-12-03,236.79186372897007,245.85593594534188,227.9076401625392
2024-12-04,237.10823777083766,245.86803536204698,228.7038487898856
2024-12-05,237.35925983582257,246.2832092814033,228.3654718018802
2024-12-06,237.85220847789472,246.61758109997166,228.90567174310817
2024-12-09,239.41342318286885,247.8070585543168,230.71514148889747
2024-12-10,239.67506199182395,248.4771707383148,231.1323977273018
2024-12-11,239.86187782287948,248.73688421917655,231.0681095427628
2024-12-12,239.96733051619515,248.75543470417483,231.17515957195627
2024-12-13,240.29888464301408,248.96099483164713,232.0075606102785
2024-12-16,241.2864852339285,250.17906361378814,232.1053653447973
2024-12-17,241.33022510788285,250.3331590732452,232.4026211772838
2024-12-18,241.2879928709844,250.31366630274977,232.11071265274308
2024-12-19,241.15493646198803,250.74284950136507,232.20926511525624
2024-12-20,241.24043447332414,250.37555038361177,231.63991240882265
2024-12-23,241.4666269308486,250.1177609627158,232.33657612515714
2024-12-24,241.2569277928997,249.61714410348162,231.7558660182793
2024-12-26,240.5909239440813,249.15943718824653,231.88610589166757
2024-12-27,240.44447424685586,249.3508310458465,232.3191729112634
2024-12-30,240.0594401451183,248.22022216817382,231.41532122287484
2024-12-31,239.68214869368768,248.25991780573034,230.92610686226894
2025-01-02,238.7475631718892,247.7958618840667,230.17921928026922
2025-01-03,238.50341590012002,247.83225253803033,229.8765211408925
2025-01-06,237.98522997692808,246.20666287879607,229.12251963380888
2025-01-07,237.6187317689316,245.7717123808309,228.9371273377269
2025-01-08,237.22001953620102,246.16860443108843,228.61294445946086
2025-01-10,236.63596085843105,244.69993096737613,227.9180657893623
2025-01-13,236.53780014954424,244.97065313962923,227.16582890430905
2025-01-14,236.35328648415086,245.44062687823052,227.683344048815
2025-01-15,236.15376395676648,244.7945641509632,227.39795766095327
2025-01-16,235.93568444751156,244.2567141879735,226.82879732166842
2025-01-17,236.00889104686436,244.51458131774643,226.66318584764497
2025-01-21,236.68228825270415,245.41212012237636,228.3028317471937
2025-01-22,236.71886956981493,245.3807317664127,227.97419118003887
2025-01-23,236.72902039817274,245.3091125477377,227.98374423670356
2025-01-24,237.01928761146047,246.10223510159676,228.15256851138514
2025-01-27,238.1894840562152,247.24104208708872,229.61522433818814
2025-01-28,238.38756494058438,247.1222776299774,229.93745986237153
2025-01-29,238.54071590023673,247.37638950168383,230.17197771111492
2025-01-30,238.63989863599366,247.53659200275447,230.75157981926031
2025-01-31,238.9898375117051,247.02674735350652,230.28288827183582
2025-02-03,240.14993422405607,248.54588939631023,231.3829380867172
2025-02-04,240.2792037972889,248.7232901462312,231.6624593461263
2025-02-05,240.3306316754583,249.5445137820588,231.43876309965793
2025-02-06,240.2956966584527,249.10775482272658,231.19465109144875
2025-02-07,240.48006658478738,248.95125477923162,231.61127842024314
2025-02-10,240.97048364406487,249.57793651385305,232.46703218326877
2025-02-11,240.826129948177,249.2996573345001,232.21985306929722
2025-02-12,240.58330638797392,249.58028876373115,231.41772004373297
2025-02-13,240.23674093991139,249.18326038232433,231.38416333777323
2025-02-14,240.09564054924675,248.89254637083283,231.38433811201597
2025-02-18,239.0799133595082,247.64960384936583,230.01691296357356
2025-02-19,238.5025144001985,247.65475254667822,229.57541988644485
2025-02-20,237.8322446375225,246.78857307335917,228.9025822285489
2025-02-21,237.38249913132836,246.84280803714302,228.60360470260864
2025-02-24,236.05617475817297,244.91037380816144,226.62069916797086
2025-02-25,235.36045788071212,244.82655575713372,227.31095751365646
2025-02-26,234.60563200922374,243.46165351672022,226.21233953421907
2025-02-27,233.7931967913295,242.68979976213535,224.2469657878647
2025-02-28,233.23859975589235,242.44034210316022,224.9045548572439
2025-03-03,231.83464158763508,240.3616005801527,223.00259170355818
2025-03-04,231.19371387789914,239.45963540440064,221.7277766005096
2025-03-05,230.53349249303642,239.33637386958227,221.20693399552846
2025-03-06,229.85434880274107,237.9643853662726,221.21994292942694
2025-03-07,229.47007530813883,237.7909971090645,220.50101405857367
2025-03-10,228.77541432196782,236.85062838221944,220.28167453247514
2025-03-11,228.42690772110163,237.3004549305826,218.84386568930776
2025-03-12,228.08113112959666,236.6365311503678,219.62207054433435
2025-03-13,227.73444828072417,235.95542379859052,218.53934392636256
2025-03-14,227.69645080316835,236.69552425948132,219.5746926644345
2025-03-17,228.08006656563794,236.84263329011495,219.16042525273517
2025-03-18,228.08967476442487,236.7610288727764,219.0463199389816
2025-03-19,228.0943834200487,237.75259301559944,219.43257014481327
2025-03-20,228.08666585169854,237.00100050095864,219.53956919017963
2025-03-21,228.3725051257354,237.21393012534816,219.26895592595025
2025-03-24,229.60607640360078,238.92314047391008,221.27274624116785
2025-03-25,229.8502778654819,238.44872712375317,221.3853868053197
2025-03-26,230.0622441105483,238.57946975424537,221.77048324852922
2025-03-27,230.2333790659845,239.0190154685327,221.82221594389128
2025-03-28,230.66907902108605,240.15874215071622,221.37689650946157
2025-03-31,232.17941875364343,241.47362967132068,223.3190599680834
2025-04-01,232.46082634905122,240.68625731528422,224.12230492002905
2025-04-02,232.68472214087495,241.19502309509,223.99424727861202
2025-04-03,232.8443532191983,242.07411956518166,223.63377710290976
2025-04-04,233.247219561684,242.0844205926042,224.24571652130652
2025-04-05,234.1045668892777,242.52580885005054,225.16766387503844
2025-04-06,234.41760279149787,242.91500878256656,225.91817316465426
2025-04-07,234.55487627880143,243.33478912132202,225.82447729246755
2025-04-08,234.74245331969865,242.91749579299938,225.934343346976
2025-04-09,234.86368105215314,243.49941035334598,225.9906029433508
2025-04-10,234.91431534414008,243.9228545608061,226.21608028862758
2025-04-11,235.2042517622382,243.61873540155085,225.78937255853484
2025-04-12,235.94697743648982,244.49423585100845,226.43149284065598
2025-04-13,236.1457523236313,244.73082572250075,227.12159277169778
2025-04-14,236.17096064957195,244.85390583499992,227.6614692303952
2025-04-15,236.25026551653932,245.41237069141528,227.2411192757937
2025-04-16,236.26835958821096,244.9227938108983,227.02169727173313
2025-04-17,236.2220865446626,245.23186251958552,227.1256093478355
2025-04-18,236.42217317930243,244.80174597227077,227.4644361038028
2025-04-19,237.0826892443165,246.1415948672745,227.72095568404836
2025-04-20,237.2072429842144,246.23466896039827,228.1219447489899
2025-04-21,237.16635241422276,246.4013126655943,228.57178625423958
2025-04-22,237.18762446683078,245.73489216860324,228.53575314134355
2025-04-23,237.15553394707368,246.12636963201822,228.43811926347732
2025-04-24,237.0665759354292,245.45096431220537,227.91793099319707
2025-04-25,237.23103040970153,246.13945475179392,228.9050139669633
2025-04-26,237.8624550773298,246.68468888158569,229.0434279770612
2025-04-27,237.9639132620742,246.86900105380468,229.32547693903007
2025-04-28,237.90537585834517,247.5890094237019,229.44539066681705
2025-04-29,237.91392851626645,246.98628953008767,229.10539114652252
2025-04-30,237.87357514929687,246.68791098813944,229.04141650354512
2025-05-01,237.780410690726,246.9230593900776,227.96451370381976
2025-05-02,237.9444013143621,246.46864310900355,228.73464352245216
2025-05-03,238.5788877268193,246.86247859571617,228.47758120295856
2025-05-04,238.68681817343486,247.9066144042159,229.77654281513773
2025-05-05,238.63815015553712,248.1482392808142,229.39002956246495
2025-05-06,238.66005219186795,247.5986222479942,229.748427749539
2025-05-07,238.63669706337797,248.08134955345932,230.11662627260512
2025-05-08,238.56441998036388,248.20063993113504,229.61684709074933
2025-05-09,238.75348054706595,247.97467854862933,229.0838616462696
2025-05-10,239.41754491559539,247.98591575514587,230.48897390681896
2025-05-11,239.55989565372496,248.47620845011292,230.28464520371827
2025-05-12,239.55080927531432,248.6599694262314,231.22046928488268
2025-05-13,239.61773375361295,249.0400844428147,230.50812069067499
2025-05-14,239.645058447563,248.03231433149705,230.80027324604518
2025-05-15,239.6292508407978,248.90657508377217,230.82267500256435
2025-05-16,239.88059986661432,248.53694580924483,230.4551233739756
2025-05-17,240.6126830153575,249.80893745021265,231.31177080689008
2025-05-18,240.82856543201257,250.14026825885833,231.87768846063943
2025-05-19,240.89817149015488,250.4044667839024,231.36434288284482
2025-05-20,241.04846153446516,250.3284195369602,232.0663329814657
2025-05-21,241.1632064136217,250.8468011524493,231.42106920499552
2025-05-22,241.23813420586617,250.2340363959465,231.58930952505824
2025-05-23,241.58268872084602,250.95302244996446,231.4190938472609
2025-05-24,242.4095165956738,251.5269780462265,232.88310294645984
2025-05-25,242.72069063471423,251.3882856895627,232.90222284583217
2025-05-26,242.88510915665034,251.99301958899778,233.58041457916408
2025-05-27,243.12870317482,252.5481343245284,233.4437797094123
2025-05-28,243.33424304854424,252.56496007631827,234.03936015751592
2025-05-29,243.49651793579292,253.63210657579435,234.47552860519147
2025-05-30,243.92412650432678,253.45882385251676,234.39935367375602
2025-05-31,244.82899457401635,253.9764684226425,235.40639077388815
2025-06-01,245.21262621281076,254.20683247730284,236.0158072504954
2025-06-02,245.44352697849524,254.9843506171745,235.75623660064494
2025-06-03,245.7474301524311,255.40936055917766,236.3597598330598
2025-06-04,246.00711674931145,255.8395197793195,236.42197420470947
2025-06-05,246.21760193647032,255.53935451667522,237.10587200278928
2025-06-06,246.6879258069086,256.0516209813968,236.8076165498398
2025-06-07,247.63066387119295,257.8556233052292,237.98469734542527
2025-06-08,248.04816370457277,258.3976745098034,238.37366495467776
2025-06-09,248.30994658599604,258.1664976950581,238.20876334030535
2025-06-10,248.64290535305378,258.7844489714108,238.9008634984468
2025-06-11,248.93108986338615,258.99820315525255,239.18659492006796
2025-06-12,249.1708535195849,258.7379355962739,238.90194336026107
2025-06-13,249.6725998236516,259.74590616166,239.47224406337298
2025-06-14,250.6502455213909,260.1708343109875,240.52647534754905
2025-06-15,251.10740811064593,260.8033279830381,240.4148362483808
2025-06-16,251.41475799390906,262.105405812908,241.89115267588332
2025-06-17,251.8001680092564,262.1590949779714,241.91637538331096
2025-06-18,252.14845326291237,262.00760832387704,242.18777657882893
2025-06-19,252.4564762310035,262.2252058561993,241.71554079161672
2025-06-20,253.0348575392642,263.5573098818548,242.6971808457905
2025-06-21,254.09741031108678,264.6966515534078,243.18006454140234
2025-06-22,254.64730703240053,266.64697099344255,243.349800481411
2025-06-23,255.054420193806,265.3464410020208,244.32846728177793
2025-06-24,255.5454701942323,266.0170578073902,244.88871894929107
2025-06-25,256.00377392134453,266.57798807022857,245.4130948219793
2025-06-26,256.4243691873012,266.95997277048036,244.93837116428355
2025-06-27,257.11575534402147,267.8058750432515,246.5384066256931
2025-06-28,258.2893675812739,269.3436612610212,248.0257929453885
2025-06-29,258.94579316813434,269.5232651885953,247.8095391953234
2025-06-30,259.4521699196964,270.2140362610433,248.1104467601776
2025-07-01,260.03239912281106,270.7067937195947,248.64060942549395
2025-07-02,260.56696484043397,272.15169843778307,249.2668606391185
2025-07-03,261.04813306677585,271.7227096647953,249.77889736315794
2025-07-04,261.7817691813381,272.9607471139073,250.60427799401418
2025-07-05,262.97688920622505,273.5043152163103,251.1631428516124
2025-07-06,263.6319510570132,273.771501548182,252.50048911841472
2025-07-07,264.1123239819433,275.7792694512265,251.60076095733254
2025-07-08,264.6405663758202,275.91963677403476,253.52132563743774
2025-07-09,265.0963019370721,276.4177318138053,252.91166449471876
2025-07-10,265.47146584081446,277.2315735935829,253.56870211124013
2025-07-11,266.07215778083184,278.0904062755014,254.36289685737546
2025-07-12,267.108216042232,278.60678575835954,255.1086464409149
2025-07-13,267.57951774735267,279.36782698965715,255.623381464533
2025-07-14,267.85344275239476,280.6107453928319,255.43158071896607
2025-07-15,268.15513102178426,280.7523072355581,254.71015110369285
2025-07-16,268.3673234655374,280.887700508117,256.0516196714939
2025-07-17,268.48555831437767,280.2966537448926,255.39329418278928
2025-07-18,268.8199606712018,280.5817780461432,255.9003503583574
2025-07-19,269.5847405586941,281.2687420794826,257.482250714184
2025-07-20,269.7844061144778,282.5609979076367,256.772888933395
2025-07-21,269.791131239838,282.5917803965617,256.84153169064285
2025-07-22,269.83490963701934,282.1026007094285,257.79175270031936
2025-07-23,269.8032875597283,283.21218095392635,256.69936109406655
2025-07-24,269.6964498670751,282.8507164460006,256.90383559469507
2025-07-25,269.8288996505893,283.1160610713793,257.07249692863917
2025-07-26,270.41884943577577,283.11545579237855,257.6549840925837
2025-07-27,270.47433327495605,283.52792522714526,257.1854034491123
2025-07-28,270.37048161843626,283.67322052651156,257.1677276364086
2025-07-29,270.33959332904453,283.39968922224244,257.2733888122687
2025-07-30,270.2707993797509,284.1760769605174,257.043776003902
2025-07-31,270.165094765373,283.2762727681265,256.8384851517001
2025-08-01,270.3369805112183,284.51250493723325,256.15617613679234
2025-08-02,271.00383502020765,285.47301493022707,257.6870815951592
2025-08-03,271.1720249053081,284.63619288911786,257.2567258076492
2025-08-04,271.21419758765444,284.4123376843293,258.4835145591146
2025-08-05,271.35938996583155,284.5591189244507,257.9626186358108
2025-08-06,271.4927471787246,285.45398464068774,257.1043810680066
2025-08-07,271.61062702448174,285.1046256440228,257.2538219300397
2025-08-08,272.02233051695765,286.42705225653054,258.8024499322865
2025-08-09,272.9395760157392,286.1247873185597,259.1435153294454
2025-08-10,273.3627249068323,287.21520909959423,258.3897911490673
2025-08-11,273.65819862937207,287.46912806047044,259.32663426034264
2025-08-12,274.04871861091675,288.81889065675125,259.658567513191
2025-08-13,274.4131601973711,289.71936627023763,260.6282106221417
2025-08-14,274.74179307986213,289.88353140880366,259.9758582952576
2025-08-15,275.3381455891977,289.3316763436333,260.7718666852209
2025-08-16,276.40860720783814,292.5629008015559,262.47473191052535
2025-08-17,276.94877428982477,292.15663998754496,261.54686046153455
2025-08-18,277.32097596977314,292.55526387250814,261.90870897156594
2025-08-19,277.7446092509186,292.2536702320381,262.14500377818666
2025-08-20,278.0960720905299,293.5280140128515,263.5187218478887
2025-08-21,278.3640650786274,294.09743490225463,262.4724532018166
2025-08-22,278.8514975828821,294.3486617666229,263.43275993392854
2025-08-23,279.76511165829265,295.3146906081493,264.5318188744514
2025-08-24,280.1018281337545,295.2742207317218,264.0065213576206
2025-08-25,280.22625176664064,297.06676523071866,263.8517614122568
2025-08-26,280.3609648567513,296.232348112544,263.416462961861
2025-08-27,280.38639902198554,296.77000529525964,263.7557966565488
2025-08-28,280.2960570775323,297.62596898537333,264.49538852039166
2025-08-29,280.3983226672483,298.17236725728156,264.2820349121628
2025-08-30,280.9059731088601,298.6867080120221,265.17033176806063
2025-08-31,280.8224023635457,298.44592364876024,264.05139008222704
2025-09-01,280.5189937946253,296.3367092494932,263.33125970163553
2025-09-02,280.2252750888563,297.284500469975,263.9396217910461
2025-09-03,279.82864816165807,297.5367967672636,262.2218813606251
2025-09-04,279.32946916917183,296.4312808017785,261.235245548635
2025-09-05,279.04271944288166,297.17850476416044,262.03911101057827
2025-09-06,279.1873858864037,295.9261847028376,262.1295983372797
2025-09-07,278.7725606607176,296.5733514790807,260.5973868806947
2025-09-08,278.1747025078965,295.58908505444464,260.23594220863646
2025-09-09,277.62769447911546,295.90916056062593,259.7093524273078
2025-09-10,277.0224929328081,294.61339561687,258.9324746120298
2025-09-11,276.36214457659725,294.4974813157825,258.4837536370249
2025-09-12,275.96341358968317,295.3868815517913,257.5554917651258
2025-09-13,276.04613813123456,294.09521078270814,258.12625083569026
2025-09-14,275.6193263581809,294.50038839831063,255.76395219870184
2025-09-15,275.0584341284413,293.43557800349674,256.99277004334346
2025-09-16,274.59545851953476,294.0212737341027,254.78490363091214
2025-09-17,274.1186409513011,293.8441872492966,254.68537392386153
2025-09-18,273.627555198981,291.91971402891903,253.93969565951366
2025-09-19,273.4348204765934,292.2805555514844,254.31370698704325
2025-09-20,273.75555671929214,294.08295678014787,253.3905858198757
2025-09-21,273.59358974791286,292.9788810628901,254.04257216723047
2025-09-22,273.31884585041365,293.64405726517225,254.62622823315544
2025-09-23,273.15756713428135,294.3928068559414,253.4828917070481
2025-09-24,272.9921385969167,291.8363262016662,253.29811123974494
2025-09-25,272.8162993621917,293.6448962803481,252.35895334390818
2025-09-26,272.936975496992,293.8802573797308,251.2851838155474
2025-09-27,273.5638489076533,294.95986790769416,253.84774171441472
2025-09-28,273.6956675689739,294.61010765566783,253.36570367145737
2025-09-29,273.69773444331275,293.466816323928,252.6759601275016
2025-09-30,273.7922045676804,295.74737601813166,252.6020073985926
2025-10-01,273.8579797201052,294.3208703294669,252.29605249220614
