Price,Close,High,Low,Open,Volume
Ticker,AAPL,AAPL,AAPL,AAPL,AAPL
Date,,,,,
2020-01-02,72.71607208251953,72.77659819422657,71.46681225027338,71.72101896406637,135480400
2020-01-03,72.0091323852539,72.77176000550182,71.78397699623217,71.9413434276417,146322800
2020-01-06,72.5829086303711,72.62164622763687,70.87607527260708,71.12786596061405,118387200
2020-01-07,72.24153900146484,72.84921605109494,72.02122310005907,72.59258596559819,108872000
2020-01-08,73.40364837646484,73.70627893727402,71.943758846659,71.943758846659,132079200
2020-01-09,74.96280670166016,75.15648731833909,74.1323901596974,74.38417348369161,170108400
2020-01-10,75.13227081298828,75.69880172853615,74.62869680726308,75.19764374317383,140644800
2020-01-13,76.73739624023438,76.76403156194864,75.33077049304826,75.4494066541484,121532000
2020-01-14,75.70121765136719,76.88511195829709,75.57774940600967,76.67448226895164,161954400
2020-01-15,75.37679290771484,76.38394823058523,74.94342390604251,75.5002685322302,121923600
2020-01-16,76.32101440429688,76.4323877854954,75.55838676505513,75.92154348740286,108829200
2020-01-17,77.16593933105469,77.16835535095495,76.26288724448004,76.57035717765905,137816400
2020-01-21,76.64298248291016,77.23613375865908,76.50498121824681,76.79308601074507,110843200
2020-01-22,76.91658020019531,77.47099402402007,76.82215592624772,77.1296258918447,101832400
2020-01-23,77.2870101928711,77.3669014145498,76.42027207993955,76.96985393819801,104472000
2020-01-24,77.06427001953125,78.27963174807223,76.8730054274966,77.5339532626897,146537600
2020-01-27,74.79817962646484,75.48090862271498,73.81281265158368,75.06691204410036,161940000
2020-01-28,76.91416931152344,77.08606141566885,75.5825947326495,75.68185845150586,162234000
2020-01-29,78.52415466308594,79.37394362780475,77.80752757594179,78.55078999397739,216229200
2020-01-30,78.41035461425781,78.46361788035526,77.1707812088342,77.60415017442514,126743200
2020-01-31,74.93376922607422,78.1222814840406,74.63840142844815,77.69859859170077,199588400
2020-02-03,74.72796630859375,75.89732764326911,73.16881293673191,73.67238698147514,173788400
2020-02-04,77.19502258300781,77.38628720994407,75.93123677650955,76.33797057002913,136616400
2020-02-05,77.82447814941406,78.62584328517734,77.21921702642419,78.32562874403418,118826800
2020-02-06,78.73478698730469,78.73721039613278,77.53637437960353,78.09563507421905,105425600
2020-02-07,77.66454315185547,78.48237001870756,77.17190518543269,78.23241099940878,117684000
2020-02-10,78.03343963623047,78.03343963623047,76.1648155367922,76.24489635857795,109348800
2020-02-11,77.56262969970703,78.60372465740163,77.3442200863521,78.53092392160836,94323200
2020-02-12,79.40457153320312,79.409422447038,78.01401820106558,78.01401820106558,113730400
2020-02-13,78.8391342163086,79.16675238353734,78.47026476188894,78.67411425559266,94747600
2020-02-14,78.8585433959961,79.10850246780329,78.34891601878451,78.80757547409223,80113600
2020-02-18,77.41461181640625,77.59662109183667,76.34924730268484,76.53125657811528,152531200
2020-02-19,78.5357894897461,78.76633753940254,77.65729255269991,77.65729255269991,93984000
2020-02-20,77.7300796508789,78.78573476731503,77.222881436687,78.29552586031969,100566000
2020-02-21,75.9706802368164,77.766511287534,75.35185156797284,77.32240444012415,129554000
2020-02-24,72.36201477050781,73.81808861613008,70.19004239437265,72.13875426152481,222195200
2020-02-25,69.91097259521484,73.41768758581995,69.4377529242665,73.03425797216033,230673600
2020-02-26,71.02001953125,72.28923357582319,69.5275449173606,69.53482499231708,198054800
2020-02-27,66.37757873535156,69.40621629434781,66.24167904417651,68.21709029357726,320605600
2020-02-28,66.33873748779297,67.56427105877654,62.21562305087625,62.431610947009084,426510000
2020-03-02,72.51492309570312,73.15317015362184,67.39682304876307,68.50343887480543,341397200
2020-03-03,70.2118911743164,73.77441717355254,69.35765634090362,73.69433636090781,319475600
2020-03-04,73.46863555908203,73.62880458228122,71.13649400429283,71.93976087414214,219178400
2020-03-05,71.08554077148438,72.69449642985231,70.71909308665877,71.71650028960082,187572800
2020-03-06,70.14152526855469,70.57592284013839,68.24863164787311,68.43549184953756,226176800
2020-03-09,64.59388732910156,67.48661751740467,63.824591466108316,64.00660075736148,286744800
2020-03-10,69.24604034423828,69.5129887846972,65.37045555760074,67.25607654604191,285290000
2020-03-11,66.8410873413086,68.24620108036899,65.97472137640763,67.31674360006403,255598800
2020-03-12,60.24020767211914,65.52333058622261,60.18439253845632,62.11126440817364,418474000
2020-03-13,67.45748901367188,67.93071607578169,61.38565875889742,64.28325061879912,370732000
2020-03-16,58.77928924560547,62.87327957704444,58.24296696218062,58.71619032815072,322423600
2020-03-17,61.36381530761719,62.516536915107906,57.854675154192996,60.06548110830406,324056000
2020-03-18,59.86162567138672,60.66974714775329,57.544040589745045,58.18714213130372,300233600
2020-03-19,59.40297317504883,61.35896558109421,58.87636011980493,60.036365596883776,271857200
2020-03-20,55.63174819946289,61.11386719257989,55.330824836574074,59.98540735898822,401693200
2020-03-23,54.449893951416016,55.45215955190559,51.595989830091725,55.350234801464175,336752800
2020-03-24,59.9126091003418,60.10917855165599,56.859706000541046,57.35962428486816,287531200
2020-03-25,59.58256149291992,62.671864767772384,59.286492755183524,60.8517718897151,303602000
2020-03-26,62.71797180175781,62.77621240154902,59.78640854897909,59.82523808416542,252087200
2020-03-27,60.12130355834961,62.09428153233142,59.95385443702902,61.33712415208677,204216800
2020-03-30,61.83704376220703,62.0093475048291,60.52414930589501,60.849342024154396,167976400
2020-03-31,61.71085739135742,63.700824970274866,61.1551239655883,62.028770074863594,197002000
2020-04-01,58.463802337646484,60.35912485054445,58.03183398758983,59.82037714150967,176218400
2020-04-02,59.43938064575195,59.49277033542223,57.49066808175266,58.32548464424578,165934000
2020-04-03,58.585140228271484,59.626231543601605,57.99300285608874,58.9224639013772,129880000
2020-04-06,63.69595718383789,63.85126789213967,60.519289974644046,60.88815938708916,201820400
2020-04-07,62.958213806152344,65.93588999958892,62.85386360925453,65.7174729657415,202887200
2020-04-08,64.56959533691406,64.88507503558087,63.39503001062034,63.76147021932345,168895200
2020-04-09,65.0355453491211,65.54032183594127,64.23713674062121,65.20785277807086,161834800
2020-04-13,66.3120346069336,66.42124311579434,64.5113532264987,65.1131997931994,131022800
2020-04-14,69.66102600097656,69.95224385539356,67.47691431078215,67.95014147271534,194994800
2020-04-15,69.02520751953125,69.48629628080043,68.1030299969929,68.53256929355807,131154400
2020-04-16,69.57364654541016,69.94009422345636,68.5204205220071,69.7410956561746,157125200
2020-04-17,68.6296157836914,69.636739522461,67.18810198275611,69.08828263215949,215250000
2020-04-20,67.20509338378906,68.35781862849281,67.18568232250739,67.45263070247596,130015200
2020-04-21,65.12776184082031,67.28275253901889,64.41428499057956,67.04735361351801,180991600
2020-04-22,67.0036849975586,67.4405043108994,66.05723821466911,66.39940914673265,116862400
2020-04-23,66.74401092529297,68.37481424450658,66.7051813931717,66.94786041444767,124814400
2020-04-24,68.67089080810547,68.6806000437413,67.22209658899173,67.27063536119402,126161200
2020-04-27,68.71941375732422,69.05188279302438,67.93798710304658,68.38693731564892,117087600
2020-04-28,67.60552978515625,69.36495298340253,67.51331796268283,69.18294368703222,112004800
2020-04-29,69.8260498046875,70.29684778168853,68.89416308692655,69.0980126121264,137280800
2020-04-30,71.2990951538086,71.47625350962926,69.97649890054853,70.36720857906009,183064000
2020-05-01,70.15123748779297,72.56103877053023,69.36981062017894,69.46688076275679,240616800
2020-05-04,71.14379119873047,71.27241079901312,69.4838673851674,70.17550415897956,133568000
2020-05-05,72.21157836914062,73.04639490337159,71.45927182415636,71.60488073705282,147751200
2020-05-06,72.95658874511719,73.58997737842726,72.52947133643356,72.9153300566067,142333600
2020-05-07,73.71133422851562,74.05837090774547,73.28179496479571,73.58514378532654,115215200
2020-05-08,75.46576690673828,75.51930110394392,74.04468608439737,74.37319104788544,133838400
2020-05-11,76.65324401855469,77.1496439064148,74.76251932824728,74.97179206318708,145946400
2020-05-12,75.77725982666016,77.79208148134276,75.65559183440632,77.33947268862552,162301200
2020-05-13,74.8623046875,76.88199755928032,73.78189245874619,75.95731647939719,200622400
2020-05-14,75.32220458984375,75.38303857132479,73.373081446864,74.09822517948626,158929200
2020-05-15,74.87690734863281,74.92314177584109,73.05188761996168,73.08595821938853,166348400
2020-05-18,76.64109802246094,77.01583751017019,75.51202293913698,76.20553196590271,135178400
2020-05-19,76.19823455810547,77.50737593072427,76.16659969162133,76.65813571214994,101729600
2020-05-20,77.68014526367188,77.75070734904016,77.02069943070256,77.05963407747018,111504800
2020-05-21,77.10100555419922,78.08408497746194,76.86253362412333,77.54144307709652,102688800
2020-05-22,77.59739685058594,77.68013017413679,76.73598559499173,76.83818252513326,81803200
2020-05-26,77.07179260253906,78.89924040659268,77.01582266467501,78.71917419280368,125522000
2020-05-27,77.40760803222656,77.55361111108796,76.18606403867054,76.92824326203885,112945200
2020-05-28,77.441650390625,78.70456430922319,76.80411151901345,77.0815105842542,133560800
2020-05-29,77.36621856689453,78.1473247460618,77.00851448794498,77.68498800975172,153532400
2020-06-01,78.31767272949219,78.43934069786921,77.18859041846218,77.31999390359594,80791200
2020-06-02,78.68024444580078,78.70457952577789,77.6071320252172,78.05000523231972,87642800
2020-06-03,79.11337280273438,79.37617975384588,78.42716372886015,79.00144035927285,104491200
2020-06-04,78.4320297241211,79.2350352304067,78.05729035571069,78.93573682356579,87560400
2020-06-05,80.6658706665039,80.72670465644849,78.65348495250613,78.68268407951567,137250400
2020-06-08,81.1427993774414,81.17686997307266,79.64872058754821,80.36169309987528,95654400
2020-06-09,83.70513916015625,84.09934224911986,80.78997894985643,80.82161381457999,147712400
2020-06-10,85.85865783691406,86.32829444981938,84.21614013366542,84.65657762001017,166651600
2020-06-11,81.73653411865234,85.42550756039871,81.63433719073035,84.99966970000351,201662400
2020-06-12,82.44222259521484,84.63224629678102,81.32774713453523,83.88277478636243,200146000
2020-06-15,83.4617919921875,84.1163662672843,80.92866395631923,81.09170230417108,138808800
2020-06-16,85.67372131347656,85.94626382585014,83.88277221688082,85.52285420682057,165428800
2020-06-17,85.55448913574219,86.48159854763982,85.43282115595484,86.42076455774615,114406400
2020-06-18,85.58855438232422,86.00709250366052,84.97777878565866,85.51068509788405,96820400
2020-06-19,85.09944915771484,86.76386617293707,83.9874020783935,86.29666530516798,264476000
2020-06-22,87.32598114013672,87.469548475875,85.44742709501291,85.49366152486377,135445200
2020-06-23,89.18993377685547,90.61345070235802,88.15332015682368,88.57429406296431,212155600
2020-06-24,87.61555480957031,89.7398806476171,87.24081531062652,88.81763517839552,192623200
2020-06-25,88.77870178222656,88.81763643178542,87.00965180666661,87.77129464423196,137522400
2020-06-26,86.05091857910156,88.89551726808526,85.9024797442669,88.6740805971195,205256800
2020-06-29,88.03409576416016,88.12900036647599,85.47906782275209,85.95844002880014,130646000
2020-06-30,88.76893615722656,89.05607817208544,87.60092677069302,87.6203903758588,140223200
2020-07-01,88.60104370117188,89.39188548967921,88.55238096980085,88.84681537177396,110737200
2020-07-02,88.60104370117188,90.14866410882917,88.48668294073944,89.51112514748854,114041600
2020-07-06,90.97113800048828,91.44077455841791,90.00265833546331,90.03429319420877,118655600
2020-07-07,90.68888092041016,92.1318614031436,90.57694845637647,91.35075503882443,112424400
2020-07-08,92.8010482788086,92.83268314668187,91.58193255368658,91.66953737441453,117092000
2020-07-09,93.20011901855469,93.75005330101985,92.14890576952082,93.69651908668872,125642800
2020-07-10,93.36312103271484,93.4215267013521,92.18051206363427,92.79371588915501,90257200
2020-07-13,92.93244171142578,97.29058984952216,92.7183048684692,94.67229242141129,191649200
2020-07-14,94.4703140258789,94.6625440704525,91.37508059280022,92.31191801469724,170989200
2020-07-15,95.12002563476562,96.60194074558854,93.91794539378512,96.35130500289155,153198000
2020-07-16,93.94957733154297,94.8085529497705,93.3485372297674,93.98851197519926,110577600
2020-07-17,93.759765625,94.55790717010848,93.2852575959958,94.4021760380504,92186800
2020-07-20,95.73565673828125,95.8743600058145,93.50183459957924,93.84737490055309,90318000
2020-07-21,94.41434478759766,96.60436824916565,94.16370906625916,96.52893470179353,103433200
2020-07-22,94.67959594726562,95.36336945972936,94.0274573004929,94.11505468915274,89001600
2020-07-23,90.37010955810547,94.48978555792418,89.55736834691913,94.41191626887031,197004400
2020-07-24,90.1462173461914,90.49175759896814,86.7687137944106,88.5621056532968,185438800
2020-07-27,92.28270721435547,92.37517604739952,90.9881658298064,91.21203070620747,121214000
2020-07-28,90.7667465209961,92.02966071554671,90.7618750492638,91.85202279586937,103625600
2020-07-29,92.50659942626953,92.69153713216036,91.21448607300921,91.2509849817971,90329200
2020-07-30,93.62593841552734,93.73057108721883,91.26801256876887,91.67681516469625,158130000
2020-07-31,103.42752075195312,103.57838786224833,98.13739181757805,100.142485220989,374336800
2020-08-03,106.03365325927734,108.6616788722299,105.01651064537003,105.31580914804157,308151200
2020-08-04,106.74175262451172,107.83676443958547,105.49830201297321,106.22344584387962,173071600
2020-08-05,107.12865447998047,107.44985972369943,105.99470803547494,106.46191633779561,121776800
2020-08-06,110.86628723144531,111.36269464253704,106.87071514088169,107.46201970975673,202428800
2020-08-07,108.34566497802734,110.84435557432207,107.54608428478957,110.38605796245164,198045600
2020-08-10,109.92042541503906,110.94184176665887,107.260843161199,109.79609796621773,212403600
2020-08-11,106.65142059326172,109.68153802602951,106.390579904866,109.18180291672903,187902400
2020-08-12,110.19590759277344,110.45430815645663,107.55095084699191,107.74596761374468,165598000
2020-08-13,112.1460952758789,113.15288579947423,111.09054684512458,111.58053628624776,210082000
2020-08-14,112.04615020751953,112.13634564305688,110.23002598166595,111.97058065669567,165565200
2020-08-17,111.7536392211914,113.19678878679046,111.12470373878634,113.17240982775472,119561600
2020-08-18,112.6848373413086,113.11144299917184,111.16855864835527,111.50496887171911,105633600
2020-08-19,112.82624053955078,114.24501107161466,112.73117227554131,113.09439419603572,145538000
2020-08-20,115.32980346679688,115.4443778648386,112.85061167913358,112.86767769232154,126907200
2020-08-21,121.27303314208984,121.7581423853081,116.28052490809851,116.29271066660041,338054800
2020-08-24,122.72350311279297,125.5781103847472,120.85131508513315,125.49278030711304,345937600
2020-08-25,121.7166976928711,122.06286102018731,119.98833606258718,121.59237766186422,211495600
2020-08-26,123.37193298339844,123.83023059467142,121.96778837684518,123.03796284565955,163022400
2020-08-27,121.8971176147461,124.31048594480565,120.74893328437697,123.97651575626536,155552400
2020-08-28,121.69963073730469,123.29391171689831,121.47535476838321,122.87461898845491,187630000
2020-08-31,125.82671356201172,127.7379133155527,122.86242044091328,124.40307797475816,225702700
2020-09-01,130.83876037597656,131.44333179825284,127.27965542096419,129.4541217539587,151948100
2020-09-02,128.1279296875,134.54407923935742,123.83750248216614,134.1637914410611,200119000
2020-09-03,117.86993408203125,125.6317192300971,117.49939923565937,123.74978578666541,257599600
2020-09-04,117.94795227050781,120.61972095191703,108.12870745933931,117.08011491662583,332607200
2020-09-08,110.01065063476562,116.02700868136228,109.87413739256252,111.11250964380896,231366600
2020-09-09,114.39859008789062,116.17326959342994,112.38988895508609,114.34008654092767,176940500
2020-09-10,110.66394805908203,117.49939194752987,109.69860244063993,117.36287872631232,182274400
2020-09-11,109.21105194091797,112.36062394434131,107.26085458483016,111.71705524591432,180860300
2020-09-14,112.48738861083984,113.04319458206483,109.99113827543115,111.86332602698766,140150100
2020-09-15,112.66291046142578,115.87098624147585,110.78096957645455,115.38343686650313,184642000
2020-09-16,109.33782196044922,113.11145686330157,109.25006664242188,112.36063408677491,154679000
2020-09-17,107.5924072265625,109.40609174489231,106.0029987247634,106.98785068006195,178011000
2020-09-18,104.17955017089844,108.11895013810333,103.4482260852904,107.65090688938564,287104900
2020-09-21,107.33887481689453,107.44613627717712,100.53268210169752,101.93682671673261,195713800
2020-09-22,109.02578735351562,110.04964400266275,106.4417816531773,109.87412593250646,183055400
2020-09-23,104.45257568359375,109.31831612573531,104.11128518620949,108.84051984457511,150718700
2020-09-24,105.52519226074219,107.5046416144481,102.38537296614106,102.55113797500798,167743300
2020-09-25,109.48409271240234,109.64011209223098,104.98888662302512,105.72996379838419,149981400
2020-09-28,112.09735870361328,112.44839487161504,109.97164299267533,112.14611662005213,137672400
2020-09-29,111.2490005493164,112.43862208344467,110.74195252856961,111.69755247153874,99382200
2020-09-30,112.9261703491211,114.3400678311443,110.79070940085708,110.95647438306982,142675200
2020-10-01,113.88179016113281,114.78863234602518,112.94569620243965,114.7106226562807,116120400
2020-10-02,110.20565795898438,112.49714598356358,109.42558341904119,110.07889779908955,144712000
2020-10-05,113.59901428222656,113.7452805953654,110.72247569462236,111.07351187039006,106243800
2020-10-06,110.34217834472656,113.22846975785129,109.45483490950848,112.81892262806667,161498200
2020-10-07,112.21437072753906,112.6726683499166,111.28802241183179,111.76582617611366,96849000
2020-10-08,112.10710906982422,113.5015006370164,111.73656676842208,113.35523433064257,83477200
2020-10-09,114.05731201171875,114.08656378648601,112.0583564226003,112.4093925986349,100506900
2020-10-12,121.30229187011719,122.06286774169322,116.30978334982996,117.07035922140598,240226800
2020-10-13,118.08446502685547,122.26763983658118,116.67057472065251,122.15062530057422,262330500
2020-10-14,118.1722183227539,119.96639642799329,116.6413136031742,117.98694718210373,150712000
2020-10-15,117.70416259765625,118.18195887523946,115.20791231870913,115.7637182773626,112559200
2020-10-16,116.0562515258789,118.52325764594907,115.85148167833091,118.25997681380653,115393800
2020-10-19,113.09195709228516,117.42139051387834,112.7799257876711,116.97284597845898,120639300
2020-10-20,114.58386993408203,116.01726645875162,112.75067930305906,113.3064853596234,124423700
2020-10-21,113.95979309082031,115.75397121203213,113.55024596366279,113.76476887802791,89946000
2020-10-22,112.86766815185547,115.10064494149853,111.73655015280667,114.5253328724893,101988000
2020-10-23,112.17536163330078,113.64776283593191,111.43428449669388,113.49174346426179,82572600
2020-10-26,112.18511962890625,113.64776782516624,110.0691495843626,111.17101598676972,111850700
2020-10-27,113.69652557373047,114.35959309602312,111.68782430299709,112.61416524411432,92276800
2020-10-28,108.43098449707031,112.55565572913613,108.33347610413212,112.1851208602056,143937800
2020-10-29,112.4483871459961,114.01829672297495,109.40607637880336,109.57184881965813,146129200
2020-10-30,106.14926147460938,109.20131819888869,105.0376493800456,108.2944759702273,190272600
2020-11-02,106.06149291992188,107.92393519387548,104.64760263945637,106.39303037953306,122866900
2020-11-03,107.68991088867188,108.71376013684448,106.0224928792937,106.9293350359113,107624400
2020-11-04,112.08758544921875,112.71164798231274,109.55233047859787,111.29775793314307,138235500
2020-11-05,116.06600952148438,116.64132168469465,113.95979997203881,115.01290102705485,126387100
2020-11-06,115.93415832519531,116.4323113514343,113.43359348677035,115.57274661299846,114457900
2020-11-09,113.61917877197266,119.15752589443073,113.35545115043828,117.7021241226147,154515300
2020-11-10,113.27729797363281,114.85967848302198,111.48001699164712,112.86705172692065,138023400
2020-11-11,116.7155532836914,116.8523020201072,113.7363758663505,114.46896157668391,112295000
2020-11-12,116.44206237792969,117.7314130027431,115.81692313270185,116.84254616591035,103162300
2020-11-13,116.49089813232422,116.89137444647928,115.13317320860197,116.66671900133667,81581900
2020-11-16,117.50676727294922,118.18074115273141,115.40668645392178,116.15880460888832,91183000
2020-11-17,116.61788177490234,117.86816024947451,116.19786565120255,116.77417031034764,74271000
2020-11-18,115.28946685791016,117.03790584258053,115.26016461858715,115.85600165898173,76322100
2020-11-19,115.88529205322266,116.29553826630797,114.09778111474732,114.85966906826211,74113000
2020-11-20,114.61549377441406,116.01229108300883,114.56665918945185,115.88531221940879,73604300
2020-11-23,111.2065200805664,114.88898878015578,111.1088434668693,114.45920273719096,127959300
2020-11-24,112.49585723876953,113.16006856523981,109.9757606660811,111.2651186400355,113874200
2020-11-25,113.33589935302734,114.03918287230827,112.49586708858041,112.86704864167184,76499200
2020-11-27,113.88289642333984,114.76200083857178,113.52149221259015,113.86336408177817,46691300
2020-11-30,116.28579711914062,118.16121511006692,114.09780201081131,114.25409056951283,169410200
2020-12-01,119.87056732177734,120.60315308283555,117.22349166609008,118.20027268083436,127728200
2020-12-02,120.22222137451172,120.50548879201791,118.08306834880034,119.1868283254981,89004200
2020-12-03,120.08546447753906,120.90595698113327,119.37241103320297,120.65199182191449,78967600
2020-12-04,119.41148376464844,120.0073208033349,118.69843031675794,119.75335564285018,78260400
2020-12-07,120.87666320800781,121.67762342572043,119.41149153275923,119.47009601504965,86712000
2020-12-08,121.49203491210938,122.07810955502222,120.23198635344457,121.4822724663765,82225500
2020-12-09,118.95240020751953,123.02557557317189,118.19051214801601,121.63854821088353,115089200
2020-12-10,120.37848663330078,120.99386342394624,117.36023696350695,117.70210881817248,81312200
2020-12-11,119.56776428222656,119.90963613747431,117.75095104891274,119.58729662299177,86939800
2020-12-14,118.95240020751953,120.48594622407741,118.71797483203729,119.75336040497812,79184500
2020-12-15,124.91075897216797,124.93029876658031,121.24783000590143,121.4529531337426,157243700
2020-12-16,124.84236907958984,125.38936401918039,123.62139290925586,124.45166266688068,98208600
2020-12-17,125.71171569824219,126.57128777488863,125.06703664075737,125.90706892352664,94359800
2020-12-18,123.71908569335938,126.10243373072133,123.19162305629168,125.96568498617573,192541500
2020-12-21,125.25263214111328,125.33077641507083,120.58361982974765,122.11716580798591,121251600
2020-12-22,128.81787109375,131.2891256020313,126.63963893467688,128.5541360749688,168904800
2020-12-23,127.91924285888672,129.35509717792385,127.7434145333038,129.09137704629174,88223700
2020-12-24,128.90579223632812,130.36120131987872,128.0559975194573,128.27089053594116,54930100
2020-12-28,133.5161895751953,134.15109122678413,130.41001842398242,130.87888400818076,124486200
2020-12-29,131.73841857910156,135.56739743508152,131.2207259598295,134.84458919922565,121047300
2020-12-30,130.6151885986328,132.8324861865817,130.30261144768895,132.43200230112197,96452100
2020-12-31,129.6090850830078,131.6114892963398,128.66160623432629,130.9668102005262,99116600
2021-01-04,126.40522766113281,130.5077047138714,123.81675662565017,130.419798004515,143301900
2021-01-05,127.96806335449219,128.6811241595061,125.44796678465465,125.8972925672046,97664900
2021-01-06,123.66046142578125,128.007140936444,123.4455684337253,124.75445872522663,155088000
2021-01-07,127.88018035888672,128.57370150076903,124.89123256509167,125.37962311713653,109578200
2021-01-08,128.98394775390625,129.5504825827211,127.20619899060827,129.3551144383391,105158200
2021-01-11,125.98521423339844,127.1475860544949,125.51636350795053,126.1903448095608,100384500
2021-01-12,125.80941772460938,126.67875237005914,123.91445986937111,125.51638039259869,91951100
2021-01-13,127.85087585449219,128.39787087837826,125.50660720798145,125.77032737017872,88636800
2021-01-14,125.9168472290039,127.95831602204765,125.77032113055597,127.76296279527958,90221800
2021-01-15,124.18795013427734,127.1964377514296,124.05120137461118,125.78987056372236,111598500
2021-01-19,124.86192321777344,125.72149530988855,123.9925886807919,124.81308118444944,90757300
2021-01-20,128.96441650390625,129.41374239946222,125.56522221027927,125.67266873501019,104319500
2021-01-21,133.69198608398438,136.42697536129248,130.48814618626398,130.6932767164714,120150900
2021-01-22,135.84095764160156,136.60284572356557,131.88499112094416,133.11572996769436,114459400
2021-01-25,139.60154724121094,141.72116035187767,133.36967931189386,139.74807334283994,157611700
2021-01-26,139.83596801757812,140.94949773337214,138.08752172506703,140.26575403148016,98390600
2021-01-27,138.76153564453125,140.949530910091,137.1498526175353,140.09972112639457,140843800
2021-01-28,133.9069061279297,138.6931420569465,133.52596212723918,136.28049175107478,142621100
2021-01-29,128.89601135253906,133.56502276186197,127.18664481426623,132.67614858488167,177523800
2021-02-01,131.02542114257812,132.23663511827664,127.88994713431293,130.64447709526527,106239800
2021-02-02,131.85569763183594,133.14504104670476,131.48451601180642,132.57850617042217,83305400
2021-02-03,130.830078125,132.6175895343007,130.5077385359951,132.60781218328634,89880900
2021-02-04,134.19992065429688,134.209683097199,131.46493128791656,133.13523310274124,84183100
2021-02-05,133.78419494628906,134.42983740127244,132.9037842725981,134.3613683130723,75693800
2021-02-08,133.93093872070312,133.979853741386,131.98423434096625,133.07008212234413,71297200
2021-02-09,133.0504913330078,134.87981130485002,132.89398418993693,133.6472186633411,76774200
2021-02-10,132.44398498535156,134.00917580672544,131.4755214853653,133.510263582445,73046600
2021-02-11,132.18968200683594,133.42226002186263,130.85927394263595,132.94291666374514,64280000
2021-02-12,132.42442321777344,132.58094529380088,130.78098619978562,131.42662856832374,60145100
2021-02-16,130.2918701171875,133.0505008941642,129.9005649144753,132.54182652078916,80576300
2021-02-17,127.99300384521484,129.34298072702467,126.65281892309615,128.39408609658847,97918500
2021-02-18,126.8875961303711,127.17127933958186,124.63763974131737,126.38868386598486,96856700
2021-02-19,127.04412841796875,127.86586203753853,125.99741851978176,127.40608766559274,87668800
2021-02-22,123.2583236694336,126.89738013381545,122.86702591113955,125.2245820305238,103916400
2021-02-23,123.12136840820312,123.95287146533934,115.81390958217581,121.0670645425184,158273000
2021-02-24,122.62247467041016,122.82790432920568,119.5703683530087,122.22139984991924,111039900
2021-02-25,118.35733032226562,123.70830769868415,117.91712502936959,121.96704059219421,148199500
2021-02-26,118.62146759033203,122.13334806816741,118.56276807411227,119.92252202962122,164560400
2021-03-01,125.00936126708984,125.1463143475527,120.11815849803577,121.05726853408818,116307900
2021-03-02,122.39746856689453,125.91913329199494,122.28986150205843,125.61588108930245,102260900
2021-03-03,119.40404510498047,122.97462478338886,119.18883097909638,122.09420675176463,112966300
2021-03-04,117.51605224609375,120.91054865889173,116.03891416723145,119.10080486208311,178155000
2021-03-05,118.7779769897461,119.28666630320659,115.01175200979323,118.34755618226085,153766600
2021-03-08,113.82807922363281,118.36711510668628,113.68134163784862,118.29863856177148,154376600
2021-03-09,118.45515441894531,119.40404902510528,116.2052054457975,116.43998110747732,129525800
2021-03-10,117.36933135986328,119.51167358003067,116.85085748034945,119.04212218796035,111943300
2021-03-11,119.30622863769531,120.52902944875325,118.62146316885641,119.87361000523832,103026500
2021-03-12,118.3964614868164,118.5334145770574,116.5671562971472,117.78017258073191,88105100
2021-03-15,121.29206085205078,121.30184534868131,117.79974189337008,118.76820554841954,92403800
2021-03-16,122.83768463134766,124.45178328205833,122.00618152746164,122.96485323576835,115227900
2021-03-17,122.04529571533203,123.12135885064626,119.6779478615808,121.35074580559845,111932600
2021-03-18,117.90734100341797,120.4996801450081,117.7019113683554,120.20620497298519,121229700
2021-03-19,117.37909698486328,118.787765950923,117.07584476265258,117.2910589061766,185549500
2021-03-22,120.70511627197266,121.17467507978692,117.64322564652812,117.71170219523187,111912300
2021-03-23,119.87361907958984,121.53662532316353,119.48232129775354,120.6464301462858,95467100
2021-03-24,117.47691345214844,120.22577469235176,117.45735192347425,120.14751365088765,88530500
2021-03-25,117.96603393554688,119.0127585740185,116.41063491697949,116.93888575254493,98844700
2021-03-26,118.57254791259766,118.83667706674994,116.33237593563868,117.731260359211,94071200
2021-03-29,118.74861145019531,119.91272001144294,118.10297661337523,119.0029560651281,80819200
2021-03-30,117.29106140136719,117.78018175127832,116.27369017794591,117.49649105272375,85671900
2021-03-31,119.49210357666016,120.83228856558793,118.51386287192022,119.00298322429019,118323800
2021-04-01,120.32360076904297,121.47792504243581,119.82469594439944,120.96924318486211,75089100
2021-04-05,123.16049194335938,123.41483658685715,120.3920692786332,121.17466473706477,88651200
2021-04-06,123.4637680053711,124.36374773217551,122.91595555660055,123.74745872730865,80171300
2021-04-07,125.1169662475586,125.13652777442142,122.41702027412508,123.09200863332921,83466700
2021-04-08,127.52346801757812,127.5528140466846,125.72350857412272,126.14414494249527,88844600
2021-04-09,130.10601806640625,130.1451411281215,126.65282945773264,126.97565069226758,106686700
2021-04-12,128.38429260253906,129.9592604537893,127.78756528183514,129.63643928749713,91420000
2021-04-13,131.50489807128906,131.72990419313948,129.059296173719,129.5582085139557,91266500
2021-04-14,129.15711975097656,132.06249585390395,128.79517546483183,132.0038037995852,87222800
2021-04-15,131.57333374023438,132.0624539400122,130.73204639954596,130.90813743338322,89347100
2021-04-16,131.2407684326172,131.73966578761528,130.37991188899602,131.37772152575985,84922400
2021-04-19,131.90594482421875,132.52224111291792,130.4385840810419,130.60488317405677,94264200
2021-04-20,130.21360778808594,132.5809482656911,128.9418920136985,132.08205092978312,94812300
2021-04-21,130.59512329101562,130.8396834469913,128.44299690378307,129.4799295768372,68847100
2021-04-22,129.069091796875,131.23099557668175,128.55062537401983,130.1451477062781,84566500
2021-04-23,131.3972930908203,132.17987368023367,129.2842896751612,129.2842896751612,78657500
2021-04-26,131.78857421875,132.12117243879302,130.65381154555584,131.89618128132474,66905100
2021-04-27,131.46575927734375,132.46356891164857,131.1918530917334,132.07226369879982,66015800
2021-04-28,130.67337036132812,132.08203909742446,130.18425010167056,131.38748176093378,107760100
2021-04-29,130.57554626464844,134.08744123271336,129.56795967816743,133.5004909237802,151101000
2021-04-30,128.59951782226562,130.65381415781053,128.21800457946676,128.91254705716273,109839500
2021-05-03,129.65599060058594,131.15271231319818,128.9614481976195,129.16687034568793,75135100
2021-05-04,125.06806945800781,128.6288723998823,123.9430911832169,128.3353972104989,137564700
2021-05-05,125.31262969970703,127.61148620627858,125.18545364222994,126.38868542828287,84000900
2021-05-06,126.91694641113281,126.9267234439276,124.36373027215305,125.10719525066649,78128300
2021-05-07,127.59307861328125,128.6219640145826,126.87773920490686,128.22021545550038,78973300
2021-05-10,124.30059814453125,126.9365300969227,124.26140115764763,126.80915297265736,88071200
2021-05-11,123.37950897216797,123.732266941607,120.30260870284276,121.01794071068072,126142800
2021-05-12,120.30258178710938,122.13500147037169,119.79303596653406,120.91992491664598,112172300
2021-05-13,122.45838928222656,123.61467427312743,121.76265955967637,122.07622799062943,105861300
2021-05-14,124.8885498046875,125.31970922511546,123.32070756139703,123.71266999123503,81918000
2021-05-17,123.73224639892578,124.37898543365588,122.65435548376935,124.27119559453419,74244600
2021-05-18,122.34080505371094,124.43779545294035,122.27221218928985,124.01643714976464,63342900
2021-05-19,122.18399810791016,122.40937140960422,120.39077542858485,120.68474905590568,92612000
2021-05-20,124.75135803222656,125.15312155926449,122.585774870456,122.71316695271737,76857100
2021-05-21,122.90914916992188,125.42749785117249,122.69356946182035,125.25111513327683,79295400
2021-05-24,124.54559326171875,125.3687151634002,123.40891036785446,123.47750323665608,63092900
2021-05-25,124.34960174560547,125.74106867528869,123.78125662475325,125.25111005560896,72009500
2021-05-26,124.30059814453125,124.82974625336892,123.87923988060832,124.40838798944601,56575900
2021-05-27,122.76216888427734,125.07473909754313,122.56619139883931,123.89885923279118,94625600
2021-05-28,122.10562133789062,123.27170742078762,122.04682959457176,123.04632661129708,71311100
2021-06-01,121.78223419189453,122.8307291605157,121.44907105983727,122.56615887776788,67637100
2021-06-02,122.54656219482422,122.72294488332521,121.55686639229224,121.78223970334003,59278900
2021-06-03,121.05712890625,122.34079850429373,120.65536538181918,122.17421691048338,76229200
2021-06-04,123.35989379882812,123.62447159323195,121.36089230936066,121.57647200078277,75169300
2021-06-07,123.36969757080078,123.78125473088885,122.32120243854156,123.63426789483995,71057600
2021-06-08,124.19281768798828,125.87825834715188,123.67347065562662,124.05563196155543,74403800
2021-06-09,124.57496643066406,125.18250849792624,123.97722547889047,124.65336040245155,56877900
2021-06-10,123.57548522949219,125.61368389975463,123.40890362522711,124.46719247519351,71186400
2021-06-11,124.79054260253906,124.87873768733272,123.56566486306369,123.98702310448563,53522400
2021-06-14,127.85762023925781,127.9164119721912,124.51615800715713,125.25108457306293,96906500
2021-06-15,127.03453063964844,127.97524340485357,126.78955507030692,127.32850431328268,62746300
2021-06-16,127.53429412841797,128.25942730281437,125.87827159650314,127.74987385723517,91815000
2021-06-17,129.14129638671875,129.88603158210103,127.04430640625819,127.19130069845629,96721700
2021-06-18,127.8380355834961,128.86692083515925,127.62245592357515,128.0830111104863,108953300
2021-06-21,129.64108276367188,129.74887261931582,126.61318811711466,127.68127808078076,79663300
2021-06-22,131.28729248046875,131.38528868125076,128.97472269195052,129.47448238296937,74783600
2021-06-23,131.012939453125,131.6204890694468,130.55238415861209,131.08153979372707,60214200
2021-06-24,130.728759765625,131.93403531891448,130.2583959308748,131.74785150334102,68711000
2021-06-25,130.4347686767578,131.1990911159377,130.1407950573534,130.77774039141622,70783700
2021-06-28,132.07122802734375,132.53178329485237,130.66997494475694,130.72876668918406,62111300
2021-06-29,133.59010314941406,133.74689113033088,131.6499004799743,132.09085359319357,64556100
2021-06-30,134.20741271972656,134.64836572202546,133.1393079515186,133.4332816037582,63261400
2021-07-01,134.51116943359375,134.5699611689942,133.03150764945613,133.85463680142217,52485800
2021-07-02,137.14712524414062,137.18631475513712,134.9815346965724,135.12851405296138,78852600
2021-07-06,139.16574096679688,140.2730204949,137.25493430561346,137.25493430561346,108181800
2021-07-07,141.6645050048828,141.9780660151754,139.79288772853153,140.65519172092976,104911600
2021-07-08,140.36122131347656,141.16473348435932,137.84286503744906,138.73457978552972,105575500
2021-07-09,142.19361877441406,142.72275942044914,139.7830526150671,139.88104882276198,99890800
2021-07-12,141.5958709716797,143.3793001913862,141.10591986105104,143.27151034896303,76299700
2021-07-13,142.7129364013672,144.49636533984406,140.74333862999035,141.13529347583724,100827100
2021-07-14,146.15240478515625,146.56397686036559,144.71194737828577,145.1235194534951,127050800
2021-07-15,145.49586486816406,146.98532030046908,144.1338014981312,146.24060006037655,106820300
2021-07-16,143.4478759765625,146.7501414566327,142.9481312599128,145.47628061590362,93251400
2021-07-19,139.58706665039062,141.17451839605775,138.82274412371135,140.8609425122298,121434600
2021-07-20,143.21270751953125,144.1436266165373,140.08683190917176,140.57678303301844,96350000
2021-07-21,142.47776794433594,143.19310728596565,141.72325404739772,142.60516000969034,74993500
2021-07-22,143.84963989257812,145.2214969339576,142.8795313726681,143.00692343798204,77338200
2021-07-23,145.57421875,145.73100663699174,143.96718028862423,144.58452324858183,71447400
2021-07-26,145.99566650390625,146.81878094574583,144.73158401268006,145.2901355674368,72434100
2021-07-27,143.82028198242188,146.2112462731185,142.62479983707357,146.1230436919417,104818600
2021-07-28,142.06622314453125,144.0162339928002,139.67525927689903,141.89964155731053,118931200
2021-07-29,142.7129364013672,143.60465087060564,141.6742426029659,141.78203242839163,56699500
2021-07-30,142.9285430908203,143.38909834548167,141.21371414962817,141.4782919442919,70440600
2021-08-02,142.59536743164062,143.99662035248164,142.33078966013647,143.418481662853,62880000
2021-08-03,144.39840698242188,145.06473338535233,142.26221214218597,142.87955539064197,64786600
2021-08-04,143.9966278076172,144.81974208144462,143.34009511643663,144.3102036940969,56368300
2021-08-05,144.10446166992188,144.86878443654635,143.232349028408,144.02606767435452,46397700
2021-08-06,143.41749572753906,144.3694263865435,142.91700212338765,143.62359013779354,54126800
2021-08-09,143.36837768554688,143.9670141431112,142.80900442411368,143.47632901312474,48908700
2021-08-10,142.8875274658203,144.95821948179562,142.59311336897338,143.7118749573733,69023100
2021-08-11,143.14268493652344,143.98666406649497,142.81883091257257,143.32914770557306,48493500
2021-08-12,146.11624145507812,146.27326431640063,143.12305867466128,143.46654431198874,72282600
2021-08-13,146.32235717773438,146.65601957582584,145.50781781213945,146.19477421248263,59375000
2021-08-16,148.30470275878906,148.37340588044512,143.74133599773583,145.77276511297995,103296000
2021-08-17,147.39202880859375,148.85426118078644,146.31251533457103,147.4312770374107,92229700
2021-08-18,143.63340759277344,147.91218418583034,143.42731316940424,147.00932499319802,86326000
2021-08-19,143.96705627441406,145.2428409806357,141.80804406555308,142.32816925758922,86960300
2021-08-20,145.42926025390625,145.73348263655066,144.0455246026639,144.69323256382265,60549600
2021-08-23,146.92098999023438,147.39204365611192,145.13488842138761,145.54706225084624,60131800
2021-08-24,146.83262634277344,148.0495309623608,146.37138108229806,146.6657951809347,48606400
2021-08-25,145.59609985351562,147.519592250737,145.04653487560168,147.0190838087262,58991300
2021-08-26,144.79139709472656,146.34196428288527,144.76195717766552,145.58631977895118,48597200
2021-08-27,145.83164978027344,145.97884935283636,144.0946199514099,144.73250473188153,55802400
2021-08-30,150.26744079589844,150.63055805059383,145.84146538996188,146.22419927229765,90956700
2021-08-31,149.00148010253906,149.953410655414,148.4715316635546,149.81601938873746,86453100
2021-09-01,149.6687774658203,152.09276327892812,149.5019463135424,149.9828231462415,80313700
2021-09-02,150.78758239746094,151.83765609727,149.56086918246524,151.00348512126232,71115500
2021-09-03,151.42544555664062,151.749299563858,150.23798086351027,150.89549719045843,57808700
2021-09-07,153.7709197998047,154.33029310259397,151.51376504008468,152.08296162989393,82278300
2021-09-08,152.2203826904297,154.11442061539339,151.1114292056323,154.05554077983348,74420200
2021-09-09,151.1997528076172,153.20174194196827,151.0819781706379,152.59329705325342,57305700
2021-09-10,146.19476318359375,152.58347968661215,145.92978895826295,152.11242604398817,140893200
2021-09-13,146.7639617919922,148.5991198416723,145.97886239429423,147.82384373270557,102404300
2021-09-14,145.360595703125,148.25565069827465,144.17314576723558,147.54906273042073,109296300
2021-09-15,146.2536163330078,146.6559817546306,143.6431677103874,145.7923710886154,83281300
2021-09-16,146.0181121826172,146.19476666188248,144.47736826246071,145.67464148744824,68034100
2021-09-17,143.33895874023438,146.04755063760766,143.04454462427765,146.04755063760766,129868800
2021-09-20,140.27708435058594,142.141682080616,138.63819761482773,141.12106347538898,123478900
2021-09-21,140.75796508789062,141.9061817623882,140.1200802460814,141.24865034298253,75834000
2021-09-22,143.13287353515625,143.7020551685205,141.02291826849162,141.7589460412651,76404300
2021-09-23,144.09463500976562,144.33997763935906,142.9268016969767,143.91798052970498,64838200
2021-09-24,144.1829071044922,144.72266370609245,142.84824304168103,142.94638605088863,53477900
2021-09-27,142.6618194580078,143.24083941199348,141.14070721951342,142.75996249414771,74150700
2021-09-28,139.26629638671875,142.05338511565432,139.0503936707916,140.58132931134702,108972300
2021-09-29,140.16912841796875,141.75894358779652,139.3840291456937,139.81583449417113,74602000
2021-09-30,138.8639373779297,141.69028944644563,138.6480346518888,140.98370142931665,89056700
2021-10-01,139.99246215820312,140.2574363223273,136.5184180127203,139.25643446026405,94639600
2021-10-04,136.54786682128906,139.56068091563057,135.69407942788672,139.11905228846942,98322000
2021-10-05,138.48117065429688,139.59012394137855,136.76377254220841,136.89135547952526,80861100
2021-10-06,139.35459899902344,139.50179857153668,135.79221959896122,136.87173304580557,83221100
2021-10-07,140.6205596923828,141.53324196194288,140.06118634451136,140.39484869057674,61732700
2021-10-08,140.23782348632812,141.49397639424066,139.90416114584096,141.34677682476803,58773200
2021-10-11,140.1494903564453,142.11223095937743,139.16812005497925,139.6195569824435,64452200
2021-10-12,138.87374877929688,140.5813390210631,138.41250339746108,140.56170741611578,73035900
2021-10-13,138.284912109375,138.7657740406363,136.60676207042818,138.6087661510849,78762700
2021-10-14,141.0818328857422,141.19960754110554,138.87374902289935,139.46257737613493,69907100
2021-10-15,142.14169311523438,142.20057294661328,140.83646861307787,141.09163451508613,67940300
2021-10-18,143.81983947753906,144.1044303133813,140.4929943196034,140.77758515544568,85589200
2021-10-19,145.9886474609375,146.39101289718135,143.81982737932438,144.2712493533105,76378900
2021-10-20,146.4793243408203,146.96020117455672,145.36056280732043,145.92975937341998,58418800
2021-10-21,146.6952667236328,146.85228960669923,145.1152595272771,146.03775024713434,61421000
2021-10-22,145.91998291015625,147.38221538017035,145.87091138995885,146.90135341600217,58883400
2021-10-25,145.8708953857422,146.5872915835432,144.86989338673706,145.91014361287867,50720600
2021-10-26,146.5382537841797,148.0299261985199,146.23401634323616,146.54806209858722,60893400
2021-10-27,146.0769805908203,146.94057630434148,145.72368667066797,146.57747407165155,56094900
2021-10-28,149.72769165039062,150.3165049156438,146.9307799732344,147.02892300470535,100077900
2021-10-29,147.0093231201172,147.14671440910357,143.6824772890284,144.47738510205878,124953200
2021-11-01,146.18495178222656,146.9111563462423,145.0465584432789,146.214391698361,74588300
2021-11-02,147.22520446777344,148.7463317156188,145.8807167195942,145.89054000814804,69122000
2021-11-03,148.66783142089844,149.1388850965005,147.02894438379172,147.58831781584547,54511500
2021-11-04,148.14767456054688,149.59027519786,147.83362886091194,148.7561193854356,60394600
2021-11-05,148.6783905029297,149.5825671827827,147.47937001529485,149.2779007467471,65463900
2021-11-08,147.8528289794922,148.96340074214248,147.5776454448072,148.80614872335738,55020900
2021-11-09,148.2164764404297,148.8258093306056,147.47937439726354,147.61696617879937,56787900
2021-11-10,145.37615966796875,147.54816002545584,145.3073712836708,147.44005113894966,65187100
2021-11-11,145.32701110839844,146.86018071692627,145.14027622083057,146.39827730607036,41000000
2021-11-12,147.41055297851562,147.81349060792306,144.9437090957136,145.87736847526915,63804000
2021-11-15,147.42037963867188,149.26805319565037,146.86017499778418,147.78401177627345,59222800
2021-11-16,148.4032440185547,148.8848228581074,146.77178753815926,147.36147530102448,59256200
2021-11-17,150.8503875732422,152.33441420975052,148.39338089243975,148.40320352046666,88807000
2021-11-18,155.15505981445312,155.94130498570996,150.41795852638504,151.06661191740037,137827700
2021-11-19,157.78897094726562,158.25088939976666,153.83810003292044,154.93883421945299,117305600
2021-11-22,158.25086975097656,162.85037845622662,158.23120950112138,158.89950803243053,117467900
2021-11-23,158.63418579101562,159.01747824025801,156.32459347097884,158.34916461294523,96041900
2021-11-24,159.15505981445312,159.35161734057587,156.89461077309667,157.98552228891256,69463600
2021-11-26,154.11329650878906,157.69069791152225,153.67103827148128,156.82584169085234,76959800
2021-11-29,157.4842987060547,158.41795820454487,156.05922289657292,156.62925022109002,88748200
2021-11-30,162.457275390625,162.6734931658107,157.1697925187928,157.23859590016,174048100
2021-12-01,161.93638610839844,167.3712832030322,161.70050808933323,164.59977271543113,152052500
2021-12-02,160.94375610351562,161.3761916676954,155.08626072429414,156.01009761206393,136739200
2021-12-03,159.0568084716797,162.12316353860186,156.9732712438897,161.199326466995,118023100
2021-12-06,162.4769287109375,164.99290090063192,161.45480563613842,161.46462826318137,107497000
2021-12-07,168.2361602783203,168.62929035916358,165.44500418803963,166.17228359031526,120405400
2021-12-08,172.069091796875,172.93396293794615,167.76441134011625,169.16982694435688,116998900
2021-12-09,171.5580291748047,173.71036939014843,170.9290360750293,171.9020161028415,108923700
2021-12-10,176.3639373779297,176.54084965789616,171.68580203438307,172.19686362537885,115402700
2021-12-13,172.7177734375,178.99788287387983,172.51137824635225,178.0052424253983,153237000
2021-12-14,171.33200073242188,174.68336162152622,169.24846375567876,172.23617743924208,139380400
2021-12-15,176.21652221679688,176.41307975206385,169.34672613583356,172.09857661870694,131063300
2021-12-16,169.2975616455078,178.02485307706942,167.8135351956214,176.19683973657683,150185800
2021-12-17,168.19688415527344,170.48681666349563,166.7718229796349,167.00768607297093,195432700
2021-12-20,166.8307647705078,167.64649284258897,164.5801530989622,165.38604354598067,107499100
2021-12-21,170.01504516601562,170.22142533588615,166.21158850394502,168.60962950115896,91185900
2021-12-22,172.61947631835938,172.83569412545992,169.18948928424598,170.06418314156005,92135300
2021-12-23,173.24844360351562,173.80864829178057,172.25581836202977,172.82584567773912,68356600
2021-12-27,177.2288360595703,177.31728471510198,174.02490423380337,174.0445494930008,74919600
2021-12-28,176.20668029785156,178.2116060992947,175.45975568348982,177.0617287998104,79144300
2021-12-29,176.29515075683594,177.5236541153346,175.07647002650884,176.2460076232202,62348900
2021-12-30,175.1354522705078,177.4647050549678,175.02734336493052,176.38361599919477,59773000
2021-12-31,174.51626586914062,176.14770679713808,174.21158446445702,175.02731242664456,64062300
2022-01-03,178.87989807128906,179.7349465415521,174.65385883537695,174.77179035001552,104487900
2022-01-04,176.609619140625,179.7939048717263,176.0395918494563,179.48923847391032,99310400
2022-01-05,171.91184997558594,177.07156425536837,171.6366664137079,176.5211971316123,94537600
2022-01-06,169.04208374023438,172.28533602057317,168.68827412789958,169.73004270966848,96904000
2022-01-07,169.2091827392578,171.14530575776084,168.0887879718932,169.91680206563368,86709100
2022-01-10,169.2288055419922,169.53347199078678,165.27793434356843,166.17228843262194,106765600
2022-01-11,172.069091796875,172.1673630652104,167.88235785704865,169.35656184948618,76138300
2022-01-12,172.51133728027344,174.13295555388092,171.81355583992206,173.09118720876316,74805200
2022-01-13,169.2288055419922,173.5826144650006,168.835675449693,172.7570637657418,84505800
2022-01-14,170.0936737060547,170.79145523828697,168.14771352583708,168.39341420548664,80440800
2022-01-18,166.87991333007812,169.57278332194957,166.49662084966823,168.56049766865218,90956700
2022-01-19,163.3712921142578,168.13789130970082,163.0862859235723,167.07646257144611,94815000
2022-01-20,161.6808624267578,166.76195044943782,161.3565357449214,164.10838623013277,91420500
2022-01-21,159.6169891357422,163.46957389675498,159.50888023954428,161.59241715203612,122848900
2022-01-24,158.84056091308594,159.50887451917274,152.0395683138979,157.26808565686596,162294600
2022-01-25,157.0322265625,159.9609746399648,154.3196962957588,156.24598134135783,115798400
2022-01-26,156.94375610351562,161.56292551584528,155.1059199641222,160.6882317654177,108275300
2022-01-27,156.48182678222656,161.02236986801861,155.55798996472078,159.65627489219415,121954600
2022-01-28,167.4008026123047,167.4204628672782,160.0002987329338,162.8602584781643,179935700
2022-01-31,171.77423095703125,171.9904487208476,166.59485724513786,167.2336879096415,115541600
2022-02-01,171.60716247558594,171.83320287445497,169.34671349776292,171.01747491741384,86213900
2022-02-02,172.81600952148438,172.8553300243515,170.34918033798783,171.7447582622127,84914300
2022-02-03,169.9265594482422,173.20913145041823,169.15997463841794,171.47938931840278,89418100
2022-02-04,169.6411895751953,171.3239297234003,167.95844942699028,168.94250412955896,82465400
2022-02-07,168.92288208007812,171.1763613855954,168.22419643494246,170.1037450572418,77251200
2022-02-08,172.04229736328125,172.55401004838063,168.69650213361186,168.9917215679186,74829200
2022-02-09,173.4691619873047,173.8332574227617,172.1111616910851,173.24283360976247,71285000
2022-02-10,169.37547302246094,172.6818970805524,168.81456970826162,171.36326751968085,90865900
2022-02-11,165.95098876953125,170.32019416538782,165.3605499263947,169.5821531192089,98670700
2022-02-14,166.1871795654297,166.87601492289843,163.90416522012222,164.70124720629926,86185500
2022-02-15,170.03480529785156,170.19225765383757,167.53531296237668,168.24383354883068,62527400
2022-02-16,169.79864501953125,170.57604164188683,167.3385082183659,169.10980971830162,61177400
2022-02-17,166.1871795654297,169.1688644106395,165.78371349338204,168.30289138097328,69589300
2022-02-18,164.63238525390625,167.82071347120757,163.54008373100112,167.11220776829634,82772700
2022-02-22,161.6999053955078,164.03211066057264,159.56449308823295,162.3493702057695,91162800
2022-02-23,157.51768493652344,163.50072589040192,157.20278014132612,162.9004517631082,90009200
2022-02-24,160.14511108398438,160.25335773120963,149.57635530980806,150.14710899376973,141147500
2022-02-25,162.22145080566406,162.48713480856267,158.30490162446958,161.22754578023935,91974200
2022-02-28,162.48712158203125,162.78234102115098,159.84001180321536,160.4599711238184,95056600
2022-03-01,160.5977325439453,163.9435277104657,159.38734940316522,162.07381467213503,83474400
2022-03-02,163.90419006347656,164.69143702654492,160.3517510934881,161.76879262391375,79724800
2022-03-03,163.5794219970703,166.21669661748916,162.91027195360368,165.78371011148872,76678400
2022-03-04,160.56822204589844,162.9102773059474,159.51529120397137,161.86718160657645,83737200
2022-03-07,156.75991821289062,162.38871235198252,156.50405437853348,160.7551779306378,96418800
2022-03-08,154.92962646484375,160.2828882353304,153.31577681481363,156.28762721241978,131148300
2022-03-09,160.3517303466797,160.80440217190915,156.8681828813347,158.9051685561548,91454900
2022-03-10,155.9923858642578,157.83256370946663,153.49287802702014,157.64559087729302,105342000
2022-03-11,152.26278686523438,156.7402389691296,152.03645847766137,156.39581380133617,96970100
2022-03-14,148.2183074951172,151.66249879142745,147.70660988509843,149.03507466152865,108732100
2022-03-15,152.61708068847656,153.0894378821165,147.9821902189739,148.49388798885315,92964300
2022-03-16,157.04530334472656,157.44876942008187,151.99711238572482,154.54581073699606,102300200
2022-03-17,158.0588836669922,158.4328293113158,155.1165693039783,156.08093884327653,75615400
2022-03-18,161.3652801513672,161.85730748505333,157.21256825381766,157.95060925434686,123511700
2022-03-21,162.74301147460938,163.69754597170976,160.41079104635503,160.90281851844856,95811400
2022-03-22,166.1281280517578,166.71855188517935,162.28047042303692,162.87089425645846,81532000
2022-03-23,167.49598693847656,169.88723307812018,164.9767938445975,165.31138391398235,98062700
2022-03-24,171.29441833496094,171.363294359729,167.49596638171184,168.33240391380366,90131400
2022-03-25,171.93406677246094,172.48513509296794,169.99547749215097,171.10746429170044,80546200
2022-03-28,172.80001831054688,172.92793521618862,169.2574152411662,169.42470274506977,90371900
2022-03-29,176.10646057128906,176.15565130084448,173.52822668291532,173.8726518827145,100589400
2022-03-30,174.9354248046875,176.7460820205957,173.88247896845155,175.7029863422026,92633200
2022-03-31,171.8258056640625,175.19127120838715,171.6191475535364,175.0042983977884,103049300
2022-04-01,171.53062438964844,172.09154294623926,169.19841884811066,171.2550901913017,78751300
2022-04-04,175.5947723388672,175.64397809076996,171.6585524344424,171.78648438629216,76468400
2022-04-05,172.26864624023438,175.45698948199342,171.6388517127187,174.66974256872732,73401800
2022-04-06,169.0901336669922,170.86143526379934,167.41724355380708,169.6116814961237,89058800
2022-04-07,169.39520263671875,170.59575076458447,167.14172361896223,168.4308330803216,77594700
2022-04-08,167.37791442871094,169.04096981181576,166.50210606320158,169.04096981181576,76575500
2022-04-11,163.10711669921875,166.33481590686927,162.8611029485412,166.0199261140556,72246700
2022-04-12,164.98663330078125,167.1613860255376,163.98289318870957,165.34089363354275,79265200
2022-04-13,167.68295288085938,168.31274743098942,164.11084372073287,164.72095296806577,70618900
2022-04-14,162.65443420410156,168.53909354843174,162.40842046943686,167.89944882901148,75329400
2022-04-18,162.43797302246094,163.94357603577927,160.96189045916935,161.3063007146444,69023900
2022-04-19,164.73077392578125,165.14409017149563,161.2964321500132,162.3887336211493,67723800
2022-04-20,164.5635223388672,166.18722218590642,163.45155033930655,166.0691253689927,67929800
2022-04-21,163.7664031982422,168.7949239860417,163.26454063992998,166.21670513338208,87227800
2022-04-22,159.21023559570312,165.1932911869879,158.92486628163977,163.8057851903542,84882400
2022-04-25,160.2828369140625,160.56820617483112,155.93331687209525,158.55089100434944,96046400
2022-04-26,154.29977416992188,159.75143039642725,154.2210479950197,159.66286908046823,95623200
2022-04-27,154.073486328125,157.24212936237095,152.90245856859522,153.4240064759593,88063200
2022-04-28,161.03074645996094,161.8967195942573,156.3958411813348,156.710745963074,130216800
2022-04-29,155.13623046875,163.54990186297132,154.74261456190868,159.25942241026976,131747600
2022-05-02,155.44129943847656,155.70698341755673,150.8260801242461,154.21123096519486,123055300
2022-05-03,156.9370574951172,158.14745572719883,153.8274556953841,155.6282627909498,88966500
2022-05-04,163.37278747558594,163.82544428980776,156.7205671988061,157.12403328379716,108256500
2022-05-05,154.27029418945312,161.46373326041538,152.47930702556806,161.23740483289234,130525300
2022-05-06,154.9995574951172,157.1282427342657,151.9444991405495,153.74796732614354,116124600
2022-05-09,149.855224609375,153.5705662251753,149.29349706523496,152.68360662844097,131577900
2022-05-10,152.26971435546875,154.46739183893223,150.71262137734965,153.26507972972064,115366700
2022-05-11,144.3758544921875,153.1960828683304,143.6958565940324,151.27435948498825,142689800
2022-05-12,140.4929656982422,144.08018734631574,136.78748878802156,140.69992744454566,182602000
2022-05-13,144.97703552246094,145.9526868103026,141.0350319898402,142.49356908639584,113990900
2022-05-16,143.4297637939453,145.38106598701418,142.08948225415682,143.43962842487466,86643800
2022-05-17,147.07615661621094,147.59847087915057,144.55326173407326,146.70166147012213,78336300
2022-05-18,138.77821350097656,145.2233813560545,137.87153963890293,144.72078142086878,109742900
2022-05-19,135.35850524902344,139.6060101724561,134.61937984366847,137.85182041341724,136095600
2022-05-20,135.5950164794922,138.65992377824847,130.68722797221466,137.07326729810367,137426100
2022-05-23,141.0349884033203,141.18280747509044,135.6541486277064,135.792118107207,117726300
2022-05-24,138.32484436035156,139.91150069319949,135.33877918697064,138.76831655725638,104132700
2022-05-25,138.48255920410156,139.73413423560646,136.33415991086508,136.42285136269513,92482700
2022-05-26,141.69528198242188,142.2471599393567,135.1515582804655,135.3979334424933,90601500
2022-05-27,147.4703369140625,147.509750328954,143.15383866233717,143.28195857644457,90978500
2022-05-31,146.6819305419922,148.47554915584195,144.71092900811684,146.90860654542266,103718400
2022-06-01,146.55381774902344,149.53988370849348,145.53873817938137,147.72655096677192,74286600
2022-06-02,149.01754760742188,149.07667523553576,144.73061411862278,145.68655087325112,72348100
2022-06-03,143.2720947265625,145.82453789756687,142.3654358987846,144.770044944171,88570300
2022-06-06,144.02108764648438,146.41586243222446,142.79906122963087,144.89818276511863,71598400
2022-06-07,146.55381774902344,146.83960633947197,142.0106588574211,142.25703403584302,67808200
2022-06-08,145.81468200683594,147.69697680968412,145.32193168448424,146.42568759453718,53950200
2022-06-09,140.5718231201172,145.80482957531117,140.46341743862806,144.9474487547002,69473000
2022-06-10,135.14169311523438,138.71904983013044,135.0727008597942,138.24601378405768,91437900
2022-06-13,129.96783447265625,133.23968891028474,129.53421176750797,130.94347052169286,122207100
2022-06-14,130.83506774902344,131.94868835400084,129.57362805380447,131.19971323419813,84784300
2022-06-15,133.4663848876953,135.34869528930832,130.24380764572436,132.34291441926808,91533000
2022-06-16,128.17420959472656,130.47042786825955,127.16899474112004,130.16492507881696,108123900
2022-06-17,129.6524658203125,131.15043105016284,127.92783964673345,128.18407944512376,134520300
2022-06-21,133.8999786376953,135.07272690596213,131.3869638200352,131.48550486996535,81000500
2022-06-22,133.3875274658203,135.76257275465719,131.96840403366457,132.8356344352228,73409200
2022-06-23,136.26519775390625,136.58055018558431,133.66347628298064,134.83622462315083,72433800
2022-06-24,139.6060028076172,139.85237792973814,137.7434074858847,137.87151232385762,89116800
2022-06-27,139.6060028076172,141.40947050604774,138.92600506455636,140.6309166991209,70207900
2022-06-28,135.4472198486328,141.34050987783795,135.32896457557,140.06922057977073,67083400
2022-06-29,137.21127319335938,138.63039676191534,134.68839353261495,135.4669475914292,66242400
2022-06-30,134.73764038085938,136.36371032139607,131.83041667995218,135.25995448479154,98964500
2022-07-01,136.9156036376953,137.02400931509246,133.69302720857007,134.06750724522163,71051600
2022-07-05,139.50747680664062,139.5567548491927,134.94460374967946,135.77243576693132,73353800
2022-07-06,140.84774780273438,142.03034554759492,139.03443025811183,139.30051963790794,74064300
2022-07-07,144.22802734375,144.42512446788226,141.20253310502923,141.21238269809453,66253700
2022-07-08,144.9080352783203,145.41065032513728,142.89762020370028,143.1538450057202,64547800
2022-07-11,142.7694854736328,144.51382597051048,141.69529329047643,143.55788906254995,63141600
2022-07-12,143.7451171875,146.29756011597522,142.94686411267188,143.64656111311933,77588800
2022-07-13,143.38050842285156,144.3265807145126,140.0593606954875,140.91675656689353,71185600
2022-07-14,146.31729125976562,146.79032738889836,141.17297636311127,141.99094375492155,78140700
2022-07-15,147.99261474609375,148.67261252680902,146.05117747327142,147.60827013580402,76259900
2022-07-18,144.93759155273438,149.37234459214557,144.5729460772953,148.55437722703743,81420900
2022-07-19,148.81057739257812,149.0372382999484,144.77988390532624,145.77523400946922,82982400
2022-07-20,150.82101440429688,151.49116267268522,148.18972944635095,148.9288549414216,64823400
2022-07-21,153.0975341796875,153.3143455287886,149.73697330616696,152.25985260020167,65086600
2022-07-22,151.85577392578125,154.01402250481192,151.18564077957626,153.13692762960554,66675400
2022-07-25,150.73231506347656,152.79200772624299,150.07203146028309,151.77694330248553,53623900
2022-07-26,149.4019012451172,150.87028755705626,148.61349773507445,150.05232023117222,55138700
2022-07-27,154.5166473388672,155.04882613514658,149.95378934695273,150.36769783431046,78620700
2022-07-28,155.0685577392578,155.35434635629224,152.17118296547585,154.70391221573936,81378700
2022-07-29,160.1536865234375,161.2574573481273,157.18733532671283,158.90211167106582,101786900
2022-08-01,159.16822814941406,161.21807160961242,158.55722246790594,158.67547775141105,67829400
2022-08-02,157.68992614746094,160.05513631833017,157.31544619116985,157.77863261905716,59907000
2022-08-03,163.7212371826172,164.17455908657996,158.41923856963987,158.50793002421338,82507500
2022-08-04,163.40585327148438,164.76584892141557,162.04585762155315,163.60295038541236,55474100
2022-08-05,163.1788787841797,163.67231353700947,160.85972942250632,161.0669786444056,56697000
2022-08-08,162.70518493652344,165.60658394853183,162.04398411639912,164.18548932563507,60276900
2022-08-09,162.75454711914062,163.64273887329983,161.10647654738344,161.8663704234178,63135500
2022-08-10,167.01783752441406,167.11651546175995,164.7085509256537,165.4783081057615,70170500
2022-08-11,166.27767944335938,168.74485366768013,165.9816155247536,167.82705702584587,57149200
2022-08-12,169.84024047851562,169.90931351048877,167.17568088366417,167.59017930923486,68039400
2022-08-15,170.9159393310547,171.1133102288565,169.10010297778325,169.2678689938365,54091700
2022-08-16,170.758056640625,171.4291358420734,169.40605002056787,170.5113392247935,56377100
2022-08-17,172.25807189941406,173.83705404292962,170.30407453228813,170.5014454179234,79542000
2022-08-18,171.86331176757812,172.60346386831435,170.846837420575,171.468570003892,62290100
2022-08-19,169.26788330078125,171.4587350859564,169.06063405258988,170.758051022337,70346300
2022-08-22,165.36973571777344,167.62966033417896,164.94537398602955,167.4618943197239,69026800
2022-08-23,165.0342254638672,166.4948035482237,164.46183919704166,164.88620102349742,54147100
2022-08-24,165.33026123046875,165.90264739975865,164.06706935977206,165.12302704926418,53841500
2022-08-25,167.79745483398438,167.90601110393493,166.13952095667054,166.56386770201752,51218200
2022-08-26,161.47158813476562,168.80403659370677,161.41237837214825,168.33034343433388,78961000
2022-08-29,159.26101684570312,160.76104775775735,157.72150271792214,159.0340260013609,73314000
2022-08-30,156.82345581054688,160.42552392043874,155.64907854678992,160.00117720950024,77906200
2022-08-31,155.15567016601562,158.47155327509597,155.0767187755092,158.2050942144415,87991100
2022-09-01,155.8859405517578,156.33989216971713,152.6391308869704,154.5832653521816,74229900
2022-09-02,153.76414489746094,158.2544044411162,152.93517807481416,157.65241340262483,76957800
2022-09-06,152.50096130371094,155.02734512371137,151.67199443622994,154.41549077748996,73714800
2022-09-07,153.9121856689453,154.61285463504657,151.59303614241935,152.78715495485997,87449600
2022-09-08,152.43186950683594,154.3069155323693,150.6752279441013,152.60949878868428,84923800
2022-09-09,155.3036651611328,155.74776853082003,152.71807161072002,153.42861893209738,68028800
2022-09-12,161.28408813476562,162.10319169268726,157.20832701154205,157.49451256385936,104956000
2022-09-13,151.82000732421875,158.4320302699307,151.35617743298022,157.80043436290458,122656600
2022-09-14,153.27072143554688,155.037226524522,151.5930460586156,152.75754500619573,87965400
2022-09-15,150.3693084716797,153.2016343191028,149.39231725485783,152.6193698403597,90481100
2022-09-16,148.7212371826172,149.36271142090462,146.4218293394224,149.22455028716234,162278800
2022-09-19,152.4516143798828,152.530565756339,147.142266074514,147.34950026158054,81474200
2022-09-20,154.83982849121094,156.00434240653766,151.06999458899193,151.3857850189289,107689800
2022-09-21,151.70159912109375,156.6556888275703,151.5831795854477,155.27406232514645,101696800
2022-09-22,150.73448181152344,152.44176215818038,148.9285084725313,150.37920812092767,86652500
2022-09-23,148.45480346679688,149.4811563994393,146.60936192506745,149.2048340849056,96029900
2022-09-26,148.7903289794922,151.750937683408,147.67516154898482,147.69490315670595,93339400
2022-09-27,149.76731872558594,152.68845924345578,147.98108723466274,150.7344617346572,84442700
2022-09-28,147.87252807617188,148.6620267188795,142.93818038229188,145.7014181025515,146691400
2022-09-29,140.60919189453125,144.79352488091232,138.8328234069904,144.1816704801514,128138200
2022-09-30,136.38539123535156,141.22106186093816,136.18802030456854,139.42495175640798,124925300
2022-10-03,140.57957458496094,141.1914439900878,135.88208060719077,136.39525702678367,114311700
2022-10-04,144.181640625,144.30006014683647,142.36578929238382,143.12568302717952,87830100
2022-10-05,144.47772216796875,145.4448653435647,141.13223439210503,142.17832895296007,79471000
2022-10-06,143.5204315185547,145.60272687269935,143.31319734564778,143.8954467664891,68402200
2022-10-07,138.2505645751953,141.22105183590455,137.61896860646343,140.6683921871329,85925600
2022-10-10,138.57620239257812,140.02690164719857,136.75050299743356,138.57620239257812,74899000
2022-10-11,137.15512084960938,139.49401183769913,136.40510543994947,138.06303899554518,77033700
2022-10-12,136.5235595703125,138.5170407104307,136.34593024080016,137.30319511678357,70433700
2022-10-13,141.1125030517578,141.70461583345536,132.60567604457702,133.21754549496526,113224000
2022-10-14,136.56301879882812,142.62239748423457,136.37551116721934,142.41514824444727,88598000
2022-10-17,140.5401153564453,141.0236718643574,138.42821483436188,139.2177135934962,85250900
2022-10-18,141.8624725341797,144.77373417623826,138.7637033016834,143.57963066623748,99136600
2022-10-19,141.9710693359375,143.04675364711534,139.64205634508835,139.8295639891064,61758300
2022-10-20,141.50723266601562,143.97440668910568,140.77694373414428,141.14209572929755,64522000
2022-10-21,145.33628845214844,145.90867462024406,140.7769407155068,140.99405322955806,86548600
2022-10-24,147.48765563964844,148.2574127069579,144.08295860217441,145.25733581108966,75981900
2022-10-25,150.3397216796875,150.48776116501867,147.39885428402872,148.1192649256449,74732300
2022-10-26,147.3889617919922,149.99429659795183,146.09615013348827,148.97782224560154,88194300
2022-10-27,142.89874267578125,147.09293910929227,142.23754175092256,146.12581097157454,109180200
2022-10-28,153.69508361816406,155.43196876876547,145.87907785280416,146.25407807739884,164762400
2022-10-31,151.32655334472656,152.21474485834912,149.92520057444992,151.14892407706145,97943200
2022-11-01,148.671875,153.408851320098,147.17184429440783,153.04371444627304,80379300
2022-11-02,143.1256866455078,150.1719344831505,143.09608176430027,146.9942133937789,93604600
2022-11-03,137.05645751953125,140.92498461939732,136.92815965034873,140.1946956802254,97918500
2022-11-04,136.78956604003906,141.03025327243037,132.83553912246873,140.45691755937278,140814800
2022-11-07,137.32334899902344,137.55070131674174,134.1107022229699,135.53415428478314,83374600
2022-11-08,137.8966827392578,139.80449340378325,135.90978972981833,138.79622744381308,89908500
2022-11-09,133.3198699951172,136.95758184489978,133.04308937521566,136.90815350204326,74917800
2022-11-10,145.18197631835938,145.18197631835938,137.8966866598679,139.61669377296678,118854000
2022-11-11,147.9794158935547,148.28585048663615,142.71067458593964,144.14402103757112,93979700
2022-11-14,146.5757598876953,148.5527731206919,145.73552323030617,147.25783186642536,73374100
2022-11-15,148.31553649902344,151.82473825025608,146.85255082741247,150.47048891741846,89868300
2022-11-16,147.0799102783203,148.14749936078283,145.59715017769167,147.4160140311921,64218300
2022-11-17,148.98773193359375,149.73899160011717,144.47024904717685,144.747029718181,80389400
2022-11-18,149.55117797851562,150.9449761011956,148.24635692578445,150.55945907613687,74829600
2022-11-21,146.3088836669922,148.64176028052393,146.02222333634097,148.43418230260116,58724100
2022-11-22,148.4539031982422,148.6911501950918,145.24125698087363,146.42747688170903,51804100
2022-11-23,149.33370971679688,150.08496935516192,147.62358231947215,147.73231865639212,58301400
2022-11-25,146.40774536132812,147.1688998342538,145.42911818185223,146.6054437081691,35195900
2022-11-28,142.56243896484375,144.95462339373816,141.73209694821898,143.47186332830165,69246000
2022-11-29,139.54745483398438,143.14561773694626,138.73688738198348,142.63159015554842,83763800
2022-11-30,146.32862854003906,147.01070049689147,138.93460350915308,139.77482505617792,111380900
2022-12-01,146.60540771484375,147.4159903463265,144.92494955414173,146.50656610739853,71250400
2022-12-02,146.11117553710938,146.2989942268281,143.97599740675216,144.2824471593233,65447400
2022-12-05,144.94473266601562,149.18541949197922,144.09461635687657,146.07162962618466,68826400
2022-12-06,141.2675018310547,145.6070458162454,140.28887472844136,145.37969348940564,64727200
2022-12-07,139.3201446533203,141.72220883121116,138.3909458890047,140.55577809875786,69721100
2022-12-08,141.01048278808594,141.87049392300491,139.47830938217072,140.72382246539036,62128300
2022-12-09,140.526123046875,143.89693468072133,139.28059488984613,140.70404702164143,76097000
2022-12-12,142.829345703125,142.83922534059286,139.43875970806542,141.05991017433828,70462700
2022-12-13,143.79808044433594,148.24636089095367,142.58222134561697,147.7817615043003,93886200
2022-12-14,141.5640411376953,144.9743859949628,139.5375995292449,143.67944472283807,82291200
2022-12-15,134.93116760253906,140.17025624774567,134.46656823635524,139.48818419596876,98931900
2022-12-16,132.96400451660156,136.06791433800984,132.19297064961182,135.11895654021274,160156900
2022-12-19,130.84860229492188,133.64607753663165,129.81068252303507,133.55711557048346,79592600
2022-12-20,130.77943420410156,131.7185125149171,128.39712953221752,129.87988952300458,77432800
2022-12-21,133.8932342529297,135.23760401600552,131.2242690848365,131.45162141055363,85928000
2022-12-22,130.71023559570312,133.01345799694343,128.80242492111796,132.8058800384377,77852100
2022-12-23,130.34451293945312,130.89807435826336,128.1500265410144,129.41531409355704,63814900
2022-12-27,128.5355224609375,129.89966650674359,127.24058112280677,129.87001251300126,69007800
2022-12-28,124.59137725830078,129.52402325835672,124.42333294025542,128.17965363057965,85438400
2022-12-29,128.12034606933594,128.9803420184741,126.26195630324504,126.51896259932623,75703700
2022-12-30,128.4366455078125,128.45641986166103,125.9653867378923,126.93412645040064,77034200
2023-01-03,123.63253784179688,129.39552641230082,122.74288026621998,128.7826570593429,112117500
2023-01-04,124.90770721435547,127.18127564102066,123.64241984503863,125.43161455867813,89113600
2023-01-05,123.58309936523438,126.30149268134268,123.32609306355886,125.66884902202133,80962700
2023-01-06,128.13021850585938,128.79251610668766,123.45458659001618,124.56171667837158,87754700
2023-01-09,128.65414428710938,131.87668586554148,128.3971379685157,128.97047367930062,70790800
2023-01-10,129.2274932861328,129.75140069783342,126.64748986401109,128.7628938707127,63896200
2023-01-11,131.9557647705078,131.9755240444425,128.9605906771462,129.74150433319187,69458900
2023-01-12,131.87667846679688,132.71690008626126,129.92931912019301,132.34127780837738,71379600
2023-01-13,133.21115112304688,133.36931580754018,130.14678954891528,130.51253218381837,57809700
2023-01-17,134.3776092529297,135.7120843078782,132.58841445883436,133.2803661632613,63646600
2023-01-18,133.65599060058594,137.01690717262807,133.47805156045354,135.24748690824802,69672800
2023-01-19,133.71531677246094,134.68404919653628,132.23255659782018,132.53899128723262,58280400
2023-01-20,136.285400390625,136.4336854309728,132.67735732670167,133.72517191147224,80223600
2023-01-23,139.48817443847656,141.67278077878365,136.31506144495467,136.5325341153351,81760300
2023-01-24,140.89183044433594,141.51459436693844,138.68746516946817,138.69734480445425,66435100
2023-01-25,140.22955322265625,140.79299416676852,137.21460493959157,139.27070057060922,65799300
2023-01-26,142.305419921875,142.59208020551668,140.26908361074402,141.52449124388164,54105100
2023-01-27,144.25274658203125,145.5378080511819,141.43551210166743,141.51459443182878,70555800
2023-01-30,141.35646057128906,143.8771557170406,141.20819059706298,143.29394037386407,64015300
2023-01-31,142.63162231445312,142.68105066516867,140.64472931637368,141.05990031223737,65874500
2023-02-01,143.75851440429688,144.92496009089808,139.69576656602072,142.31530314667881,77663600
2023-02-02,149.08657836914062,149.44242627870938,146.46702672863907,147.18863235095503,118339000
2023-02-03,152.72427368164062,155.571177590554,146.13093629775682,146.32863460622823,154357300
2023-02-06,149.98611450195312,151.3403789118004,149.04703617157855,150.81647157748358,69858300
2023-02-07,152.87252807617188,153.44586367074996,148.90862234047623,148.90862234047623,83322600
2023-02-08,150.1739501953125,152.80338188493596,149.4325701004995,152.1114301464605,64120100
2023-02-09,149.13600158691406,152.55624141902396,148.6911765868534,152.0125597152097,56007100
2023-02-10,149.50230407714844,149.8290111554016,147.73018216274517,147.9677914305051,57450700
2023-02-13,152.31396484375,152.71985991539307,149.41321016170093,149.44290943263957,62199000
2023-02-14,151.67042541503906,152.2347417014366,149.35379194828116,150.60120648274088,61707600
2023-02-15,153.77919006347656,153.94749097395436,151.35365383790918,151.58135329250317,65573800
2023-02-16,152.1753387451172,154.76917536637725,151.81893244470842,151.97732349543472,68167900
2023-02-17,151.02694702148438,151.47245120963535,149.34392280711089,150.8289468385779,59144100
2023-02-21,146.99757385253906,149.78942626925934,146.92828058675818,148.7004026088836,58867200
2023-02-22,147.42327880859375,148.4528887502369,145.69075089528818,147.3836697109664,51011300
2023-02-23,147.90838623046875,148.83900369928494,145.76996312428713,148.59149969615066,48394200
2023-02-24,145.2452392578125,145.720442659753,144.26511807901926,145.64123957502227,55469600
2023-02-27,146.44314575195312,147.68066559008122,145.97783708430148,146.23525087875586,44998500
2023-02-28,145.93824768066406,147.59157242356576,145.36403664496177,145.58184135182967,50547000
2023-03-01,143.8592071533203,145.76003585720164,143.5621993638043,145.36403554214274,55479000
2023-03-02,144.45323181152344,145.24524759786468,142.46329007120497,142.93850860687647,52238100
2023-03-03,149.5220947265625,149.60129780845313,145.85903905116976,146.56194185497878,70732300
2023-03-06,152.29415893554688,154.73949959731118,151.92785785960842,152.25454983701871,87558000
2023-03-07,150.08641052246094,152.49214181283335,149.62110185942342,152.16543476603405,56182000
2023-03-08,151.34375,151.93776567756532,150.31413994619248,151.2843514535327,47204800
2023-03-09,149.08648681640625,152.99704649679572,148.73008049756518,152.02683517023416,53833600
2023-03-10,147.0173797607422,149.43302127956616,146.1362661024609,148.7103138108838,68572400
2023-03-13,148.9676971435547,151.6110378452132,146.2253488070177,146.33425116280637,84457100
2023-03-14,151.0665283203125,151.86843881288326,148.60139830336453,149.7696098588517,73695900
2023-03-15,151.4625244140625,151.71992308668965,148.42316862217967,149.6804929323757,77167900
2023-03-16,154.2939910888672,154.89790141964556,150.1260173130943,150.64082983435895,76161100
2023-03-17,153.45248413085938,155.17511745555205,152.7396713831552,154.52170325241562,98944600
2023-03-20,155.82850646972656,156.24432646768744,152.6109545912959,153.5217825705538,73641400
2023-03-21,157.68975830078125,157.80855539502778,154.97710883273007,155.7493352646716,73938300
2023-03-22,156.25421142578125,160.52117754091816,156.2344068779623,157.70953600837723,75701800
2023-03-23,157.34323120117188,159.9370833205621,156.10571123599644,157.24423866782476,67622100
2023-03-24,158.65005493164062,158.73915274100096,156.27402271003157,157.27393337455686,59196500
2023-03-27,156.69973754882812,159.1648829259014,156.2938273470206,158.34316780021032,52390300
2023-03-28,156.07603454589844,156.90765956371112,154.422709446,156.39284695391223,45992200
2023-03-29,159.1648712158203,159.44207447801494,157.75905035570605,157.77883979840226,51305700
2023-03-30,160.73898315429688,160.8478855082498,159.65986944195512,159.9172681392784,49501700
2023-03-31,163.25360107421875,163.3526086978247,160.29346346957524,160.81817064051347,68749800
2023-04-03,164.5109405517578,164.62973762588464,162.5804125649775,162.62991638134497,56976200
2023-04-04,163.9763641357422,165.17427510350078,163.46155155698554,164.936680918264,46278300
2023-04-05,162.12501525878906,163.40214436262949,160.18459235196994,163.09524181864398,51511700
2023-04-06,163.01602172851562,163.31302951982073,160.3825758088242,160.80827539475462,45390100
2023-04-10,160.41229248046875,160.41229248046875,158.48176428720794,159.80838211165943,47716900
2023-04-11,159.19456481933594,160.7389872555695,158.90745173956898,160.72909253457362,47644200
2023-04-12,158.5015869140625,160.4420100503803,158.18477450444897,159.61040013481554,50133100
2023-04-13,163.90704345703125,164.14465273087802,159.80837789845614,160.01628790137767,68445600
2023-04-14,163.56056213378906,164.65948057952454,162.18444039601638,162.94674189589546,49386500
2023-04-17,163.58030700683594,163.73871316096566,162.39229106374768,163.44170539858303,41516200
2023-04-18,164.80796813964844,165.73858561594125,163.99614775175192,164.44166704612937,49923000
2023-04-19,165.95640563964844,166.48111297033782,163.8872604852793,164.14467434244943,47720200
2023-04-20,164.9861602783203,166.19398100625685,163.90704646438456,164.43175373561738,52456400
2023-04-21,163.3724365234375,164.78815208279067,162.8477292777316,163.40213579346278,58337300
2023-04-24,163.67933654785156,163.94664508043508,162.25371118266517,163.35262947612597,41949600
2023-04-25,162.13491821289062,164.64955210777222,162.09530911482935,163.5407390651718,48714100
2023-04-26,162.12501525878906,163.62984381357916,161.1746083552498,161.43200707778223,45498800
2023-04-27,166.72857666015625,166.8770729984066,163.54072434320634,163.54072434320634,64902300
2023-04-28,167.9859161376953,168.1542321598927,166.2038993325892,166.80780972743617,55209200
2023-05-01,167.89678955078125,168.74820381228082,166.9562774855819,167.58988704485296,52472900
2023-05-02,166.8572998046875,168.6492415594711,165.86728374647268,168.3918277162097,48425700
2023-05-03,165.77816772460938,169.21352427793394,165.4910697460863,167.8077034423993,65136000
2023-05-04,164.1347198486328,165.37223965151196,162.6695006318279,163.243711633137,81235400
2023-05-05,171.83706665039062,172.55977402605672,169.055109287866,169.27291399392053,113316400
2023-05-08,171.76776123046875,172.1142728432519,170.39163971305302,170.75794076749395,55962800
2023-05-09,170.0550537109375,171.80737116626167,169.88675280256177,171.3222729910744,45326900
2023-05-10,171.82716369628906,172.29247239543182,170.18373361448457,171.29256173687202,53724500
2023-05-11,172.01527404785156,172.84688383352895,170.4510470092042,172.11428168700377,49514700
2023-05-12,171.0833740234375,172.5605284867848,169.52689179090092,172.1243165202818,45497800
2023-05-15,170.58767700195312,171.71785564660993,169.9928397669383,171.66828335580215,37266700
2023-05-16,170.58767700195312,171.64845141401116,170.3199987334625,170.50836436212853,42110300
2023-05-17,171.20233154296875,171.4402543357864,168.9518826544196,170.23077817517168,57951600
2023-05-18,173.54202270507812,173.73038835732433,171.09329948055986,171.50967954625827,65496700
2023-05-19,173.65106201171875,174.8704617599002,173.43295602393476,174.8704617599002,55772400
2023-05-22,172.69932556152344,173.20494177332736,171.95578654636702,172.481219573557,43570900
2023-05-23,170.0820770263672,171.8864057178537,169.8044903241909,171.6385593675291,50747300
2023-05-24,170.3596649169922,170.9346702690374,169.05104404436648,169.61612586083143,45143500
2023-05-25,171.499755859375,172.4019050243478,170.21095188854838,170.92475054539574,56058300
2023-05-26,173.918701171875,174.25578364207266,171.6186953371014,171.82689288847826,54835000
2023-05-30,175.7726287841797,177.44807247659148,175.04892170114425,175.43556138959772,55964400
2023-05-31,175.72305297851562,177.80496826079084,175.23726871202743,175.80236562165695,99625300
2023-06-01,178.53858947753906,178.5683298287558,175.405808045758,176.1691790241155,68901800
2023-06-02,179.39117431640625,180.21402596420296,177.71573067078862,179.4704869589175,61945900
2023-06-05,178.032958984375,183.35669275593358,176.50621727974132,181.05668691999816,121946500
2023-06-06,177.66616821289062,178.56831734898336,175.90148844243106,178.41961560329207,64848400
2023-06-07,176.28814697265625,179.64894264257165,175.79245430672572,176.90280103766142,61944600
2023-06-08,179.0144500732422,179.28211321134853,175.93124119908015,176.36743802214428,50214900
2023-06-09,179.40109252929688,180.6601409825454,179.0739335613958,179.93643394119178,48870700
2023-06-12,182.2067108154297,182.30585540353945,179.41101193334958,179.7084305703386,54274900
2023-06-13,181.73085021972656,182.56361030209754,180.86834978636662,181.22524912557424,54929100
2023-06-14,182.36532592773438,182.8015378873281,180.45195952819037,181.79032062893717,57462900
2023-06-15,184.40760803222656,184.91322430946659,182.196822643367,182.37527989631698,65433200
2023-06-16,183.3269805908203,185.37915556544473,182.68258615200966,185.12138568804832,101235600
2023-06-20,183.41619873046875,184.4968202621219,182.82137659501507,182.82137659501507,49799100
2023-06-21,182.375244140625,183.81274978200145,181.01703601018858,183.30713360389032,49515700
2023-06-22,185.38906860351562,185.43864089866383,182.08775342754114,182.15715766621673,51245300
2023-06-23,185.07180786132812,185.94423180057566,183.41619616013958,183.95155271461957,53079300
2023-06-26,183.67398071289062,186.4300309660094,183.63431682484148,185.22053954530654,48088700
2023-06-27,186.43991088867188,186.7670698420573,184.07050070567323,184.28860667459685,50730800
2023-06-28,187.6196746826172,188.26406909954764,185.9838949305078,186.31103877905792,51216800
2023-06-29,187.95675659179688,188.43263248114428,187.312362125066,187.45115547762376,46347300
2023-06-30,192.2990264892578,192.80462759541973,189.6123654098311,189.97918829297507,85069600
2023-07-03,190.80203247070312,192.20979786240994,190.1080506189076,192.11065327577057,31458200
2023-07-05,189.6817626953125,191.31754248795588,188.97787243386384,189.91970062749374,46920300
2023-07-06,190.15762329101562,190.365820872437,187.57010689891024,188.204592923582,45094300
2023-07-07,189.037353515625,191.01021583133178,188.60115666342472,189.76107572138073,46778000
2023-07-10,186.98519897460938,188.35331565327752,185.42871665150543,187.62959342704087,59922200
2023-07-11,186.4597625732422,187.66925393721883,184.99251645839882,187.53046059023825,46638100
2023-07-12,188.1352081298828,190.04857465553215,186.84640410814296,188.04597194874682,60750200
2023-07-13,188.8985595703125,189.5429691298021,188.14511214362412,188.8589108119984,41342300
2023-07-14,189.04727172851562,189.53304086059518,187.99640569502964,188.59122781892412,41573900
2023-07-17,192.31884765625,192.64600663390738,190.15761974766676,190.24684079775338,50520200
2023-07-18,192.06106567382812,192.65590289157154,190.76235338000512,191.68434955477355,48353800
2023-07-19,193.41928100585938,196.52230675519328,190.99037488225764,191.4365103758755,80507300
2023-07-20,191.4662628173828,194.77748634801802,190.84168518874347,193.40936968617578,59581200
2023-07-21,190.28651428222656,193.29041080540085,189.5826239989074,192.42791035637276,71917800
2023-07-24,191.0895233154297,193.230919269526,190.5938306479448,191.7438412670713,45377800
2023-07-25,191.9520263671875,192.7649696142135,191.25805964859208,191.66453127210508,37283200
2023-07-26,192.82444763183594,193.95462630849192,191.6546201978147,192.0015959886147,47471900
2023-07-27,191.55548095703125,195.50119046422063,190.89125457942112,194.33136299756583,47460200
2023-07-28,194.1429901123047,194.9361013981904,192.46754649179775,192.99297950413737,48291400
2023-07-31,194.7576446533203,194.7973085377491,193.57789369266726,194.37100498050742,38824100
2023-08-01,193.9248809814453,195.0352276872512,193.59772201405482,194.54945856713078,35175100
2023-08-02,190.92098999023438,193.4985827896997,190.1972829299724,193.3597894476311,50389300
2023-08-03,189.5231475830078,190.71280705310875,189.04728682043563,189.91971082460205,61235200
2023-08-04,180.42222595214844,185.76579240309633,180.35282171627148,183.92181504025928,115799700
2023-08-07,177.3092803955078,181.5524085909385,175.82220233279125,180.56102321579414,97576100
2023-08-08,178.2510986328125,178.71705098279648,176.05022182613857,178.14204563329835,67823000
2023-08-09,176.6549530029297,179.3713391045639,175.48511045638642,179.31185840559957,60378500
2023-08-10,176.4368438720703,179.1928938087059,176.07003615011226,177.93383023619305,54686900
2023-08-11,176.4964141845703,177.32037701982404,175.26544597344693,176.02984778529373,51988100
2023-08-14,178.15426635742188,178.38258864969947,176.01990054114177,176.6751020557822,43675600
2023-08-15,176.15887451171875,178.174103062697,175.76179096239193,177.57847773870674,43622600
2023-08-16,175.2852783203125,177.2409306015471,175.21578037161723,175.84120131881224,46964900
2023-08-17,172.73399353027344,176.218449670705,172.21777275650916,175.85114660071363,66062900
2023-08-18,173.22042846679688,173.82599075554495,170.70883778094841,171.04636032936088,61114200
2023-08-21,174.56060791015625,174.8485063914746,172.47589631953025,173.79622123414413,46311900
2023-08-22,175.94049072265625,176.38721354501158,174.96762533098521,175.77172944077836,42084200
2023-08-23,179.8022003173828,180.2290795956185,177.0325064942749,177.22112651388355,52722800
2023-08-24,175.09666442871094,179.78232293288016,174.72934624726201,179.35544373491686,54945800
2023-08-25,177.31044006347656,177.84650437604776,174.54074667761984,176.08939374478845,51449600
2023-08-28,178.87896728515625,179.27605088665493,177.25090028258217,178.77968881089737,43820700
2023-08-29,182.7803497314453,183.55467328918405,178.19396940518234,178.39251118833664,53003900
2023-08-30,186.28465270996094,186.48320962835405,183.39583737964136,183.59437915026834,60813900
2023-08-31,186.5030975341797,187.74400283027185,186.11593568770974,186.47331701889507,60794500
2023-09-01,188.0814971923828,188.538141753245,186.91007498628073,188.11127770079705,45732600
2023-09-05,188.31976318359375,188.59772472633045,186.24497340110617,186.91009674606673,45280000
2023-09-06,181.57916259765625,187.47594597496703,180.14963751857883,187.02920802693,81755800
2023-09-07,176.26809692382812,176.9133767073295,172.27734161590178,173.90540860928058,112488800
2023-09-08,176.88356018066406,178.92858440411607,176.4963984153427,177.05233659559462,65551300
2023-09-11,178.05499267578125,178.98815574028976,176.04968578063105,178.75983344187836,58953100
2023-09-12,175.01727294921875,178.81940831086655,173.54804542949864,178.18406545251986,90370200
2023-09-13,172.94247436523438,176.00998823848755,172.7141369128852,175.22572770658326,84267900
2023-09-14,174.46133422851562,174.81871550108795,172.3170465930817,172.73398888645488,60895800
2023-09-15,173.7366180419922,175.2157822233053,172.5552892315787,175.19592350235882,109205100
2023-09-18,176.6750946044922,178.0748391046168,174.88818834345716,175.1959303652364,67257600
2023-09-19,177.76712036132812,178.3230434602776,175.84123309156146,176.22839490317045,51826900
2023-09-20,174.21316528320312,178.39252544188162,174.12380859804207,177.95572439538154,58436200
2023-09-21,172.66448974609375,175.01725608596104,172.59500693822505,173.27998896827123,63047900
2023-09-22,173.51824951171875,175.7915963241489,172.7836433268308,173.3991274596328,56725400
2023-09-25,174.79885864257812,175.6823824720043,172.88289328236814,172.93253251615403,46172700
2023-09-26,170.70883178710938,173.92524796713502,170.41101154694528,173.54802313417602,64588900
2023-09-27,169.18995666503906,171.78096710415326,167.8200077433672,171.36402481079512,66921800
2023-09-28,169.44805908203125,170.77830558378838,166.4003891832915,168.10787564587397,56294400
2023-09-29,169.96429443359375,171.81076180692196,169.10061419351356,170.76839850543928,51814200
2023-10-02,172.48580932617188,173.03181060107437,169.6863201427267,169.97421860938772,52164500
2023-10-03,171.1456298828125,172.366691440067,169.57713912474932,171.0066491138284,49594600
2023-10-04,172.396484375,172.94248570241592,169.726053912722,169.84517596678774,53020300
2023-10-05,173.63739013671875,174.1734545294483,171.42360430666272,172.52552875349963,48527900
2023-10-06,176.1986083984375,176.69497045530053,171.91995474415313,172.53545399514545,57224100
2023-10-09,177.6876983642578,177.7472593887107,174.52090595018925,175.52355187327169,42390800
2023-10-10,177.092041015625,178.41236580749592,176.6552400140717,176.80415770883764,43698000
2023-10-11,178.49179077148438,178.54143000452555,176.30780084757703,176.90342620076967,47551100
2023-10-12,179.39517211914062,181.01330204161414,177.73730960362397,178.75982932462722,56743100
2023-10-13,177.54872131347656,180.60629838312414,176.84388049788197,180.10001451689263,51427100
2023-10-16,177.41964721679688,177.7770284883398,175.22572035442593,175.46397958471027,52517000
2023-10-17,175.86105346679688,177.12181720914745,173.52816111664285,175.3646914585386,57549400
2023-10-18,174.56060791015625,176.2879533547619,173.8359235344459,174.3025050887744,54764400
2023-10-19,174.18336486816406,176.5460377577175,173.9153251388443,174.75913147519677,59302900
2023-10-20,171.62216186523438,174.14367462886938,171.38390260775535,174.03447436266262,64189300
2023-10-23,171.74127197265625,172.7439178760632,168.69360166729962,169.66648220683237,55980100
2023-10-24,172.17807006835938,172.4063923696406,170.20254365913797,171.7909082758531,43816600
2023-10-25,169.8551025390625,171.80083332633419,169.4083645680371,170.62942613878033,57157000
2023-10-26,165.67572021484375,170.13305676328346,164.4645956319317,169.1303957533013,70625300
2023-10-27,166.9960479736328,167.73066925493364,165.6161620916175,165.69558183671225,58499100
2023-10-30,169.0509796142578,169.92458166587582,167.64131321590813,167.7902309189435,51131000
2023-10-31,169.5275115966797,169.65655543893973,166.67838291410567,168.1178450859905,44846000
2023-11-01,172.70420837402344,172.9623111800798,168.88221462983017,169.75581666227828,56934900
2023-11-02,176.27801513671875,176.48647870246754,174.18336680542194,174.2429278242073,77334800
2023-11-03,175.3647003173828,175.53347673875106,172.08872301559984,172.97224682902157,79763700
2023-11-06,177.9259490966797,178.12449090151532,174.92793300379333,175.09669429529205,63841300
2023-11-07,180.4971160888672,181.1126002277605,177.66784614167742,177.87630973489087,70530000
2023-11-08,181.55931091308594,182.11523398810698,180.26876654734838,181.023246561535,49340300
2023-11-09,181.0828094482422,182.78035920210118,180.4871689201494,181.62881074103257,53763500
2023-11-10,185.2875518798828,185.4565506612299,182.43468499907056,182.87206148972973,66133400
2023-11-13,183.6970977783203,184.9197527658604,183.1106225987718,184.71101456121173,43627500
2023-11-14,186.32135009765625,186.987349680322,185.18815428767326,186.579792942837,60108400
2023-11-15,186.887939453125,188.36905250310778,186.65931635404164,186.72890587030213,53790500
2023-11-16,188.5778045654297,189.82034448090351,187.52411797622008,188.43864070160558,54412900
2023-11-17,188.55792236328125,189.24380683321974,187.44461143684416,189.11457782649978,50922700
2023-11-20,190.30740356445312,190.76466491067268,188.7467813740569,188.75671623264228,46505100
2023-11-21,189.5022430419922,190.37699597796984,188.60762038854105,190.26765186097265,38134500
2023-11-22,190.16822814941406,191.77855487032625,189.69109711501824,190.3471617671388,39617700
2023-11-24,188.8362579345703,189.76070040271065,188.12055368994098,189.7308806564948,24048300
2023-11-27,188.65731811523438,189.53207108953595,187.77263028176083,188.78654712309,40552600
2023-11-28,189.26368713378906,189.9396367824376,188.2696551316836,188.64739214615557,38415400
2023-11-29,188.2398223876953,190.9435904601538,187.84221568139642,189.76069003248776,43014200
2023-11-30,188.8163604736328,189.1841625986753,187.06686975200412,188.70701635554832,48794400
2023-12-01,190.0986785888672,190.41676093068807,188.1006646303825,189.19410585978827,45679300
2023-12-04,188.29946899414062,188.91577913023963,186.33128993843854,188.84618961175903,43389500
2023-12-05,192.26565551757812,193.23980256929687,189.0449865799245,189.07482149235318,66628400
2023-12-06,191.17222595214844,193.5976510937421,190.9634725753497,193.28950362567244,41089700
2023-12-07,193.11058044433594,193.8362194805571,192.43463086867496,192.4744006383907,47477700
2023-12-08,194.54197692871094,194.82030462884575,192.5141434931892,193.0409791518531,53377300
2023-12-11,192.02708435058594,192.33524699521988,190.27759358324766,191.9575100014726,60943700
2023-12-12,193.5479736328125,193.5579084922386,190.5758125501861,191.92769665062553,52696900
2023-12-13,196.77857971191406,196.81833431777545,193.6871396116279,193.92569758224516,70404200
2023-12-14,196.92767333984375,198.4286561477334,194.9893140401918,196.83821410318075,66831600
2023-12-15,196.3909149169922,197.21594815206504,195.82430938091503,196.3511451419736,128256700
2023-12-18,194.72091674804688,195.45650584640038,193.22986883323685,194.91972010314345,55751900
2023-12-19,195.7646484375,195.77458329630363,194.72091188963017,194.98930475456203,40714100
2023-12-20,193.66725158691406,196.50023361616374,193.66725158691406,195.72488988877126,52242800
2023-12-21,193.51812744140625,195.90381315665195,192.34517705306277,194.92966611931476,46482500
2023-12-22,192.444580078125,194.24377537319003,191.81833513340536,194.01513711760236,37122800
2023-12-26,191.8978729248047,192.73285613100865,191.67918468017166,192.45452839560733,28919300
2023-12-27,191.9972686767578,192.34518593287333,189.94956524818429,191.34121910492223,48087700
2023-12-28,192.4247283935547,193.49828484070574,192.01717160785626,192.98138392147177,34049900
2023-12-29,191.38095092773438,193.23978563415233,190.58572241393787,192.7427697089948,42628800
2024-01-02,184.53208923339844,187.31538170646215,182.79253333369908,186.03307200647276,82488700
2024-01-03,183.15037536621094,184.77065219734183,182.3352619375341,183.1205556229884,58414500
2024-01-04,180.82435607910156,181.99730650228184,179.80050438167336,181.06291404030495,71983600
2024-01-05,180.0986785888672,181.66925069088813,179.0947119070235,180.90385710718044,62303300
2024-01-08,184.4525604248047,184.49233019548157,180.41679326133186,181.0032684531674,59144500
2024-01-09,184.03506469726562,184.04499955584959,181.63944418662982,182.82234457021028,42841800
2024-01-10,185.0788116455078,185.2875498615879,182.82235486658107,183.24979649333252,46792900
2024-01-11,184.4823760986328,185.93366934185158,182.524132048394,185.42670336710847,49128400
2024-01-12,184.81040954589844,185.6255229866903,184.08477050382692,184.9495734055796,40444700
2024-01-16,182.5341033935547,183.16033324766676,179.8502048243823,181.07287512108522,65603000
2024-01-17,181.58975219726562,181.83826018866833,179.2239664331644,180.18817865322478,47317400
2024-01-18,187.5042266845703,188.01117745137466,184.72093456060279,184.97937737290508,78005800
2024-01-19,190.416748046875,190.80441988057507,187.69311035236996,188.2000611602168,68741000
2024-01-22,192.7328338623047,194.16424214625192,191.1125571009308,191.15232686866392,60133900
2024-01-23,194.01515197753906,194.58175747905844,192.67321792314553,193.8561183903394,42355600
2024-01-24,193.33921813964844,195.20800309667513,193.1801693842155,194.25372573180164,53631300
2024-01-25,193.01116943359375,195.0986424607324,191.95749806154728,194.0549059471631,54822100
2024-01-26,191.2716064453125,193.5976373302703,190.79447540505197,193.11057143190595,44594000
2024-01-29,190.5857391357422,191.05293535979936,188.44857653714126,190.8640668648328,47145600
2024-01-30,186.9177703857422,190.6553404086777,186.35118003362723,189.80047228297695,55859400
2024-01-31,183.29949951171875,185.98339811587047,183.24981004460298,185.92374345342654,55467800
2024-02-01,185.7447967529297,185.8342559814184,182.72294652699253,182.891930125601,64885400
2024-02-02,184.7408447265625,186.21200777158808,178.18022776276848,178.78658786144558,102518000
2024-02-05,186.5598907470703,188.12052803558694,184.73087577921018,187.02708693103884,69668800
2024-02-06,188.1702423095703,188.180177168222,185.65534280788862,185.74480203892318,43490800
2024-02-07,188.2795867919922,189.9097985097057,187.48435823433906,189.5022417883465,53439000
2024-02-08,187.19610595703125,188.40881099372643,186.23189374257132,188.25971226684047,40962000
2024-02-09,187.9624786376953,189.0971204380579,187.11646725876852,187.76340641648085,45155200
2024-02-12,186.27044677734375,187.78330749959082,185.91213805857674,187.53448242231033,41781900
2024-02-13,184.1703643798828,185.33487911795885,182.64755610649428,184.89694454758455,56529500
2024-02-14,183.28456115722656,184.65808055839094,181.5826059912504,184.44907598078342,54630500
2024-02-15,182.9959259033203,183.62296999377594,180.4977274519665,182.68738521978767,65434500
2024-02-16,181.45321655273438,183.98128811611298,180.81622489348007,182.55800062284032,49701400
2024-02-20,180.70672607421875,181.5726325042779,179.15405998428736,180.93564089848354,53665600
2024-02-21,181.46316528320312,182.03047857973698,179.8109630738625,181.08494629412857,41529700
2024-02-22,183.50352478027344,184.09076354210745,181.60251261136847,182.6177080564135,52292200
2024-02-23,181.6622314453125,184.1703774935557,181.37358582743232,184.14051969682032,45119700
2024-02-26,180.30862426757812,181.90109579673225,179.80101134340092,181.38355052297356,40867400
2024-02-27,181.77171325683594,183.05564406470424,178.71613380047907,180.24890489042258,54318900
2024-02-28,180.56739807128906,182.25940572629614,179.28346722817705,181.65227187035535,48953900
2024-02-29,179.90054321289062,181.71199718953457,178.6862755375109,180.41810366151438,136682600
2024-03-01,178.815673828125,179.6815803178056,176.54639012704013,178.7061901764464,73488000
2024-03-04,174.27708435058594,176.0686126971914,172.97322823226915,175.32213749041347,81510100
2024-03-05,169.32049560546875,171.2314705105848,168.82284541599856,169.95748724050745,95132400
2024-03-06,168.32518005371094,170.43522699407845,167.88724549652,170.256065044738,68587700
2024-03-07,168.2057647705078,169.92763018116116,167.6981670423948,168.35505375316498,71765100
2024-03-08,169.92762756347656,172.8836708711805,168.14604658720506,168.20576217934803,76114600
2024-03-11,171.93814086914062,173.56048535052068,171.2414336396481,172.12725037151972,60139500
2024-03-12,172.41587829589844,173.21212162678884,170.20631026653984,172.33625244410158,59825400
2024-03-13,170.3257598876953,172.37607625258147,169.95748841772314,171.9580519129805,52488700
2024-03-14,172.18695068359375,173.49079163745046,171.24141844268888,172.0973773021251,72913500
2024-03-15,171.80873107910156,171.80873107910156,169.4896795825833,170.36554869703198,121664700
2024-03-18,172.90357971191406,176.87483361469177,172.70452267737835,174.7448914522954,75604200
2024-03-19,175.2524871826172,175.77999515234478,172.2168180823409,173.52065910891577,55215200
2024-03-20,177.83030700683594,177.83030700683594,174.2671300256647,174.89417408943874,53423100
2024-03-21,170.5646209716797,176.65586961417029,170.03711298613993,176.2179350177799,106181300
2024-03-22,171.47035217285156,172.23673773536032,169.26078406375387,170.95279171103329,71106600
2024-03-25,170.0470733642578,171.13194711675717,168.65364374159117,169.76839047714014,54288300
2024-03-26,168.9124298095703,170.61438491064948,168.78303590364706,169.20106023000122,57388400
2024-03-27,172.49551391601562,172.78415954350993,169.31055559917013,169.60914876354798,60273300
2024-03-28,170.67408752441406,171.42056273337485,169.70864503919194,170.94282285202152,65672700
2024-04-01,169.23092651367188,170.4451942217802,168.68350825393796,170.38547862745995,46240500
2024-04-02,168.04649353027344,168.54414366405445,167.43935975957754,168.28537106183597,49329500
2024-04-03,168.85269165039062,169.8778497555363,167.78772821512752,167.99673277562965,47691700
2024-04-04,168.02662658691406,171.1120488206033,168.02662658691406,169.4897042530356,53704400
2024-04-05,168.78302001953125,169.58921080070664,168.15597599547186,168.7929675547899,42055200
2024-04-08,167.65834045410156,168.40481571452685,167.4493358859462,168.23561647794648,37425500
2024-04-09,168.8726043701172,169.2806811483862,167.55881583801002,167.90716183961618,42451200
2024-04-10,166.99148559570312,168.29532657810816,166.3246362072623,168.0066961691415,49709300
2024-04-11,174.2173614501953,174.63540094951088,167.36970557110288,167.54885233902874,91070300
2024-04-12,175.7202911376953,177.52178245719062,173.39129181372058,173.44104468475973,101593300
2024-04-15,171.87841796875,175.7999037342719,171.68930847441092,174.53586805138283,73531800
2024-04-16,168.583984375,172.94338974194338,167.47920033817573,170.94284143183614,73711200
2024-04-17,167.21046447753906,169.84800441976404,167.21046447753906,168.81289870293196,50901200
2024-04-18,166.2549591064453,167.8474456964944,165.7672716683895,167.24031189258443,43122900
2024-04-19,164.2245635986328,165.6179780634261,163.3088890664717,165.42888374733738,67772100
2024-04-22,165.06060791015625,166.47393259764522,163.9956444231876,164.74211969252124,48116400
2024-04-23,166.11563110351562,166.26493527613894,164.1449405589347,164.57292762929356,49537800
2024-04-24,168.2256622314453,168.50434510258808,165.42887079721268,165.75730653407012,48251800
2024-04-25,169.09158325195312,169.80820075027214,167.3597550998357,168.73327450279362,50558300
2024-04-26,168.50433349609375,170.53473930129167,168.38488714020465,169.08160945714914,44838400
2024-04-29,172.68460083007812,175.20270935632288,172.28648678772151,172.55520693212748,68169400
2024-04-30,169.5294952392578,174.16759809934044,169.2010443307548,172.51539602156524,65934800
2024-05-01,168.50433349609375,171.89831095590108,168.31522402075603,168.78301634804097,50383100
2024-05-02,172.21682739257812,172.6049939419865,170.08688513916925,171.69926693100732,94214900
2024-05-03,182.5181884765625,186.12117099096088,181.80157098826203,185.77280978325868,163224100
2024-05-06,180.8560333251953,183.3343214775735,179.5720873686165,181.4930249418685,78569700
2024-05-07,181.5427703857422,184.0310211595987,180.46785941606433,182.58783874817743,77305800
2024-05-08,181.88119506835938,182.20964601288568,180.59724908638574,181.9906787165348,45057100
2024-05-09,183.70260620117188,183.792179594264,181.2541604804327,181.70204263297254,48983000
2024-05-10,182.43685913085938,184.47001925959685,181.51994258592455,184.280653249985,50759500
2024-05-13,185.65602111816406,186.47328168344126,184.00157793065927,184.81883849593646,72044800
2024-05-14,186.80215454101562,187.66925062518712,185.66597383097238,186.88188838827716,52393600
2024-05-15,189.0845184326172,190.01139602124525,186.7423838683229,187.28058361009533,70400000
2024-05-16,189.2041015625,190.45989075478766,189.02471179656044,189.83199615864385,52845200
2024-05-17,189.23399353027344,190.17084727488813,188.54630236847427,188.87519880271202,41282900
2024-05-20,190.40008544921875,191.27714266640717,188.37688635675946,188.69582178398366,44361300
2024-05-21,191.70570373535156,192.08442053272114,190.28048580582154,190.44991454290118,42309400
2024-05-22,190.2605438232422,192.17412585880137,189.63266445026173,191.625965130265,34648500
2024-05-23,186.2540283203125,190.3602230291439,186.00486572472462,190.34028576334703,51005900
2024-05-24,189.3436279296875,189.94162421863646,187.41012383078694,188.1875250894915,36294600
2024-05-28,189.3535919189453,192.35350378297326,188.46657377923762,190.86848939299406,52280100
2024-05-29,189.65260314941406,191.60604467860838,188.87521703261189,188.97488815842905,53068000
2024-05-30,190.6492462158203,191.53626445370173,189.99146851693155,190.12102272627732,49947900
2024-05-31,191.6060333251953,191.92496874276912,189.27387511297837,190.79874896001851,75158300
2024-06-03,193.38006591796875,194.33685694398167,191.8751293663799,192.25384615761888,50080500
2024-06-04,193.69898986816406,194.66574186569684,192.38340418619828,193.98801176077237,47471400
2024-06-05,195.21389770507812,196.24044634116564,194.2172473626493,194.74547082752238,54156800
2024-06-06,193.82855224609375,195.84179017422778,193.5195930765027,195.03450583879902,41181800
2024-06-07,196.23048400878906,196.28031956711487,193.48969558531903,193.99798178181695,53103900
2024-06-10,192.4730987548828,196.63910486677477,191.50634675889475,196.2404356269631,97262100
2024-06-11,206.45611572265625,206.46609195915696,192.9814138224934,193.00133588013964,172373300
2024-06-12,212.35630798339844,219.46241499269527,206.20696163392407,206.67538853844061,198134300
2024-06-13,213.52236938476562,216.02395620562416,210.89121315624297,214.02069454325613,97862700
2024-06-14,211.77822875976562,214.44924427717243,210.59221246372425,213.13367378271622,70122700
2024-06-17,215.94422912597656,218.21659070332575,212.0074632920053,212.65527993528355,93728300
2024-06-18,213.5721893310547,217.89766325641614,212.28651711595563,216.86113841241473,79943300
2024-06-20,208.97763061523438,213.5223688231627,208.1504242370716,213.21339445126264,86172500
2024-06-21,206.7949981689453,211.18025387128242,206.4162661482939,209.68527826262047,246421400
2024-06-24,207.44281005859375,211.9875333707341,205.89799892378585,207.02421872275744,80727000
2024-06-25,208.36968994140625,210.67194975002218,207.91122410230182,208.44940858434205,56713900
2024-06-26,212.5356903076172,214.1402980033581,209.9344322470105,210.79155216910215,66213200
2024-06-27,213.3828582763672,215.01736433595826,211.63872006367095,213.97087836680484,49772700
2024-06-28,209.91448974609375,215.34624626528088,209.5955695452833,215.04724812174294,82542700
2024-07-01,216.02395629882812,216.78140506529675,211.2101334408119,211.37956216985054,60402900
2024-07-02,219.5321807861328,219.64181293490427,214.3795002092306,215.42597092933886,58046200
2024-07-03,220.80789184570312,220.80789184570312,218.29632866276663,219.26308073535034,37369800
2024-07-05,225.5818328857422,225.69146503075916,220.90754038733803,220.90754038733803,60412400
2024-07-08,227.056884765625,227.08678305881674,222.50218547217585,226.32931907748747,59085900
2024-07-09,227.9139862060547,228.631575647805,225.6117264169712,227.1664984715379,48076100
2024-07-10,232.19960021972656,232.29927134034506,228.48209857735924,228.5319341376685,62627700
2024-07-11,226.80772399902344,231.61157070495582,225.01375035477759,230.61492037011672,64710600
2024-07-12,229.76776123046875,231.86073301422448,227.91399100155513,228.1531925563972,53046500
2024-07-15,233.61483764648438,236.43535998230433,232.3092281117703,235.68787221439834,62631300
2024-07-16,234.03343200683594,235.47857190808813,231.55176727169922,234.2128217621178,43234300
2024-07-17,228.1133270263672,230.68468664215072,225.88082486496336,228.68140979310064,57345900
2024-07-18,223.42906188964844,229.66810263837593,221.52547133243425,229.50863493701104,66034600
2024-07-19,223.5586395263672,226.04030439428965,222.53209087352224,224.06694094221692,49151500
2024-07-22,223.20980834960938,227.01700459563804,222.34271224556252,226.24957960487185,48201800
2024-07-23,224.2563018798828,226.17984506717187,221.9341046141529,223.61844622977043,39960300
2024-07-24,217.80795288085938,224.04699357799979,216.40268749627205,223.24967028544495,61777600
2024-07-25,216.76148986816406,220.11023564894725,213.9010930254534,218.19665359620475,51391200
2024-07-26,217.2299041748047,218.75477790382115,215.2864239407029,217.96741565742542,41601300
2024-07-29,217.50897216796875,218.5654190781,215.0273073866339,216.23326096996,36311800
2024-07-30,218.06710815429688,219.5919820328496,215.39607720378967,218.45580119769897,41643800
2024-07-31,221.3361053466797,223.07028238181744,219.89096542123676,220.6982497488722,50036300
2024-08-01,217.62855529785156,223.72805013234773,216.29304757526307,223.618417993468,62501000
2024-08-02,219.12355041503906,224.84432899946665,216.98075820790513,218.41592196270943,105568600
2024-08-05,208.5690155029297,212.7848420736874,195.34346157584417,198.42310739676375,119548600
2024-08-06,206.5358428955078,209.28660752946874,200.39648844230862,204.61231506511243,69660500
2024-08-07,209.11717224121094,212.92436846093156,205.69865382063958,206.20693999643444,63516400
2024-08-08,212.59547424316406,213.4824924067945,208.13048513245963,212.39614722358988,47161100
2024-08-09,215.51568603515625,216.05387055494424,211.259984607228,211.38955402452135,42201600
2024-08-12,217.0522918701172,219.02793942662467,215.12653755613,215.59550663031672,38028100
2024-08-13,220.78408813476562,221.4027217224782,218.52904142421028,218.52904142421028,44155300
2024-08-14,221.23309326171875,222.54021400164925,219.21752501736546,220.08562480803565,41960600
2024-08-15,224.22650146484375,224.8551228159093,222.27079905335071,224.10676986474735,46414000
2024-08-16,225.5535888671875,226.33187474025672,223.15885022096822,223.42826155403992,44340200
2024-08-19,225.3939208984375,225.49370737790127,222.55017371179113,225.22429606357244,40687800
2024-08-20,226.0125732421875,226.6711275207631,224.95490346311303,225.27420804373648,30299000
2024-08-21,225.90281677246094,227.47934890039068,224.55579052395228,226.0225636042008,34765500
2024-08-22,224.0369110107422,227.8385414771675,223.4082896744648,227.28974628083643,43695300
2024-08-23,226.3418426513672,227.7188169640382,223.83736023691762,225.16444130741013,38677300
2024-08-26,226.68109130859375,226.7808777924977,223.39832305195915,226.2620154817008,30602200
2024-08-27,227.52923583984375,228.34744239539063,224.39613201364162,225.50369501854036,35934600
2024-08-28,225.99261474609375,229.35520907583674,225.18438078371824,227.4194670399241,38052200
2024-08-29,229.28536987304688,232.4085012026452,228.37737982242845,229.59470189609323,51906300
2024-08-30,228.49710083007812,229.89402024722435,226.98043458769098,229.6844899472923,52990800
2024-09-03,222.28079223632812,228.4971066385697,220.68429981162342,228.04809790202157,50190600
2024-09-04,220.36500549316406,221.29295584608857,217.0023958735564,221.17322424578342,43840200
2024-09-05,221.8916473388672,224.98483044961614,221.03353533260162,221.14329437614535,36615400
2024-09-06,220.33506774902344,224.74535922490057,219.2873705935476,223.45818364879955,48423000
2024-09-09,220.4248809814453,220.7840910234286,216.23410730849415,220.3350822772696,67180000
2024-09-10,219.62661743164062,220.9936039050013,216.25403537150672,218.43922835246784,51591000
2024-09-11,222.17103576660156,222.6000841658612,217.41150656335964,220.97367404683663,44587100
2024-09-12,222.28079223632812,223.0590781064196,219.33727360197898,222.01138090428717,37498200
2024-09-13,222.01136779785156,223.54797910505988,221.42266715079168,223.08899783711732,36766600
2024-09-16,215.84495544433594,216.74297289953918,213.4502168549942,216.0644583037111,59357400
2024-09-17,216.31390380859375,216.42366284814068,214.02893954474482,215.27619443719672,45519300
2024-09-18,220.20535278320312,222.22092099435915,217.06226125375574,217.07224903728172,59894900
2024-09-19,228.3673858642578,229.31531179988679,224.1367068474718,224.49591687958383,66781300
2024-09-20,227.6988525390625,232.57811312113958,227.12012443578536,229.46496974860833,318679900
2024-09-23,225.97265625,228.94610768522742,225.31410200503296,226.8407407931877,54146000
2024-09-24,226.8706817626953,228.8463445678705,225.2342838755063,228.14786961487798,43556100
2024-09-25,225.8728790283203,226.79085685048213,223.52804884217394,224.43603888049125,42308700
2024-09-26,227.02035522460938,227.99819881641105,224.9149883158055,226.80083714120576,36636700
2024-09-27,227.2897491455078,229.01596089620384,226.80083496693393,227.9582911728241,34026000
2024-09-30,232.48831176757812,232.48831176757812,229.1456625683617,229.5348054854851,54541900
2024-10-01,225.71322631835938,229.14565893600417,223.24864947388588,229.0159547825387,63285000
2024-10-02,226.28196716308594,226.8706678098605,222.53022998119604,225.3939223013361,32880600
2024-10-03,225.17440795898438,226.3119038145279,222.82957789090332,224.64557310138042,34044200
2024-10-04,226.30194091796875,227.49930262356304,223.63780617480538,227.39951613756347,37245100
2024-10-07,221.2031707763672,225.19438676879486,220.84396072803747,224.0069975750027,39505400
2024-10-08,225.27420043945312,225.4837307412941,222.75973024040246,223.80742742544692,31855700
2024-10-09,229.03591918945312,229.24546472466872,224.33627096325682,224.73538646570117,33591100
2024-10-10,228.53700256347656,228.99599906464633,226.67111410985407,227.279775108536,28183500
2024-10-11,227.05029296875,228.9062089337624,226.84074743911052,228.79644988971887,31759200
2024-10-14,230.79205322265625,231.22110160659443,228.09798564307096,228.19775690140833,39882100
2024-10-15,233.33645629882812,236.9684620133565,231.85969551276995,233.0969778733182,64751400
2024-10-16,231.27099609375,231.61024577942743,229.33525401328018,231.09139869260778,34082200
2024-10-17,231.6401824951172,233.3364614020046,230.0137723986246,232.9173703418766,32993800
2024-10-18,234.4839324951172,235.66133386929857,233.4961010856326,235.66133386929857,46431500
2024-10-21,235.96067810058594,236.32987592195377,233.9351372634737,233.9351372634737,36254500
2024-10-22,235.342041015625,235.70125104779564,232.08920560922664,233.376366009758,38846600
2024-10-23,230.25323486328125,234.62362105235994,227.25982300232985,233.56595129753524,52287000
2024-10-24,230.06365966796875,230.31311065070702,227.90839952304313,229.4749437774939,31109500
2024-10-25,230.9018096923828,232.7078323586645,229.0658541264054,229.23547896644118,38802300
2024-10-28,232.88743591308594,234.21451699403664,232.03931169048735,232.80762499530724,36087100
2024-10-29,233.15684509277344,233.815399347975,231.8098189074392,232.58810476348472,35417200
2024-10-30,229.59469604492188,232.95729049985403,229.04590082483264,232.09917848988178,47070900
2024-10-31,225.4138946533203,229.325284321648,224.8750719925984,228.83635490362704,64370100
2024-11-01,222.4204864501953,224.8551305713263,219.78628458026085,220.48474431371312,65276700
2024-11-04,221.52244567871094,222.3007315284092,219.2275088130919,220.5046966292777,44944500
2024-11-05,222.95928955078125,223.45819152571042,220.65436486265338,221.31291912362707,28111300
2024-11-06,222.23089599609375,225.5735453041769,220.7042571772517,222.12113695305962,54561100
2024-11-07,226.98043823242188,227.37956894750107,224.0768403097807,224.13670611072257,42137700
2024-11-08,226.7107391357422,228.4088689967903,226.16134014604208,226.92049995960826,38328800
2024-11-11,223.98373413085938,225.45212091614073,221.25673663335022,224.7528927426808,42005600
2024-11-12,223.98373413085938,225.34224111445195,223.11469448970428,224.30339000560164,40398300
2024-11-13,224.8727569580078,226.4010754152989,222.5153482196322,223.76397540644066,48566200
2024-11-14,227.9693603515625,228.61864039722624,224.7528954725484,224.77287777547028,44923900
2024-11-15,224.7528839111328,226.67077335813082,224.023689933323,226.15134020310103,47923700
2024-11-18,227.7695770263672,229.4876892234719,224.92270099550518,225.00261496304853,44686000
2024-11-19,228.02928161621094,229.90722171238716,226.41106572007726,226.73070634208972,36211800
2024-11-20,228.7484893798828,229.67746064503265,225.64190448211673,227.80951934283004,35169600
2024-11-21,228.26902770996094,229.90722593821596,225.46211628612434,228.6286329426038,42108300
2024-11-22,229.61753845214844,230.46661102927646,227.80952873867182,227.80952873867182,38168300
2024-11-25,232.61424255371094,232.99383009111634,229.48769048234254,231.2058026888721,90152800
2024-11-26,234.8018341064453,235.31128373473052,233.07373841155265,233.07373841155265,45986200
2024-11-27,234.67198181152344,235.43115689965902,233.55321672420507,234.21249554010248,33498400
2024-11-29,237.06935119628906,237.5488197625333,233.71304074851764,234.55211454995276,28481400
2024-12-02,239.3268585205078,240.52553753151284,236.89953466637493,237.00941446483552,48137100
2024-12-03,242.3834991455078,242.49337894569658,238.6376176509325,239.54662188503684,38861000
2024-12-04,242.74310302734375,243.84190102311462,240.9850414761411,242.60325739533934,44383900
2024-12-05,242.7730712890625,244.2714238935446,241.86408229295347,243.72204013219255,40033900
2024-12-06,242.5732879638672,244.3613305629988,241.8141281502541,242.6432183998472,36870600
2024-12-09,246.47900390625,246.96847124510987,241.48449521514058,241.56440918324205,44649200
2024-12-10,247.4978790283203,247.93739821602466,245.0705399660552,246.61884065291167,36914800
2024-12-11,246.2192840576172,250.52454792031958,245.98952569372008,247.68767076725757,45205800
2024-12-12,247.68768310546875,248.46682524629017,245.41017310687806,246.61885092340057,32777500
2024-12-13,247.85748291015625,249.01619729452798,245.96955931284188,247.54782582286595,33155300
2024-12-16,250.7642822265625,251.10392039685559,247.3780059899919,247.71764416028498,51694800
2024-12-17,253.20159912109375,253.5512208135588,249.50566587259755,249.80533943156328,51356400
2024-12-18,247.77757263183594,254.0007260278641,247.46791553993853,251.88305927654196,56774100
2024-12-19,249.51565551757812,251.72323503929724,246.81862390484895,247.22817727073837,60882300
2024-12-20,254.21051025390625,254.71994465608725,245.42017186050566,247.76758181309805,147495300
2024-12-23,254.98965454101562,255.36922684225433,253.17164603591402,254.49020366493687,40858800
2024-12-24,257.91644287109375,257.92641115938613,255.0096198916901,255.2094124344067,23234700
2024-12-26,258.7355041503906,259.81433504408284,257.34704665632455,257.90642916266114,27237100
2024-12-27,255.30929565429688,258.41589596104086,252.78207543596488,257.54682582842287,42355300
2024-12-30,251.9230194091797,253.22159473829512,250.47461491371794,251.95298524244893,35557500
2024-12-31,250.1449737548828,253.00183336212825,249.15605553782555,252.16275955239965,39480700
2025-01-02,243.5821990966797,248.826433311358,241.55442975303322,248.65660659999048,55740700
2025-01-03,243.0927276611328,243.91181916074598,241.624340886356,243.0927276611328,40244100
2025-01-06,244.73092651367188,247.05836939894766,242.93290033169586,244.04168187374515,45045600
2025-01-07,241.94400024414062,245.28032844029428,241.08494412707995,242.71314361950866,40856000
2025-01-08,242.43344116210938,243.44234164075266,239.78635773622742,241.65429905026372,37628900
2025-01-10,236.58987426757812,239.8962364632009,232.74409661721964,239.7463920626497,61710900
2025-01-13,234.14256286621094,234.41227060505477,229.46771001708314,233.27352322575203,49630700
2025-01-14,233.02378845214844,235.8606656353981,232.21468051006943,234.49217517741417,39435300
2025-01-15,237.60874938964844,238.6975638581554,234.17252500331003,234.38230107288462,39832000
2025-01-16,228.00930786132812,237.74859991927732,227.7795647267042,237.089336348529,71759100
2025-01-17,229.7274169921875,232.03487756376998,228.22906438809179,231.86506609768284,68488300
2025-01-21,222.39547729492188,224.17352112887505,219.13906319002535,223.75398423747347,98070400
2025-01-22,223.58416748046875,223.87384226456615,219.54859611049605,219.54859611049605,64126500
2025-01-23,223.41436767578125,226.78066167492807,222.05586069453574,224.493183388126,60234800
2025-01-24,222.5353240966797,225.38220009721186,221.16683361690275,224.53312753788666,54697900
2025-01-27,229.6075439453125,231.89502211760887,223.73399710835045,223.77396171163917,94863400
2025-01-28,237.99832153320312,239.9262098046868,230.55650666713984,230.59647127201654,75707600
2025-01-29,239.0971221923828,239.5965730646729,233.75299176206667,233.86287156365174,45486100
2025-01-30,237.3290557861328,240.52553823889048,236.94948349745044,238.40787147181928,55658300
2025-01-31,235.74081420898438,246.91852728753366,233.18362815459494,246.91852728753366,101075100
2025-02-03,227.75958251953125,231.5753945205246,225.45212191586603,229.73741895869952,73063300
2025-02-04,232.54432678222656,232.87396618357337,226.40107197135944,227.00041910872287,45067300
2025-02-05,232.21469116210938,232.4144684638066,228.0193068583431,228.27901582634638,39620300
2025-02-06,232.9638671875,233.54323203112875,230.17692277145878,231.0359788855247,29925300
2025-02-07,227.3800048828125,233.74300400322835,227.0104008794231,232.3445476829273,39707200
2025-02-10,227.64999389648438,230.58999633789062,227.1999969482422,229.57000732421875,33115600
2025-02-11,232.6199951171875,235.22999572753906,228.1300048828125,228.1999969482422,53718400
2025-02-12,236.8699951171875,236.9600067138672,230.67999267578125,231.1999969482422,45243300
2025-02-13,241.52999877929688,242.33999633789062,235.57000732421875,236.91000366210938,53614100
2025-02-14,244.60000610351562,245.5500030517578,240.99000549316406,241.25,40896200
2025-02-18,244.47000122070312,245.17999267578125,241.83999633789062,244.14999389648438,48822500
2025-02-19,244.8699951171875,246.00999450683594,243.16000366210938,244.66000366210938,32204200
2025-02-20,245.8300018310547,246.77999877929688,244.2899932861328,244.94000244140625,32316900
2025-02-21,245.5500030517578,248.69000244140625,245.22000122070312,245.9499969482422,53197400
2025-02-24,247.10000610351562,248.86000061035156,244.4199981689453,244.92999267578125,51326400
2025-02-25,247.0399932861328,250.0,244.91000366210938,248.0,48013300
2025-02-26,240.36000061035156,244.97999572753906,239.1300048828125,244.3300018310547,44433600
2025-02-27,237.3000030517578,242.4600067138672,237.05999755859375,239.41000366210938,41153600
2025-02-28,241.83999633789062,242.08999633789062,230.1999969482422,236.9499969482422,56833400
2025-03-03,238.02999877929688,244.02999877929688,236.11000061035156,241.7899932861328,47184000
2025-03-04,235.92999267578125,240.07000732421875,234.67999267578125,237.7100067138672,53798100
2025-03-05,235.74000549316406,236.5500030517578,229.22999572753906,235.4199981689453,47227600
2025-03-06,235.3300018310547,237.86000061035156,233.16000366210938,234.44000244140625,45170400
2025-03-07,239.07000732421875,241.3699951171875,234.75999450683594,235.11000061035156,46273600
2025-03-10,227.47999572753906,236.16000366210938,224.22000122070312,235.5399932861328,72071200
2025-03-11,220.83999633789062,225.83999633789062,217.4499969482422,223.80999755859375,76137400
2025-03-12,216.97999572753906,221.75,214.91000366210938,220.13999938964844,62547500
2025-03-13,209.67999267578125,216.83999633789062,208.4199981689453,215.9499969482422,61368300
2025-03-14,213.49000549316406,213.9499969482422,209.5800018310547,211.25,60107600
2025-03-17,214.0,215.22000122070312,209.97000122070312,213.30999755859375,48073400
2025-03-18,212.69000244140625,215.14999389648438,211.49000549316406,214.16000366210938,42432400
2025-03-19,215.24000549316406,218.75999450683594,213.75,214.22000122070312,54385400
2025-03-20,214.10000610351562,217.49000549316406,212.22000122070312,213.99000549316406,48862900
2025-03-21,218.27000427246094,218.83999633789062,211.27999877929688,211.55999755859375,94127800
2025-03-24,220.72999572753906,221.47999572753906,218.5800018310547,221.0,44299500
2025-03-25,223.75,224.10000610351562,220.0800018310547,220.77000427246094,34493600
2025-03-26,221.52999877929688,225.02000427246094,220.47000122070312,223.50999450683594,34466100
2025-03-27,223.85000610351562,224.99000549316406,220.55999755859375,221.38999938964844,37094800
2025-03-28,217.89999389648438,223.80999755859375,217.67999267578125,221.6699981689453,39818600
2025-03-31,222.1300048828125,225.6199951171875,216.22999572753906,217.00999450683594,65299300
2025-04-01,223.19000244140625,223.67999267578125,218.89999389648438,219.80999755859375,36412700
2025-04-02,223.88999938964844,225.19000244140625,221.02000427246094,221.32000732421875,35905900
2025-04-03,203.19000244140625,207.49000549316406,201.25,205.5399932861328,103419000
2025-04-04,188.3800048828125,199.8800048828125,187.33999633789062,193.88999938964844,125569000
