ds,Predicted_Close,Upper_Bound,Lower_Bound
2020-01-03,87.01822182861719,99.44737188613956,75.18397232550828
2020-01-06,87.60230955754965,100.26655605913498,74.03979661455168
2020-01-07,87.59061625797058,99.90926103888519,75.77436547490053
2020-01-08,87.66611129499218,100.29827894365906,75.85803235136285
2020-01-09,87.60491548843481,100.15955865496765,74.72607290706124
2020-01-10,87.5911138365926,101.2181936881185,74.17143136072539
2020-01-13,88.26893364527227,100.56250703502378,75.71301804526068
2020-01-14,88.380418145493,100.76358427302516,76.28848114380679
2020-01-15,88.6247949630339,101.41215975489126,76.87752656834087
2020-01-16,88.77623134034258,100.99835663018486,77.07537829205297
2020-01-17,89.01566740935515,101.2817032918238,76.75922420083245
2020-01-21,91.12282638872915,103.32810197764174,79.55431534573106
2020-01-22,91.73951422251959,102.94666988774067,79.55032788668511
2020-01-23,92.26461721054204,104.91746489572209,80.25246391080431
2020-01-24,92.87045690301683,105.41354986507642,79.88161746206985
2020-01-27,95.47267215593328,107.72506752091165,82.95970879328655
2020-01-28,96.19905893820379,107.59923704765382,83.0484830181988
2020-01-29,97.02026790985687,109.09830039865668,84.82428828546534
2020-01-30,97.69596929829699,110.12541798852315,85.75290225266588
2020-01-31,98.39334680806891,110.58431459389172,86.9983511482664
2020-02-03,100.88268250128215,114.65704785536082,88.95468705151731
2020-02-04,101.4379090118113,113.92670074791339,88.01920350576239
2020-02-05,102.02248942966992,114.43612951433762,88.93456470330281
2020-02-06,102.39895759803026,114.87009664605398,88.84215514676913
2020-02-07,102.73868449544123,115.46323227624333,91.66218233732253
2020-02-10,103.86420404377684,115.59734208088818,91.9751686789188
2020-02-11,103.8927208692566,116.1961596538777,92.16826853569182
2020-02-12,103.92886727382769,116.00417827028647,91.395775247881
2020-02-13,103.74451723598094,116.42731837420949,92.00755093582869
2020-02-14,103.52059133778647,115.03674181910884,91.0403080138956
2020-02-18,102.57832217396678,115.2374782991382,90.36689563873489
2020-02-19,102.17276995341496,114.54261820153194,90.53917201575734
2020-02-20,101.59425283835257,114.12295984157157,89.17517791720532
2020-02-21,101.02929719047259,113.3265110383722,88.35746094694595
2020-02-24,99.8754149786467,111.56742782894057,88.1384132102682
2020-02-25,99.3253013207341,111.82229709027752,86.77219411337916
2020-02-26,98.88687751346103,111.52333874843396,86.35975971069061
2020-02-27,98.33703051025321,110.11342468399707,84.98933587782015
2020-02-28,97.85956036721934,110.20852807669934,84.8949657395153
2020-03-02,97.2797558284198,109.07837718808555,84.40033415169118
2020-03-03,97.00741078557934,109.27811811630951,85.08101949997675
2020-03-04,96.87991807787645,109.75520177532665,85.33072942430869
2020-03-05,96.66770056638242,109.242213467166,83.88957431480314
2020-03-06,96.548035977734,108.4156703186201,84.35891825393368
2020-03-09,97.09991920815935,108.973547336098,84.38964817862431
2020-03-10,97.20509942970608,110.34361722076505,85.14958720551132
2020-03-11,97.4470309522614,109.92258223043247,85.46030295071017
2020-03-12,97.59216667354721,110.07120194443287,84.22720736334071
2020-03-13,97.81455071111466,110.13980739781206,85.2234449410356
2020-03-16,99.27984134742911,111.21320132033532,87.22448562523762
2020-03-17,99.64864615701642,111.93679049668134,88.01083997937923
2020-03-18,100.13384137825219,112.97687344528507,87.44992030897524
2020-03-19,100.50278122925594,113.35539093142508,88.45186301967706
2020-03-20,100.9308553381369,113.10686265864426,88.12349324365393
2020-03-23,102.92228263234333,116.14548279461158,91.24856546137889
2020-03-24,103.44267034462611,115.56537444235367,90.66008998864251
2020-03-25,104.07069289249405,116.51935882194427,92.04877744641526
2020-03-26,104.57528827818977,116.93231383849206,91.38319781500188
2020-03-27,105.13309348810323,117.72341179537166,93.31190927128226
2020-03-30,107.48410984767042,119.40477854385936,95.15028765812025
2020-03-31,108.11398180358624,120.35054089698232,96.01894895865088
2020-04-01,108.84473993836698,120.62576937107052,96.44579029805962
2020-04-02,109.44363099828063,121.4556388876912,97.03592289096657
2020-04-03,110.08515501328941,122.89577532800858,97.85738735560182
2020-04-06,112.59736539409796,125.12941677875965,99.44320783512508
2020-04-07,113.24110333472791,125.26992846043807,100.00733832763737
2020-04-08,113.96072260513819,125.63100196521428,100.89041362477774
2020-04-09,114.52060050572467,126.30902275925871,102.27507332630253
2020-04-13,117.1947345947823,131.12465129311312,104.59477437807021
2020-04-14,117.63117258879537,130.23197869099053,105.12612007323294
2020-04-15,118.10831117477609,130.98126481587283,106.07268572003593
2020-04-16,118.39179073867133,129.83724993470474,107.42495377347102
2020-04-17,118.65563210677364,131.29187490677737,106.08726727440408
2020-04-20,119.6755211598525,131.8767849167329,107.91447577224994
2020-04-21,119.71364865133057,132.20037979542036,107.17892892206017
2020-04-22,119.78279965640985,132.31444119439584,107.27980621029779
2020-04-23,119.65485434359192,132.647595726181,107.5071532145685
2020-04-24,119.51040957615825,131.98079451422205,107.00967666962843
2020-04-27,119.3919457713428,131.75043786833353,107.98493227449536
2020-04-28,119.10154464061625,131.85178458052448,106.09423301151377
2020-04-29,118.87787611874357,131.41959426225216,106.64978471954375
2020-04-30,118.49816768287927,132.5805432968701,106.5191279384001
2020-05-01,118.1476316873797,129.49662626216295,106.13873755512417
2020-05-04,117.7177060866105,130.15251322649428,104.91642326498669
2020-05-05,117.43162461591066,128.86422666752551,105.78716445438589
2020-05-06,117.26656762936662,129.7062836096411,104.45591429595673
2020-05-07,116.99823225521016,129.1789927222305,104.53257987019502
2020-05-08,116.80921977462643,129.41601045986133,104.31892305419471
2020-05-11,117.12382255167645,129.11847559159452,104.70133942103014
2020-05-12,117.15466804747462,129.98622270338817,104.34583293023421
2020-05-13,117.33028243907935,129.50667615298474,105.35984582682372
2020-05-14,117.41929290971824,131.8418994000575,104.77154996249618
2020-05-15,117.5970042507681,129.18182572651494,104.67807348190493
2020-05-18,118.99539124670211,130.63114612026473,105.56516852216723
2020-05-19,119.35914021547538,132.33152759584178,107.77201713884325
2020-05-20,119.84326683646103,132.02526187732283,107.08680079425231
2020-05-21,120.21131963994716,132.70598873313816,107.92355045496657
2020-05-22,120.63439487342265,133.14804578520267,109.56985861935654
2020-05-26,122.99191973502137,135.12089082084776,110.58323721113983
2020-05-27,123.52532367048431,135.62780564948832,111.56644834180798
2020-05-28,123.90529432549205,135.23548238242037,111.0402274620827
2020-05-29,124.30588231494937,136.95944237776277,112.62822686316156
2020-06-01,125.97868416713773,138.63724603193486,113.74119304452063
2020-06-02,126.31563882275326,138.80536998522348,114.33639193764888
2020-06-03,126.7241132257481,139.02110164758756,114.62954703468881
2020-06-04,126.9756485839496,138.7665287941483,114.11572027730664
2020-06-05,127.25023042913004,139.04263330551282,114.50668852826907
2020-06-08,128.614802916682,140.6724351499286,116.20486923007982
2020-06-09,128.88826163693452,141.8639920306429,116.18278496321749
2020-06-10,129.25919402294113,141.91861769103866,116.76799838503477
2020-06-11,129.50172537322504,141.42818337178335,117.64476168017516
2020-06-12,129.79751348569516,141.2009707676248,117.39670076045871
2020-06-15,131.40936118947707,143.67243206858942,118.67417725153963
2020-06-16,131.8225147740852,145.08074220407815,119.06271444059703
2020-06-17,132.3575632267284,144.22878822693662,119.13649482081588
2020-06-18,132.7849080972022,145.48202004556623,119.84530478505303
2020-06-19,133.28182484432884,145.0994976609692,121.2717712596337
2020-06-22,135.54390727634228,147.52784323717557,122.8768449301253
2020-06-23,136.1709920266708,148.51340413776455,124.59334746448248
2020-06-24,136.90916454913315,148.5283545649355,124.74430299020284
2020-06-25,137.52339066892685,149.8272806663447,125.0648848770224
2020-06-26,138.1858482083348,150.1024903036378,125.59296167154098
2020-06-29,140.7732642634608,153.16206763180855,127.91171885327589
2020-06-30,141.44059897009947,153.58879783042372,129.1036034659653
2020-07-01,142.18131512920232,154.23829995807662,129.86263022985094
2020-07-02,142.7594864229565,155.04881172781404,129.79340921423886
2020-07-06,145.49173475234107,157.5673822057282,132.92417485029802
2020-07-07,145.94662676434805,159.07591184772076,133.77808594186902
2020-07-08,146.44751849655572,158.02083832668023,134.01120698948736
2020-07-09,146.76363815033886,159.33937570773963,134.04046717826876
2020-07-10,147.0718958094766,158.35100152902137,134.48945718161053
2020-07-13,148.32381422444016,160.09228147712398,136.1475490906161
2020-07-14,148.48048073828852,160.81271825497487,136.30274448889256
2020-07-15,148.6919483835982,161.73886847912254,136.4823121749376
2020-07-16,148.73121915445518,161.49122671192325,136.89980650712394
2020-07-17,148.77937353186778,161.37703493116612,137.2563120266863
2020-07-20,149.38524148758233,162.4267692617627,137.14512876055576
2020-07-21,149.37954494455144,162.50152855376476,136.68473178084025
2020-07-22,149.45763541176606,161.7085463348318,137.3996050912903
2020-07-23,149.39302015203785,161.91917419416436,137.33530199878675
2020-07-24,149.3666476376304,162.18377572225785,137.17435662475364
2020-07-27,149.91510785613312,161.89650128525682,137.07799396050925
2020-07-28,149.9398724545387,161.90191096511717,137.6655483319143
2020-07-29,150.06934952358603,162.27517960981302,137.43891404876254
2020-07-30,150.074309953679,163.5710948430605,138.1960310261354
2020-07-31,150.13281220026383,163.084006900142,137.1339423433068
2020-08-03,150.9982684593936,163.49433500846288,138.36651305922297
2020-08-04,151.14005383679063,163.5690344593636,138.85105364361567
2020-08-05,151.38793449515288,163.2704798174281,138.73246167008236
2020-08-06,151.51047142807977,164.35655277340817,140.0100812275075
2020-08-07,151.68381150368538,163.59072074982242,139.83925143382913
2020-08-10,152.86306500714315,165.47477973567058,141.05779767952524
2020-08-11,153.09606033566888,166.38957889969572,141.19408562395796
2020-08-12,153.42763181287015,166.09514867350242,140.4025957545043
2020-08-13,153.6262343065086,165.43676458370507,140.71951965118794
2020-08-14,153.86811105425932,166.30855921982482,141.5458642011834
2020-08-17,155.2107719217302,168.08153504032762,143.76749255055364
2020-08-18,155.48546768808387,168.19005700229346,142.9920456041402
2020-08-19,155.8529835691095,168.21070630108386,142.49333290841705
2020-08-20,156.08204383371876,167.86529197492018,143.40369673930277
2020-08-21,156.349037530485,168.95912582880803,144.61626815627574
2020-08-24,157.73412572834957,170.9220490000995,145.65049680997248
2020-08-25,158.01084976566872,170.5605690404991,145.4240043932757
2020-08-26,158.37335857169572,171.33630489608782,145.80707195066333
2020-08-27,158.5895823701182,170.61176750035523,146.25257104551136
2020-08-28,158.8350212831031,171.42437869088778,145.91501563109364
2020-08-31,160.09374183441204,172.31793855619497,147.65266668021582
2020-09-01,160.30483136542526,173.17214284800892,147.51494278808178
2020-09-02,160.58876106795134,172.27466362258116,148.44302958880797
2020-09-03,160.7130319233762,172.9391772660595,148.20726351562402
2020-09-04,160.58792398671977,173.0555558314473,146.90277867435483
2020-09-08,160.44798290596975,172.41583293072887,148.75579511031052
2020-09-09,160.30270809531237,173.0982601668932,148.31081292548677
2020-09-10,159.9904224979625,172.6632384401881,147.49298317195021
2020-09-11,159.68875564042236,171.81779700167036,146.81283796274266
2020-09-14,159.22491256965034,170.46350532541243,147.02122532192422
2020-09-15,158.84766208338434,171.93653005623653,146.89591798997915
2020-09-16,158.54385836450663,172.79995067807178,145.49457295150134
2020-09-17,158.08617324350368,170.4897071743716,146.60009174448766
2020-09-18,157.65533746147736,169.88104478430643,145.58216967474186
2020-09-21,156.92889142341966,169.46297131216443,144.22004200631898
2020-09-22,156.51319098332797,169.05016515870696,143.46568994510415
2020-09-23,156.19809481459683,168.35939777977325,144.29768787186163
2020-09-24,155.75705728992804,168.2002201115481,143.95808363521977
2020-09-25,155.3710100544314,168.15316518497434,143.49767435120896
2020-09-28,154.94072461994185,167.15617358272235,141.9001220526029
2020-09-29,154.67234669275686,167.366522563236,141.75108548521257
2020-09-30,154.52481777379163,166.53269702589884,142.55586427759962
2020-10-01,154.2684268741576,166.70216310539425,141.67336051606705
2020-10-02,154.080549012089,165.9290517545743,142.50883850333418
2020-10-05,154.2863373063644,165.35340855743246,141.67576838482654
2020-10-06,154.23001309843383,166.45996567152932,141.26106532652656
2020-10-07,154.28769342248785,166.8457948662253,140.82203759488445
2020-10-08,154.22581002744195,166.68289687771073,142.12063691281364
2020-10-09,154.21819768908088,166.68403343605874,141.86029248644576
2020-10-12,154.85058743995734,167.20596929957313,143.02886652900926
2020-10-13,154.89156024730568,167.15232499476315,142.41440599083896
2020-10-14,155.02223003708866,167.71489854977307,142.45912564927994
2020-10-15,155.00892047362444,167.36222315739812,142.00503464313897
2020-10-16,155.02603877277755,166.81264469557462,141.61750323865132
2020-10-19,155.6049791093656,167.58328513730504,143.71147549925072
2020-10-20,155.59361636895852,168.48652288956316,143.6463272963581
2020-10-21,155.6599006902507,167.99693213647336,142.86655784591895
2020-10-22,155.57381002826048,167.6734421555218,143.63072280386095
2020-10-23,155.51361191214752,169.03924615610688,143.37466081180534
2020-10-26,155.8726704570427,168.07650998120582,145.01125530245702
2020-10-27,155.80453989448418,167.64456164673956,143.59420579333144
2020-10-28,155.82788434768108,167.94860883443087,143.42003989522618
2020-10-29,155.71539433657986,168.25466214563028,143.8790999684026
2020-10-30,155.64751095133607,168.3066220961403,143.96404170881436
2020-11-02,156.10817019485762,169.87049079411395,144.05793835740783
2020-11-03,156.1162081788557,168.9429706363333,143.98143345772417
2020-11-04,156.2355259740171,167.1487636518416,144.01036081924997
2020-11-05,156.23701125965445,168.64020722039447,144.52408259722523
2020-11-06,156.2987009576806,168.13778648924298,144.60942279146994
2020-11-09,157.21016877382638,169.01189143585137,144.39873839753827
2020-11-10,157.37684789784936,170.18975493529985,145.2701578461092
2020-11-11,157.6522997078921,170.06935510636626,145.39957573094367
2020-11-12,157.8033272174511,170.31699878941316,144.86908967243693
2020-11-13,158.004008001452,170.21041819018296,145.08089699410118
2020-11-16,159.2338907446476,171.4451870791543,146.37865659969427
2020-11-17,159.46429282172713,172.40557165514264,147.708122229614
2020-11-18,159.7788835801285,171.60977297736088,147.96802751344262
2020-11-19,159.94342432313846,172.45644251378607,147.03113063242367
2020-11-20,160.13166549736275,173.12110701283578,147.8794212618689
2020-11-23,161.17609766937875,173.85116026664605,148.55326357683282
2020-11-24,161.3012956540718,174.08461000218986,148.5678524472221
2020-11-25,161.49353762985962,174.22855293090603,149.0564658678626
2020-11-27,161.56457122920042,174.32237163217604,149.72107519554376
2020-11-30,162.15509999054908,174.8948870005709,149.42413706935778
2020-12-01,162.13759961834165,173.69695534072747,150.17151666603112
2020-12-02,162.19814552268082,174.52452426769275,150.5779535231002
2020-12-03,162.10953380064637,174.78909066496848,149.53381731789023
2020-12-04,162.05244146487763,174.3476446567253,150.2507377779724
2020-12-07,162.47101372723947,174.11245003890835,150.4677057660838
2020-12-08,162.4420052933872,174.63486993511418,149.77977923821229
2020-12-09,162.51381906954006,173.7339136785964,149.7426459439068
2020-12-10,162.4580128199534,175.76447242365617,150.65455783941906
2020-12-11,162.4532843961411,175.37486338377911,149.79000367864083
2020-12-14,163.11669702817144,175.26298908568438,150.43027711437674
2020-12-15,163.18604155306937,175.08660414117816,150.16215546073425
2020-12-16,163.3573973039519,175.84725847951765,151.14697326919304
2020-12-17,163.3977333712579,176.14396380254743,151.18892067524212
2020-12-18,163.48117188279244,175.36705203802077,152.0438697511151
2020-12-21,164.31874426112552,176.34702559481516,151.92912025422427
2020-12-22,164.4039368256356,176.56895572805146,151.336757412583
2020-12-23,164.56547202745236,177.5606606946923,151.4389841949103
2020-12-24,164.56869134438278,176.32710152153217,152.6431502368525
2020-12-28,165.06647787180935,177.58841660760444,152.31209185115986
2020-12-29,164.98474236522605,177.66466539880312,152.92710169583256
2020-12-30,164.96103922003923,177.68700203117425,153.63541041625615
2020-12-31,164.76517457973583,176.8836043589089,152.6790109246035
2021-01-04,164.43719977575682,177.20150810322036,151.92142954166613
2021-01-05,164.17182425173363,176.9004789111708,151.31548721595087
2021-01-06,163.98590122785978,176.17483320565958,151.56079730170998
2021-01-07,163.6550168342589,176.78776795380085,151.20318504885356
2021-01-08,163.36291915081722,175.05388640243174,151.49173228744942
2021-01-11,163.15408446483212,176.58812547941315,150.5504516246459
2021-01-12,162.95384562989133,174.38877400748473,150.33698763944113
2021-01-13,162.879510620085,175.97623751613656,150.00816428807138
2021-01-14,162.70621805809182,174.3547244253899,150.70213293692288
2021-01-15,162.6160638035527,174.44725593462607,150.02560441158997
2021-01-19,163.38433093984509,175.21380146357706,152.176170856017
2021-01-20,163.66897331359644,175.8500893736872,151.79900492743866
2021-01-21,163.86633745572794,175.89486380806906,151.47080276736364
2021-01-22,164.15031044940403,177.02106828039177,151.98236353854446
2021-01-25,165.83622297214214,178.20460952418165,153.31473547233438
2021-01-26,166.27752433706303,178.37104538678022,154.0210067126697
2021-01-27,166.82529029407476,179.55177015140308,154.96464173062006
2021-01-28,167.23972784791945,179.91397562295668,154.57039048865943
2021-01-29,167.68830484736895,180.92285924794695,155.1817571219248
2021-02-01,169.5049319540938,181.51675057186102,156.71386630577112
2021-02-02,169.8588273222657,181.98655778924496,156.84906609963613
2021-02-03,170.25208639210138,181.8454337607772,157.92130310034295
2021-02-04,170.44604723345876,182.89341668814956,158.6132506882323
2021-02-05,170.61070002939678,182.65332012933052,158.21292474189872
2021-02-08,171.23968913641028,183.61932882318555,158.88394867377764
2021-02-09,171.10651060846746,183.80083521470414,157.7350946537511
2021-02-10,170.97990608196804,183.6247268613694,158.42085132849087
2021-02-11,170.630001138565,183.29201844230485,158.80947335051457
2021-02-12,170.23604109271346,183.25873187685244,156.96741805314923
2021-02-16,168.53979563178694,180.7055731786203,155.67112897573017
2021-02-17,167.92153750131487,180.91994928302722,155.52312578422712
2021-02-18,167.11905163307154,178.44615407785003,155.12043036317485
2021-02-19,166.31847348362314,178.82587259186502,154.15879594017738
2021-02-22,164.3873836215896,176.94884053954448,151.62539942702597
2021-02-23,163.55572398911877,175.53881847160213,151.02677060224678
2021-02-24,162.825503787926,174.41947832837647,151.00812273448807
2021-02-25,161.97446081807354,174.21465211558788,150.61409623504574
2021-02-26,161.18738194788247,174.0846323262171,148.9232704630797
2021-03-01,159.63955410048638,171.64834398116503,147.58526906919545
2021-03-02,159.03547928175178,171.78061423625823,146.38180256391047
2021-03-03,158.57374976334086,170.4815961902462,145.5187673096423
2021-03-04,158.0259473587644,169.67276056983408,144.76531404187142
2021-03-05,157.570435393652,170.100399836379,145.2488430528235
2021-03-08,157.12250589543575,168.9927260737413,145.3177370601725
2021-03-09,156.89946344543498,169.33956583876497,145.0001982124662
2021-03-10,156.816582395949,169.18852178159452,145.64056416004834
2021-03-11,156.64062947955733,168.978508709106,144.59516001265038
2021-03-12,156.5458210487607,169.11913456754627,143.23890674110257
2021-03-15,157.08271513632238,169.6842552139125,144.68301154439294
2021-03-16,157.14917935005232,169.1351675361001,145.35574281214184
2021-03-17,157.33509222293114,169.40657780885053,145.47719976542518
2021-03-18,157.4074283663052,169.35870359196218,145.50271894670536
2021-03-19,157.54117834962923,169.7485787592512,144.61969069814438
2021-03-22,158.65950268156215,170.86624463001115,146.51143022215075
2021-03-23,158.8910830191535,170.8834831339094,145.9706158166392
2021-03-24,159.2310459558435,170.9649764160284,147.10304044746738
2021-03-25,159.44823862472393,171.92305922893368,147.33505964851346
2021-03-26,159.71930556421964,172.89442024781448,147.22813201550537
2021-03-29,161.21569471002647,173.37873961855146,149.14547610101798
2021-03-30,161.56357274890712,174.55792005786276,149.94115473812215
2021-03-31,162.01449999129701,175.74004500538564,149.71398918057972
2021-04-01,162.33625532956887,174.20883539681023,150.19777283385707
2021-04-05,164.42002001793398,177.1824738410044,152.57948154327528
2021-04-06,164.80874501559467,177.23355260907545,152.7829486126111
2021-04-07,165.2793189923361,177.6661272332209,152.65316005336436
2021-04-08,165.59646428006664,177.85790520158022,153.9598413081708
2021-04-09,165.9323315212758,178.31761249953968,153.5370524216755
2021-04-12,167.36537067498134,179.5222608410385,155.23333186124958
2021-04-13,167.5913088704395,180.1605229566647,155.61870896093052
2021-04-14,167.86347901421547,180.35513361343874,155.88318654015288
2021-04-15,167.94685281487924,180.81822229834438,155.29372062238832
2021-04-16,168.01463705070728,181.14400796826928,156.10928862946932
2021-04-19,168.4606366653496,181.27759682547872,156.777499401743
2021-04-20,168.30840917558587,180.0175470341377,155.99233091448505
2021-04-21,168.18561075966275,180.21479616576843,155.17743781967457
2021-04-22,167.86284744327799,180.282799748597,155.69206703649587
2021-04-23,167.51946034784916,179.70876166376425,155.37218543845765
2021-04-26,166.7677775951409,178.76036639487788,153.47033082361443
2021-04-27,166.25079657853317,178.66082803557114,153.38722854342478
2021-04-28,165.79145067689552,178.7708431034178,153.09681549868193
2021-04-29,165.16641356739106,177.3800027374239,153.54522251077978
2021-04-30,164.56053575478256,177.2442038383865,151.55365506820291
2021-05-03,163.3039566960668,175.41276211846073,150.4999273104227
2021-05-04,162.72297029500342,175.31926726463203,149.84030235736876
2021-05-05,162.25426181951153,174.88566799096245,149.40691827234838
2021-05-06,161.67436367257295,174.47811341912225,149.3388734605993
2021-05-07,161.16687188275944,173.21579649497332,148.47009786580955
2021-05-10,160.49635550623742,171.5851169754688,148.50786519505522
2021-05-11,160.19329449779883,172.91611952039798,148.2008044425821
2021-05-12,160.03451514705984,171.5644468904493,147.49055124394405
2021-05-13,159.79000239955494,172.3443419744466,147.6676849367495
2021-05-14,159.63636600740372,171.90717156991684,146.15031327801404
2021-05-17,160.0653786372618,172.30181678483365,147.67918522971834
2021-05-18,160.11743141801838,171.98847150175132,147.20036875836493
2021-05-19,160.2967685418994,173.42933429334235,148.9035591850631
2021-05-20,160.36737357614265,172.76806438121775,147.79604381126524
2021-05-21,160.50057729549172,172.60785563747436,148.38812505760944
2021-05-24,161.5808687584286,174.05806722764376,149.63514383236915
2021-05-25,161.77204935104754,174.0204869167436,148.63107263670338
2021-05-26,162.0500703440096,174.59883643395517,148.96753137089362
2021-05-27,162.17964516328027,174.19043811219544,149.3731628956474
2021-05-28,162.33386509656685,174.90797058193314,150.12267524003184
2021-06-01,163.37682995932283,175.77403495044777,150.124730376314
2021-06-02,163.54270786293716,175.97497057188355,151.85968960767073
2021-06-03,163.54916631796561,174.89588564232622,150.68332023605024
2021-06-04,163.57526623674372,176.73589126324273,151.1656054338703
2021-06-07,164.16663343310088,175.8081355586226,152.19910030014296
2021-06-08,164.17142974445616,176.44085541246724,151.3333151207839
2021-06-09,164.26782798757722,177.52459503950664,151.73604014856855
2021-06-10,164.22997931259846,176.3947299948172,151.46474087680633
2021-06-11,164.23974744833896,176.94670942081635,151.36877060241036
2021-06-14,164.96428052260464,176.90010687934816,151.85765330909973
2021-06-15,165.07418139903203,177.50916849667155,152.9553710175816
2021-06-16,165.30367487935098,177.09762580278698,154.10522430837094
2021-06-17,165.42415788170692,177.3556677434282,153.44342567210646
2021-06-18,165.61395226737568,178.353384566822,153.12813712030908
2021-06-21,166.96373781955566,178.98873280941163,154.24552740550234
2021-06-22,167.29315021790143,179.1231434694816,155.10896065282395
2021-06-23,167.73840109730799,180.10412753375516,154.97276815297016
2021-06-24,168.06522969446817,180.2190792316401,155.91742851333638
2021-06-25,168.44645948504817,182.0658790092402,155.77541282690706
2021-06-28,170.23145102595493,182.35672007956634,157.63749247119316
2021-06-29,170.64567682611386,183.1099909160591,157.8828216884888
2021-06-30,171.14036281399365,183.46081139906366,158.4118154695598
2021-07-01,171.47927948084813,184.24858183206086,159.96156056445432
2021-07-02,171.83413964008568,183.21891167174363,160.1312668815435
2021-07-06,173.55158296643418,185.93402250143237,161.77356269429305
2021-07-07,173.84108710701872,186.68832073316997,160.7904569116224
2021-07-08,173.94724813503225,185.64196202198735,161.58413504196017
2021-07-09,174.0445818058661,186.16922542782706,161.8366562645651
2021-07-12,174.6570274977816,186.8749913917056,161.57992022153746
2021-07-13,174.59544161015063,187.12258914026978,162.43571832182286
2021-07-14,174.58488026887176,187.06188723863232,161.57293750705912
2021-07-15,174.39775999248837,186.17997631587795,161.57916082441048
2021-07-16,174.21469210092746,186.99485633084197,162.48587975766455
2021-07-19,174.0950644258917,186.40733193065867,162.47115230698512
2021-07-20,173.83659889114853,186.79970399275274,161.25676246974308
2021-07-21,173.65658399875267,184.41090173749296,160.6619910977316
2021-07-22,173.32876719741884,185.9960699153226,161.33697681909084
2021-07-23,173.03442850384585,185.57705425905212,160.94475895378585
2021-07-26,172.75478445952194,184.11275456892278,160.0143562181095
2021-07-27,172.49715059704775,184.67472152911785,159.52308627695746
2021-07-28,172.34196425775963,184.6653105033627,160.09699180726392
2021-07-29,172.06055130416289,184.04020944637944,159.95326351273144
2021-07-30,171.8315074575971,184.60851190907596,159.76088815115762
2021-08-02,171.832136198489,184.40107762508504,159.28442350754685
2021-08-03,171.6862888641158,183.96603863237706,158.20155795997795
2021-08-04,171.64740042376354,183.6871818676529,159.8238283878022
2021-08-05,171.48426353359838,184.16285768232368,159.07789864568966
2021-08-06,171.37319428981678,184.20393061967434,159.25635775481967
2021-08-09,171.70764047673535,184.4280104296297,159.7342676088799
2021-08-10,171.66187537885398,183.75652367623306,159.58621006537456
2021-08-11,171.7160321785536,183.4993516939476,158.7537332688363
2021-08-12,171.63848474153497,184.35142178109137,159.55424142812188
2021-08-13,171.60538545825122,183.92132453468906,160.12842859021717
2021-08-16,172.12930860849218,184.8144722641743,160.79881834003345
2021-08-17,172.1329492626933,185.07761867992787,160.15152600918518
2021-08-18,172.2302988845342,184.78758296848298,160.70392752660658
2021-08-19,172.19010547928502,183.77141220374642,159.09517513886112
2021-08-20,172.1888166094258,184.55614359841655,160.0898455515471
2021-08-23,172.77596477055198,185.13093836253356,159.8603336740981
2021-08-24,172.7895099722972,185.26639959647346,159.82507981987212
2021-08-25,172.8905371060001,184.7848307855323,160.19274271924104
2021-08-26,172.84716538631565,185.61266333798827,161.6178856244728
2021-08-27,172.8350776870519,185.6843625255154,161.5834921647586
2021-08-30,173.33514343434052,185.6432010934862,160.67173935201674
2021-08-31,173.29831528463276,185.89450336778333,160.18412951271526
2021-09-01,173.33685115278485,186.01875595064183,160.79881532148056
2021-09-02,173.21818582977863,185.48432740195557,161.12413700621354
2021-09-03,173.11751546788895,186.14093194136163,160.60916022004585
2021-09-07,173.0933614935618,185.88367166674365,161.2441906195093
2021-09-08,172.97897566039381,185.94214816841483,161.12191943863837
2021-09-09,172.69764907402785,184.95424594535027,160.74394137285188
2021-09-10,172.42644329447057,184.71552605866088,159.76853506304832
2021-09-13,172.04498800870613,184.0899500369113,160.00420691553032
2021-09-14,171.69019448246064,184.79249518951286,159.2166637068643
2021-09-15,171.40539485877147,184.03277033246866,159.54222723516403
2021-09-16,170.96275684330095,184.1481262471364,159.47372540495374
2021-09-17,170.5425725284911,183.48412209487046,157.94524625499255
2021-09-20,169.81858062311295,182.6285080789531,158.01182190960708
2021-09-21,169.39331674794045,181.59315072167726,156.242357948568
2021-09-22,169.06346496205393,180.4834717915211,156.90723890610752
2021-09-23,168.6026497267366,180.1388028580995,155.94864938360723
2021-09-24,168.19208595671037,180.070341790352,155.8376006754913
2021-09-27,167.6642265296799,179.45703548595648,155.26810995057474
2021-09-28,167.3572419953602,180.57228529063133,154.6629379933692
2021-09-29,167.16920999867096,178.6618755194408,154.57618375702427
2021-09-30,166.8711805801054,178.23209117694233,154.41309869848064
2021-10-01,166.64131311921633,179.34934343980512,154.04233623745117
2021-10-04,166.7267944817056,179.46740845721078,154.1134420347454
2021-10-05,166.63467764950695,178.57020725404973,153.53082611677954
2021-10-06,166.65978028020524,179.36027652594387,154.37009292856305
2021-10-07,166.56904303048003,179.40214463172504,153.1326896001418
2021-10-08,166.5367044716582,179.29361455886823,153.7395579494578
2021-10-11,167.12193581895897,178.7837888779328,155.6110019307693
2021-10-12,167.15631489251493,179.7485217330665,155.33281436444955
2021-10-13,167.28469461058143,179.912445946036,155.389099647504
2021-10-14,167.27306055582798,179.83638105249779,155.68074796888757
2021-10-15,167.29537248982177,179.282081480894,154.84399011484706
2021-10-18,167.90518250260314,179.9234394540844,155.47586658604644
2021-10-19,167.90693968215044,179.88113283360738,154.84328797976602
2021-10-20,167.98653278766008,181.60682432083723,155.91955483422615
2021-10-21,167.91319363275016,179.70067749528533,155.7703779493543
2021-10-22,167.86446760636753,180.21444804132764,155.5580473471711
2021-10-25,168.24384729536249,180.51922459271188,156.34395082115878
2021-10-26,168.17605278273888,181.78170749804863,155.22244466308805
2021-10-27,168.19590042526423,179.9939307040269,155.27393019589096
2021-10-28,168.07589075794647,179.90160875643411,155.6731276878985
2021-10-29,167.99640415573506,179.6862510854949,155.8979470929583
2021-11-01,168.3991066241645,180.49481039696286,155.99350110949692
2021-11-02,168.38118642188843,181.3171613667693,156.05677926923815
2021-11-03,168.47204531316066,180.23054811999825,156.2816066865041
2021-11-04,168.4432020536595,180.7811985426112,155.9437241124541
2021-11-05,168.25212160237427,182.06667531849877,156.47233082026435
2021-11-08,168.40584059746305,180.9136805782223,155.22968338427083
2021-11-09,168.32268746470595,180.44763990773535,156.23098046209037
2021-11-10,168.35090143372665,180.54620378822204,156.0365893757954
2021-11-11,168.25793250371188,181.2251597885565,154.7511154980375
2021-11-12,168.21842038885634,181.04569787064216,156.0930854926788
2021-11-15,168.75455062317982,181.32382004095487,156.46884689077584
2021-11-16,168.76335551477425,180.9231270338113,155.64647141683398
2021-11-17,168.86119498658587,180.54915802981313,156.4112236404935
2021-11-18,168.81363596674706,180.7660062372312,156.25601243925797
2021-11-19,168.79410249959693,180.81986969643125,155.74472858017177
2021-11-22,169.23613444018625,182.4231253785411,157.42256567835972
2021-11-23,169.16534929099623,181.3784209828974,156.3645902477089
2021-11-24,169.1627637069958,182.7657338298728,157.2253641952882
2021-11-26,168.84436553379788,180.95196988452506,156.55576003490913
2021-11-29,168.83953403503162,180.9332013813178,156.44477428404628
2021-11-30,168.61782453933253,180.80852255723767,155.955243512823
2021-12-01,168.47038852929754,181.1077025462472,156.3457300504161
2021-12-02,168.1696612533629,180.74252393923192,156.2679846168312
2021-12-03,167.89609495056814,179.9393986616573,155.7357653518308
2021-12-06,167.63902762847775,179.4909141949593,154.4613590310244
2021-12-07,167.3767764127911,179.62968268915782,154.54859880971398
2021-12-08,167.2120350244693,179.69872881836255,154.76912305078983
2021-12-09,166.9169679169853,178.94465538602623,154.64701835057707
2021-12-10,166.6709800550512,178.51981250101795,154.92279366105333
2021-12-13,166.60673780429087,179.21358046399445,154.60175916977488
2021-12-14,166.43511502527852,179.43845062344803,154.38071654078902
2021-12-15,166.36772473022052,178.39559611944435,154.0292066764102
2021-12-16,166.1723298150973,178.3884752096038,153.05681876664542
2021-12-17,166.02376617978905,178.77958326415958,153.314387953143
2021-12-20,166.19314464278395,177.95572454853703,153.01645628134182
2021-12-21,166.06598645692355,178.0071200563312,154.7645076089676
2021-12-22,166.0205136272024,177.57119763131286,152.53451771804143
2021-12-23,165.8218998222002,177.88529751901729,154.6713130280303
2021-12-27,165.5547433991743,177.32564910941653,153.26928416050387
2021-12-28,165.28866883706877,177.71626459192785,153.80100109971806
2021-12-29,165.08145696638115,177.55311868564692,152.69187840699738
2021-12-30,164.70179154958174,176.56623613776893,151.94186621788614
2021-12-31,164.32696370035995,176.10348003560202,151.6533609316599
2022-01-03,163.61236302498403,175.55026544950263,150.48064399168038
2022-01-04,163.14446814495793,175.58111999149145,150.3259800775032
2022-01-05,162.74920542291457,175.40128881064382,150.88895302459193
2022-01-06,162.20140775671283,173.84375802874058,150.05417821197247
2022-01-07,161.6842421108932,174.34356895185948,149.36688201229754
2022-01-10,160.7484549722271,173.21530954367452,148.99828789649987
2022-01-11,160.2887963292817,172.2563587445013,147.8787363165345
2022-01-12,159.94712675876198,171.6772965944916,147.93763019977726
2022-01-13,159.4992994724851,170.52613929960913,147.20420557171025
2022-01-14,159.12833241268638,170.84024849133823,146.5476820822962
2022-01-18,158.73512971603338,170.62044243409116,146.16571320032457
2022-01-19,158.72713577200344,171.36905594826672,146.50683163055882
2022-01-20,158.6341429042409,171.53178329138825,146.46244950459626
2022-01-21,158.63166426447063,171.16009383300357,146.57592292534295
2022-01-24,159.49703117019988,171.46687436182935,146.74157534471928
2022-01-25,159.68232283697836,172.34452474821174,146.86343480085733
2022-01-26,159.984718311853,172.76783896304542,148.29421763404753
2022-01-27,160.16525572091663,172.4164418273892,147.88191483964854
2022-01-28,160.3920007696811,173.44483984056038,147.45675462033614
2022-01-31,161.61772202529784,173.31204828517363,149.91301293847167
2022-02-01,161.79893059308026,174.18088055435115,149.01729160406072
2022-02-02,162.03070691245384,174.68185098701517,147.9721798146365
2022-02-03,162.07346159218784,173.6607734338804,149.8589357365043
2022-02-04,162.09603966076682,174.34249809128653,149.6792981847949
2022-02-07,162.33944353103536,174.6952813090795,149.6276842990477
2022-02-08,162.0858937918346,174.45855097944644,148.69496491028534
2022-02-09,161.84009301268856,174.72615105582824,149.40015284099874
2022-02-10,161.37038036594384,173.2243767846328,148.68674226318012
2022-02-11,160.8542403323557,173.28835965208248,149.20868613472788
2022-02-14,159.41691741285663,172.33540793947367,146.62434288821467
2022-02-15,158.61330953438286,170.68658816040272,147.03841795052625
2022-02-16,157.83803314984783,170.58092549577668,146.19204038550563
2022-02-17,156.86808194329984,169.22206447361475,144.0407444849354
2022-02-18,155.88890996205268,168.25216803500578,144.08257598986123
2022-02-22,152.29501068024086,164.95623639329992,140.61189321220004
2022-02-23,151.32843489682554,163.5398753164521,139.56772009233984
2022-02-24,150.23059767870382,161.82278518523458,137.99314158513812
2022-02-25,149.187098428717,162.1419589155344,136.7942251835241
2022-02-28,146.82234735922233,158.76957320724884,134.16476131357544
2022-03-01,145.9338889733678,158.83675429770372,133.43058375089615
2022-03-02,145.18375705631195,157.27174221317387,132.67937962980764
2022-03-03,144.34474701640454,156.92456415661064,131.5047844109864
2022-03-04,143.59639550318016,156.47720446325508,131.69026919679348
2022-03-07,142.27074415318424,154.43499576763514,130.05623267705153
2022-03-08,141.75839311361116,153.70269889610947,128.9176428923562
2022-03-09,141.38901634379738,153.41200936816995,129.2956091009271
2022-03-10,140.92987664327347,154.0988290627185,129.15647107665973
2022-03-11,140.55554041662106,153.31296496956074,128.5641276035561
2022-03-14,140.27720846100593,152.59830256897735,127.35825055523603
2022-03-15,140.07955576108174,152.60925461802745,128.59694660407646
2022-03-16,140.00482203550658,151.81806121098023,127.70778186292715
2022-03-17,139.8196589791465,152.17646280753274,127.5866030097365
2022-03-18,139.69868603342667,152.43159312621938,128.0943548818484
2022-03-21,140.06554686500613,152.51358437567123,128.22465797280358
2022-03-22,140.04963377472737,152.3532921552931,128.17210144217444
2022-03-23,140.14309074432057,153.5138140612107,127.09879460247896
2022-03-24,140.1145624744605,152.3490592986021,127.16176834839523
2022-03-25,140.14057909738958,153.41210966917768,126.7962754421307
2022-03-28,140.90617404341714,153.71864784370865,128.5001334968949
2022-03-29,141.0125234891125,152.94667974547372,128.7372097199816
2022-03-30,141.22350596815468,153.76839496969097,128.06583642030307
2022-03-31,141.3073551934473,153.7250357740641,128.94027745016214
2022-04-01,141.43966314105555,152.92487137000097,129.0096172037562
2022-04-04,142.47082203117836,155.88565638518935,130.16706109290115
2022-04-05,142.64021562745748,155.23297103073048,130.85616574781753
2022-04-06,142.8968636309278,154.91653326072858,130.1864426559003
2022-04-07,143.00594869971565,154.667217415664,130.533369036359
2022-04-08,143.13999214608802,155.46010866422495,130.63633814547782
2022-04-11,144.0069389053857,156.9213104978726,130.95881914289234
2022-04-12,144.0572717372211,155.811430054901,131.52676315185107
2022-04-13,144.15998610724694,157.03080107125064,131.07523947552045
2022-04-14,144.07957879578683,156.96038433131469,131.74021333486624
2022-04-18,143.98022744035038,155.98736665298443,132.24655834342062
2022-04-19,143.6803804583339,156.33717593654782,132.0026522412119
2022-04-20,143.40994071127116,154.9514481618248,131.59056584850345
2022-04-21,142.93825947505925,154.78071278806314,130.6153958309356
2022-04-22,142.44340387949634,154.56070048091956,129.6710132815642
2022-04-25,141.20961668015698,153.0684949914083,127.79006660304681
2022-04-26,140.51889515198977,152.02488571884834,128.1560495826625
2022-04-27,139.8776495101889,151.8474493645567,127.47317636887826
2022-04-28,139.06178189773405,152.04973431809063,126.00256464897787
2022-04-29,138.25554326862735,150.85053000846503,125.83190542091143
2022-05-02,136.33759885333643,148.16024007205363,123.92921998356671
2022-05-03,135.5160544467386,147.60248268793902,122.7930471161832
2022-05-04,134.7972509683438,146.6292428048876,121.99404600791298
2022-05-05,133.95832974580406,145.98082644938677,121.52365586153422
2022-05-06,133.18367898682916,145.4537586077638,120.57787852401849
2022-05-09,131.67312375556708,143.7129956900645,118.37818188747742
2022-05-10,131.08510006816903,144.20026841253485,119.15765748555995
2022-05-11,130.63914942688285,143.3367665566988,117.7308924961803
2022-05-12,130.10663428696014,143.36268803660943,117.7723530499706
2022-05-13,129.66553027235034,141.4005458500886,118.08303151815981
2022-05-16,129.24814815446604,141.89730840470037,117.08742280718093
2022-05-17,129.02717341872545,141.65971880301873,117.15664456724524
2022-05-18,128.93957664501852,140.48064112695846,116.02206721532914
2022-05-19,128.7500152075611,141.03718792694633,116.89754647583011
2022-05-20,128.63030399861168,140.86113259518714,115.9156591058367
2022-05-23,128.99719725237682,141.871473606536,116.10982408387025
2022-05-24,128.96530181827416,140.72825638295183,115.97353902583502
2022-05-25,129.02693306343517,141.65445774331243,116.0626110559519
2022-05-26,128.9461393693302,141.8812119236475,116.88497061538763
2022-05-27,128.89520076693202,142.43833612840822,116.19285014039055
2022-05-31,129.14973365282975,141.22885835023305,116.45469132718524
2022-06-01,129.1210718779674,140.46774679295456,117.08249695617316
2022-06-02,128.9317959584455,141.80208630485657,117.69243821179415
2022-06-03,128.7599280848336,140.93091485544687,117.2332534067582
2022-06-06,128.73507433893593,141.34255345136347,116.65831009369067
2022-06-07,128.52470536949338,141.02934830064956,116.63617011135321
2022-06-08,128.40028999733542,140.92188564972386,116.19958033087356
2022-06-09,128.13577798413587,140.03010323059735,115.44321594553345
2022-06-10,127.91301339343957,140.6010160426735,116.24901751686139
2022-06-13,127.90721229124523,140.75487482247863,115.49190345230834
2022-06-14,127.76441451406862,139.52124350225176,115.05817228590091
2022-06-15,127.73777596075621,140.55750178660585,115.09151379164642
2022-06-16,127.59958702426417,140.24697404120835,115.03863363799137
2022-06-17,127.52914786012906,138.83635166133172,115.00578171225887
2022-06-21,128.17279702941838,141.61577877852872,116.1533962917659
2022-06-22,128.36572008958575,140.78112314172688,117.02449840375301
2022-06-23,128.44476044530683,140.93384921908876,116.28122326219572
2022-06-24,128.58354404562607,140.94703448390274,117.14742899482862
2022-06-27,129.67932950764734,142.15391824032233,117.71392053026979
2022-06-28,129.87781181848146,142.07690154441403,116.49732347810321
2022-06-29,130.16398843768116,143.29450943519342,118.2164122095288
2022-06-30,130.30152579769492,142.55067354001918,117.56217870121937
2022-07-01,130.461872387765,143.39113992358978,118.59205141261913
2022-07-05,131.45961057762935,143.2201336966287,117.98979360360231
2022-07-06,131.58016149247078,144.35089036896534,119.29593633586832
2022-07-07,131.52000780227903,143.88999378157834,118.67755968905445
2022-07-08,131.45411622255398,143.6369991828883,119.17831593149259
2022-07-11,131.5772151107856,143.43565195265685,118.61536604897192
2022-07-12,131.35321092125054,143.01849002725254,118.55285316438463
2022-07-13,131.17733515002382,144.61838468767186,119.06340145924824
2022-07-14,130.82128734901252,142.60217029344994,118.26552821701631
2022-07-15,130.46506565418233,143.27056285071714,117.69769245997803
2022-07-18,129.79623928909513,142.54500971789452,117.5444197172711
2022-07-19,129.34395239848874,141.01937612448694,117.53574309116907
2022-07-20,128.9646263103649,141.6139130297219,117.24800228753124
2022-07-21,128.4321176450424,140.34390233443366,116.25515044224194
2022-07-22,127.92792178390663,140.5099457933217,115.84735020561655
2022-07-25,126.99120379132657,138.78613329404732,114.29403530284738
2022-07-26,126.50688441833414,138.48571021578456,114.0313544101899
2022-07-27,126.12205134290228,138.42643327588078,114.05895768351635
2022-07-28,125.60858687675284,137.74129533275502,114.29679603197289
2022-07-29,125.14564391312155,136.90886729826764,112.43556649402275
2022-08-01,124.438769633373,136.70965199127005,112.42223420646648
2022-08-02,124.05673007984741,135.45651421847919,111.60665850631077
2022-08-03,123.7821347146511,136.22949948851038,111.59678674185803
2022-08-04,123.3840866992832,136.20868252948765,110.76462718154215
2022-08-05,123.0391496137405,134.93841007591675,111.19230347525723
2022-08-08,122.67980116014233,134.71697780833182,109.43477798330679
2022-08-09,122.40560898474214,134.67973346706032,109.2626420876441
2022-08-10,122.23275645213724,135.16574143549295,109.55190733032835
2022-08-11,121.92956295633843,134.56971748668684,109.32607239947592
2022-08-12,121.67210392951114,134.10404737578233,109.31343572339108
2022-08-15,121.52977002576722,133.4261144706503,109.15920764056136
2022-08-16,121.31332554533473,134.23628851710976,109.68502560611293
2022-08-17,121.19149565754151,133.9513335520847,108.20896169503501
2022-08-18,120.93301096494159,133.4085078127671,107.4872852210011
2022-08-19,120.7143342261588,133.0035658681096,108.10215129407813
2022-08-22,120.65540789519578,133.2407622671271,109.13768074469525
2022-08-23,120.4560099732343,133.15362497631176,108.45013634122589
2022-08-24,120.34556134337868,130.9887602740333,107.24312444097582
2022-08-25,120.09236399428465,133.09632423579347,106.82071447022079
2022-08-26,119.8722897528168,132.72803615549438,108.55578952940036
2022-08-29,119.76120189761797,131.4087184526738,107.44597640225967
2022-08-30,119.52540177970447,131.7307490750851,107.7505697380592
2022-08-31,119.36748427297151,132.27469135173337,106.3420047036636
2022-09-01,119.05489585788571,131.91849128888276,106.48594172475664
2022-09-02,118.76278284598834,131.09981004871156,106.02438724031711
2022-09-06,117.99425101182085,129.5274649465804,105.13431403444258
2022-09-07,117.69830798250959,130.25273542774346,105.16975775790908
2022-09-08,117.2361459583716,130.3537156937776,105.33745102120085
2022-09-09,116.78431090833314,130.5258088763543,103.96417415534103
2022-09-12,115.85647378976468,128.27952870998143,102.96018195227556
2022-09-13,115.31604656107788,127.07891943767886,102.72830116895175
2022-09-14,114.84285945420837,127.84522082098681,101.7853397617532
2022-09-15,114.20851560016747,125.72283086488893,101.87987500199705
2022-09-16,113.5927889227714,126.37051234546195,101.86933214394597
2022-09-19,112.25497962298084,124.08033105544986,99.2073937528462
2022-09-20,111.61508431536676,123.94269106774341,98.51434490355008
2022-09-21,111.06535761005364,123.89408475109246,99.50074255815686
2022-09-22,110.37945069344424,123.06673253477669,97.80175923551259
2022-09-23,109.73871989873912,121.86405299665833,97.40085025927343
2022-09-26,108.49300267948018,121.12462834240297,96.51909163385814
2022-09-27,107.93916311039686,119.56600025235022,95.95666678308618
2022-09-28,107.50149030593714,119.29516442398227,94.94349594380623
2022-09-29,106.95173927955113,119.14547742520104,94.5939301670683
2022-09-30,106.46882155350734,118.7368605592662,94.8204093766916
2022-10-03,105.79500495633667,117.31856570149932,93.00497955388045
2022-10-04,105.452307511156,118.2568035990171,93.45437084786816
2022-10-05,105.22928170157236,116.48028467658192,92.45788472294292
2022-10-06,104.89348884710189,117.07307291795978,92.81729590180062
2022-10-07,104.61970065768645,116.69008606333136,91.50905341267418
2022-10-10,104.50595459790202,117.45353239259703,92.66174409978821
2022-10-11,104.3164447593962,116.31410426609897,92.07412205541767
2022-10-12,104.22549317207967,117.04163285066964,91.48969214302225
2022-10-13,103.99889766363114,115.74015549101563,90.12767985174541
2022-10-14,103.81030894420557,116.39331833476727,91.86328797908085
2022-10-17,103.80708584617273,117.18898640097167,91.34178585410858
2022-10-18,103.60905426707757,115.68441696161149,92.42890556699913
2022-10-19,103.48998014201872,115.61297841135982,91.23773600023866
2022-10-20,103.21835031410227,115.64660442148048,90.21684409305216
2022-10-21,102.97096148266965,114.9705793740821,90.67922628304323
2022-10-24,102.74503988618174,115.40634383001554,90.48284027306015
2022-10-25,102.47029605055388,115.1397040614656,89.93145516283245
2022-10-26,102.27977101517298,115.18617749671785,91.21794185460917
2022-10-27,101.94562286122897,114.03562337400149,88.83599711901557
2022-10-28,101.64801048140423,114.35329045499071,90.02691457031695
2022-10-31,101.37213429093754,113.86464289181983,88.22092205071453
2022-11-01,101.12051245947455,114.07414134734411,88.74305706272054
2022-11-02,100.97450447575473,113.46815611705215,88.69229458483731
2022-11-03,100.706148782599,112.79271935215763,88.44991121255981
2022-11-04,100.49479290710102,112.75693119831095,88.16912945438933
2022-11-07,100.5825661563434,112.01486694274618,87.82683100290151
2022-11-08,100.47826519176884,112.79451565476492,88.14018442253158
2022-11-09,100.48702805853824,112.01218973759941,88.05271790714676
2022-11-10,100.37702971479408,112.7713202691889,87.8511297628606
2022-11-11,100.32357505886002,112.63670509828698,88.32077196441566
2022-11-14,100.84174385571389,113.5929795449104,88.56184436403142
2022-11-15,100.85375046137449,113.89087642502444,88.9998115150342
2022-11-16,100.9596874984694,113.5066980802664,87.73477795767566
2022-11-17,100.92509922073148,113.05896448885724,89.30241758911768
2022-11-18,100.92324925953774,113.1265181734434,88.89786133238312
2022-11-21,101.44305151306004,114.79007793202642,88.93070189171887
2022-11-22,101.40466774643556,113.2005596788736,88.90316932202181
2022-11-23,101.43660712299564,112.99666162985422,88.71033748486217
2022-11-25,101.19051731542618,113.65610604668771,88.71099514830077
2022-11-28,101.29020949064272,114.27888646893297,88.66356238418406
2022-11-29,101.09923265100325,113.50263680283408,89.17593053286568
2022-11-30,100.97938006995354,114.01689497788857,88.8886774852563
2022-12-01,100.70257356661456,113.26248549631673,88.65542061664681
2022-12-02,100.4488722598919,112.97448693663634,87.88325778720181
2022-12-05,100.2251856864326,112.8483334900472,88.24959213243729
2022-12-06,99.96542444811934,112.16460952372616,87.0316277348782
2022-12-07,99.79927023608235,112.10466890715638,87.2129317682086
2022-12-08,99.49934410555224,111.4714130988905,88.02638335201189
2022-12-09,99.24562968418994,112.49572948356229,86.74955586496218
2022-12-12,99.14824221224899,112.1557307646354,86.3656676208455
2022-12-13,98.96499131485974,111.65349405521911,86.85435040456683
2022-12-14,98.88712988707742,111.74037442377693,86.12526657612085
2022-12-15,98.6832772189492,111.11054363980647,86.6867164688685
2022-12-16,98.52907893610733,111.1442056562912,85.65665426147844
2022-12-19,98.70533755759352,111.00285471851616,85.37294188416676
2022-12-20,98.59010144173648,111.65458259363477,86.62822259880339
2022-12-21,98.56185716422634,109.80990997915184,86.18647649314289
2022-12-22,98.38582907042739,110.31451408355211,86.05355848665303
2022-12-23,98.23489875957897,111.2417444290065,85.7089455087955
2022-12-27,98.03550694802382,110.87253303770291,85.61409003828699
2022-12-28,97.87450178569517,110.41271787661911,85.89119697485411
2022-12-29,97.54214344045624,110.17230703702303,84.91293398210703
2022-12-30,97.21461661132633,109.7392340141603,84.515200700383
2023-01-03,96.19797551853854,108.85191215247309,84.91601632237553
2023-01-04,95.83268362691744,107.61084566780907,83.34699429283219
2023-01-05,95.30824879066107,107.77502983144132,83.40876514249817
2023-01-06,94.80704555321682,107.67749690648193,82.29751820317477
2023-01-09,93.86943902989606,105.37770228106781,81.14729708503958
2023-01-10,93.39184422922345,106.45904791188437,81.26189534877487
2023-01-11,93.34943218783535,105.18071080872923,80.20948022294162
2023-01-12,93.19280300993508,105.40286018071414,80.99068291826576
2023-01-13,93.10563521954523,105.45592241047875,80.76579394910628
2023-01-17,93.79385804513265,106.51041032388382,80.96124147003837
2023-01-18,94.0492807465539,106.73484335075622,82.09615242299543
2023-01-19,94.21994973053542,107.07073844594059,81.29364189613179
2023-01-20,94.4830035255917,106.10852670327579,82.7628144799107
2023-01-23,96.17229180136393,109.11301939646735,84.96535634849255
2023-01-24,96.64637577665954,107.86040660848275,84.26937447872473
2023-01-25,97.2468695037279,110.39738723968463,85.51610844276759
2023-01-26,97.73590259071526,110.06442428066607,85.45202567679848
2023-01-27,98.28242698319981,110.58429260665025,85.1556267980635
2023-01-30,100.54052576053827,112.56461482268452,88.06063083212373
2023-01-31,101.09071497504574,113.78021979444267,89.11152865990985
2023-02-01,101.70349865345916,113.62015633786979,89.3870356044285
2023-02-02,102.13866008145958,115.03383739916775,90.34045151968206
2023-02-03,102.56417465053202,114.53588279747107,90.46254233786219
2023-02-06,104.06767127859244,116.17525571589863,91.78030915579959
2023-02-07,104.24640679030993,115.8709542927437,91.79950634425694
2023-02-08,104.43627523324173,116.5864165211272,92.62235471899301
2023-02-09,104.4038527643522,116.53281930256867,91.45799924349897
2023-02-10,104.32483718864233,117.50009975695446,92.44996962609659
2023-02-13,104.1804935663464,116.88410989032003,91.61622517858859
2023-02-14,103.79636426788117,116.77220572946031,92.1180906803851
2023-02-15,103.43244457927301,114.87003289870673,91.12214055369417
2023-02-16,102.86456657670712,115.7142210332537,91.0542218761315
2023-02-17,102.27722636997999,114.62703474685985,89.83581251476731
2023-02-21,100.13694963826802,112.29571791536176,88.10023130762266
2023-02-22,99.50456193410452,111.39190302014946,86.89955585762971
2023-02-23,98.72969902386362,110.6733447031763,86.89138524201591
2023-02-24,97.99855775595863,110.25209637955963,86.25523606529278
2023-02-27,96.5156291771335,108.85685475130319,82.87432636055387
2023-02-28,95.90614376140269,107.79905718816687,83.50671028123612
2023-03-01,95.4294371240868,107.54114199889275,82.2774515386027
2023-03-02,94.85952722896103,106.84123301087793,82.96830379744439
2023-03-03,94.37716989304955,106.83810713909742,82.53034018274556
2023-03-06,93.84239756841635,105.62648189216162,81.29578692043725
2023-03-07,93.59475125705664,105.93153581375655,80.68730310926385
2023-03-08,93.49206976164325,105.18475628269852,81.28755923321756
2023-03-09,93.3022914698397,105.34399829131503,80.43497364519563
2023-03-10,93.20051527242254,105.43038271718505,80.88065868289942
2023-03-13,93.76220496077397,106.27926150382014,80.4879519687348
2023-03-14,93.89366504866923,105.85740855359337,81.17861943964593
2023-03-15,94.15181670869063,105.47225209184116,81.76741415087274
2023-03-16,94.30307992634489,107.72026091322208,80.73194005516471
2023-03-17,94.52176678720068,106.7583504420608,82.56063437870952
2023-03-20,95.92326415239667,108.60265363046422,83.22661541508528
2023-03-21,96.25613768039312,109.22791410564841,84.67455201427164
2023-03-22,96.69972611389508,108.88137711365736,85.0086133839258
2023-03-23,97.02237973684248,108.63988191445877,85.70785621948296
2023-03-24,97.40040606574807,109.15229089491964,84.6253665263127
2023-03-27,99.22610393199864,111.90958301619618,86.8068010386732
2023-03-28,99.68737535374626,112.13034028803956,87.71384276971476
2023-03-29,100.25440790989771,112.43895405036264,87.68753842599207
2023-03-30,100.69578919192068,112.95008307541151,87.7779871308021
2023-03-31,101.18754749007415,114.28286532822516,88.80841722324455
2023-04-03,103.3138450064671,115.15667288602256,89.53564024211998
2023-04-04,103.85581112716866,116.12596911900513,90.6654512714973
2023-04-05,104.48976928550839,116.39922683522518,91.53719496309371
2023-04-06,104.98144339503854,117.76104894448797,94.15292076625785
2023-04-10,107.5737801128682,119.73651338806286,95.3525837859448
2023-04-11,108.03830735102389,120.26305128225708,94.80079444970042
2023-04-12,108.56173593471063,119.68374206690025,97.1905008272047
2023-04-13,108.90828634194706,120.25834720217568,96.5120050965949
2023-04-14,109.25009929383346,121.75466236697166,96.53006329232403
2023-04-17,110.56818355020302,123.36802531775037,97.83802173091071
2023-04-18,110.71696810842299,123.55337184217058,98.4235136358249
2023-04-19,110.89663584875171,122.39493792712528,98.31758437368168
2023-04-20,110.8753475347108,123.06329550182892,98.40150461680146
2023-04-21,110.82992491475457,122.80945385829148,98.79103192357866
2023-04-24,110.92600384364805,122.63105081256276,98.82808599874829
2023-04-25,110.66834009270941,123.39456183012177,98.47212370644301
2023-04-26,110.45316750822084,122.50287992734502,98.31939746746009
2023-04-27,110.05543114522709,121.99378586831145,97.60481017768143
2023-04-28,109.65857050290279,122.41951962726685,97.05268522115449
2023-05-01,108.91073492851294,121.29161768765061,96.53866743642968
2023-05-02,108.45902155452411,120.23978730134908,96.615031321577
2023-05-03,108.10002916392995,121.41115308046439,95.58193913584434
2023-05-04,107.61126015709469,119.59293224227338,94.83681378063568
2023-05-05,107.17766350829307,119.24340018223975,94.8075717001865
2023-05-08,106.6439885269214,119.04883958002638,94.17221676872967
2023-05-09,106.36580669981802,118.9227219624193,94.64820176223101
2023-05-10,106.22580196492586,118.54339808312689,94.31861032077305
2023-05-11,105.99668184718708,118.10423502319081,94.0787376251856
2023-05-12,105.85779715732245,118.06553980208635,92.50532510655485
2023-05-15,106.353523164318,117.7297543552951,94.10056531581844
2023-05-16,106.44325979752843,118.52979753976095,93.21450258990717
2023-05-17,106.67138133337414,119.46291649230155,94.39942385071117
2023-05-18,106.80343531030513,118.41342000925074,94.49515903762044
2023-05-19,107.01195579626682,120.02423269555132,94.64175055629944
2023-05-22,108.40757679541979,120.2122854471518,95.12738389436079
2023-05-23,108.73371123284454,121.06130949833106,96.48992241961268
2023-05-24,109.16065315242892,121.83892599508802,96.97436146101472
2023-05-25,109.45199730882759,122.10209153434272,97.60542829382152
2023-05-26,109.77939863725399,121.78222464086285,97.07143184241164
2023-05-30,111.5920144826566,123.78620959115418,98.93397675375724
2023-05-31,111.95890068320124,123.90234054440576,99.50500812976104
2023-06-01,112.1653568318427,124.69533343005341,100.16943371980025
2023-06-02,112.38829648789769,124.74190619621025,99.97011671310788
2023-06-05,113.53218628477569,125.31981040023682,101.73793999141637
2023-06-06,113.70330278671301,126.05298059337876,102.22005797652166
2023-06-07,113.95522481108348,127.25568914237466,102.35053825638498
2023-06-08,114.06148020665549,126.80398419356011,102.42698557284733
2023-06-09,114.20366669501267,126.35798045793037,102.20821828515967
2023-06-12,115.25807253403828,128.4768810478067,103.34597234131327
2023-06-13,115.45809814900498,128.54076803778085,103.61847632052935
2023-06-14,115.76988957268175,128.46684227661527,103.40534199453478
2023-06-15,115.96649007908738,128.2067306224252,103.93553479404794
2023-06-16,116.22806812277786,128.39017644470954,104.1203330458815
2023-06-20,118.19205912278086,129.82220581627226,105.2837351127979
2023-06-21,118.71840638900676,131.54415920736517,106.60910412294048
2023-06-22,119.13426501219541,132.35343447961102,106.5305069650582
2023-06-23,119.61418886399686,131.78195137837847,107.07176122569804
2023-06-26,121.76701948316806,134.7548561049534,109.3362740852039
2023-06-27,122.33096353871125,134.5246656909552,109.6851523566061
2023-06-28,122.98973417385382,134.79681282086608,110.66331416471876
2023-06-29,123.50710001512964,135.85277608352337,110.60514219310579
2023-06-30,124.05444643823299,137.0409952665052,111.35522737120326
2023-07-03,126.18543443509114,139.35278987346183,113.04134386583893
2023-07-05,127.20230422749488,139.5424451430863,115.33464693097812
2023-07-06,127.56253374027514,140.718095447151,115.07597257535302
2023-07-07,127.91990027316092,139.91125203716078,115.92055575500757
2023-07-10,129.32036886288506,141.7850480169122,117.55504515413408
2023-07-11,129.5177831902633,141.3196019898672,117.20893521974499
2023-07-12,129.7614508630982,141.02965518221865,116.59008573391256
2023-07-13,129.82224430174674,141.65311029113317,117.18552367493335
2023-07-14,129.87942073014798,142.8805644978538,117.52036884951046
2023-07-17,130.4242952991511,142.00528720647492,117.66329474874438
2023-07-18,130.36638711426878,142.42680220257392,118.26415391200948
2023-07-19,130.37597646234443,143.04282670992208,118.29679836876014
2023-07-20,130.22688382652976,142.5375634936368,117.38272165359926
2023-07-21,130.10068567528802,142.23533299852744,118.2813231677741
2023-07-24,130.2678243902008,142.90961239959705,118.98844365448403
2023-07-25,130.1426372048627,142.26618286132395,117.3569287171498
2023-07-26,130.11330490731532,142.74366910884729,118.16662509440816
2023-07-27,129.95224284704793,141.75746628723107,117.74783354197675
2023-07-28,129.83915772401178,141.40539057835565,116.85136178824415
2023-07-31,130.1721071761192,141.98479329128463,117.92671887196555
2023-08-01,130.13515820254128,142.52375902632713,117.30561851025422
2023-08-02,130.20566564623337,142.07971244663412,118.08293777262651
2023-08-03,130.15311847159558,142.7182619029159,117.9309568975007
2023-08-04,130.15440626218958,142.4569885724815,117.88838070022702
2023-08-07,130.8403961743005,143.17487061452576,119.18082039249919
2023-08-08,130.91733884855356,143.5005632204591,118.9616297734742
2023-08-09,131.09706049880938,143.96605286393574,118.40504932122808
2023-08-10,131.14786787318687,143.54354053098328,119.28364554279223
2023-08-11,131.2457891077749,143.35245497105169,119.85915214267959
2023-08-14,132.1770850692547,143.3484990920385,119.86958262766827
2023-08-15,132.3207164497225,144.88032852762984,120.34306631917326
2023-08-16,132.55992946099585,145.33355973289224,120.47884615185625
2023-08-17,132.66340231527138,145.4564292193102,119.9631813117071
2023-08-18,132.80757276195598,145.54624874178634,120.93866974013298
2023-08-21,133.8427655265525,145.88631122062137,121.95857195400981
2023-08-22,134.0101843191928,146.58421429443985,121.34049471815847
2023-08-23,134.26781333048396,146.08771994411543,121.4519311681445
2023-08-24,134.38411731763026,146.51809390894397,122.6099200283083
2023-08-25,134.53514790857216,147.41098951494507,121.94495218654058
2023-08-28,135.54886250797986,148.04460064126067,122.35972291478124
2023-08-29,135.692400803276,148.1690633638083,124.7867169454218
2023-08-30,135.91625065902736,148.4681373738525,123.8214532729942
2023-08-31,135.98793650312746,147.96798936935113,124.08040738545576
2023-09-01,136.08263061549846,148.6780963069342,123.73700367294852
2023-09-05,136.88496596600075,148.24035267122844,124.56686265987085
2023-09-06,136.98661695956318,149.3220313627245,124.6452224089818
2023-09-07,136.92333851024122,148.541398148158,123.56511842310191
2023-09-08,136.87122964036865,148.88524970403554,125.2502173795246
2023-09-11,137.14237732010002,148.4994784659657,124.26789831075482
2023-09-12,136.99961568476948,148.45757629854683,124.69145288441415
2023-09-13,136.92208686716828,150.10700473655845,124.60116207217732
2023-09-14,136.68079404022762,148.36490764617258,124.71230094060176
2023-09-15,136.45493744772685,148.3858636984778,123.67413803762548
2023-09-18,136.26264501162785,148.5962998992728,123.60782522749045
2023-09-19,135.9952351392379,147.86989328817188,124.84701996630655
2023-09-20,135.8128744584405,148.85478194133904,124.2747467917897
2023-09-21,135.4891011152345,147.23464092059658,122.66253044336354
2023-09-22,135.20526973590844,147.29238697961523,122.54660744389624
2023-09-25,135.00054150246598,146.88210766084364,122.92211619214801
2023-09-26,134.78491638534263,146.8004259911012,122.111913274485
2023-09-27,134.68188360852255,147.23962270201642,121.82578217528904
2023-09-28,134.46382003774198,146.71606266283516,121.49910850799026
2023-09-29,134.31032759364294,146.7865844841879,121.28745461547996
2023-10-02,134.61878024107563,147.27402085410841,121.44077924379937
2023-10-03,134.60411161285936,147.14692099434208,122.03068037746856
2023-10-04,134.71069349425736,146.6217903577048,122.06907643320875
2023-10-05,134.70679357497755,147.42909162164597,123.1313764339032
2023-10-06,134.76782357940618,146.9332651265219,123.50082980726356
2023-10-09,135.68114311838087,147.65752298613927,123.84686154717524
2023-10-10,135.84267262538927,148.11485430919987,122.76280108152288
2023-10-11,136.10737386387189,148.50624217127708,123.37727162751555
2023-10-12,136.24101603436122,148.29579498775246,123.01701789134272
2023-10-13,136.4170934370686,148.6846203805342,123.74621839774207
2023-10-16,137.5310826091815,149.03069156243166,125.48044210209547
2023-10-17,137.71154968373742,149.65981411308385,125.17651267045132
2023-10-18,137.9729882324234,150.2450887445871,125.15964532575572
2023-10-19,138.08317567300247,150.1030977531436,125.57084115581736
2023-10-20,138.2181681275749,150.98625287770744,125.85980706144937
2023-10-23,139.13536275603553,151.87531517093205,126.48732466376698
2023-10-24,139.23799609612678,151.3725072412389,127.51411977272036
2023-10-25,139.42200653162624,152.4766996873054,127.36024931888639
2023-10-26,139.45907383458,151.83387921273706,126.63728443162971
2023-10-27,139.52898573291077,151.73057787345056,127.04592829039886
2023-10-30,140.33164748517788,153.1600720879324,127.42503278786826
2023-10-31,140.43154391971157,153.6040062609118,127.96013022852672
2023-11-01,140.6333903196584,153.7485228354068,128.0966637151777
2023-11-02,140.70960993522596,153.6468954846269,129.12946868193873
2023-11-03,140.8400446920728,153.60140225066937,127.71349214054253
2023-11-06,141.94274982612754,153.99247683159342,129.46475002354015
2023-11-07,142.17567902272873,155.84540677894347,130.94168113129984
2023-11-08,142.52241212626805,155.72880139709466,131.01866292050545
2023-11-09,142.75189271887166,155.25009040834001,130.15292133514976
2023-11-10,143.04016221647947,154.5297348509874,130.58449610910375
2023-11-13,144.63475918555804,157.19831861940764,131.41643704987436
2023-11-14,145.01390186792887,157.69543767421834,132.1748131389515
2023-11-15,145.49170602793723,157.03637208712564,133.31063646223572
2023-11-16,145.83386479165353,158.3759669272683,132.82352997928137
2023-11-17,146.2136536976191,158.67119641886384,134.63879658045147
2023-11-20,147.9057932421333,160.21947235285302,136.08777693048907
2023-11-21,148.26604236171644,159.6782713479684,135.3314084903625
2023-11-22,148.69961511670684,161.1214290081969,136.2353281089337
2023-11-24,149.2629582099082,161.15963206247264,136.95343709448886
2023-11-27,150.58039050438867,162.5890327081262,138.2191298754306
2023-11-28,150.7930814314752,162.53217031076727,138.67745428764735
2023-11-29,151.07453275185526,163.15068800398055,138.5155643425614
2023-11-30,151.1960262012017,164.17792157356206,139.25210100599853
2023-12-01,151.33707986184893,164.2851043226551,138.8960121960586
2023-12-04,152.27280516501762,164.2904778310537,139.7822988841787
2023-12-05,152.39072471146514,163.8393434218417,140.02618467511334
2023-12-06,152.5979686508697,164.23415328524302,139.40515344553256
2023-12-07,152.66744439767047,164.1053693906749,139.84885120839402
2023-12-08,152.77955948577102,165.9395207914635,141.0112427062545
2023-12-11,153.764251445145,165.54260466593686,140.4813077755174
2023-12-12,153.93903334933688,165.8926177076968,141.41432667676423
2023-12-13,154.2192679205557,166.65659962070873,142.35486034104636
2023-12-14,154.37445009371856,167.2982669633725,141.86403149066714
2023-12-15,154.58108923248682,166.79552984763424,141.60349058832833
2023-12-18,155.85855475740988,168.4490495574115,143.3239081661349
2023-12-19,156.11881034952924,168.62684136491384,144.38685098080285
2023-12-20,156.4710660509947,168.63186629750183,143.87240231171364
2023-12-21,156.6808051534971,170.1487593191438,144.76786959937778
2023-12-22,156.9210027109688,169.52882200690124,145.44144849248502
2023-12-26,158.33551141606114,170.7338441881204,146.25170924389775
2023-12-27,158.5877856332692,170.94735626136753,146.07591768752482
2023-12-28,158.67107173880873,170.2026350513352,145.54737010206887
2023-12-29,158.76055462509913,172.21805078586826,146.85161753034103
2024-01-02,159.40312141843776,172.44974843737768,147.51995119924777
2024-01-03,159.44461265083515,171.35174316418795,147.97897754587254
2024-01-04,159.32153656829706,172.69190512748824,148.22742655026659
2024-01-05,159.21530505878712,172.05032970080006,146.39668884349265
2024-01-08,159.41681487963572,172.2056655045386,146.90201779935694
2024-01-09,159.30205498735026,171.47130952047328,147.2804903744389
2024-01-10,159.28805815117556,171.54168491145657,145.70591967792484
2024-01-11,159.15127168547804,171.906567557614,147.40211031479186
2024-01-12,159.07575641227788,171.6074054710215,146.52882192648113
2024-01-16,159.7439242941436,172.62196762061868,147.791846346391
2024-01-17,159.98316516945275,172.57000250878946,147.9515117775619
2024-01-18,160.13593207942088,172.12898181334265,147.54877255329242
2024-01-19,160.38092806207297,172.18084820999422,148.36399676597054
2024-01-22,162.03132469819516,174.3145426701666,149.14419030686813
2024-01-23,162.50286359112266,175.6868350862927,149.5674448767111
2024-01-24,163.10850808989562,176.3095870594257,150.14717674563698
2024-01-25,163.61169612504764,176.23562665915853,151.2588776198058
2024-01-26,164.18251824997355,176.9928465664999,152.34780630285
2024-01-29,166.58263181231612,177.40668924243136,154.54834280365804
2024-01-30,167.20476910565677,178.4782812658534,155.3693499291763
2024-01-31,167.90195142172877,180.00247462521835,156.13540116138972
2024-02-01,168.43365548712154,179.9831913754293,155.7304823826999
2024-02-02,168.9672922490782,181.52609842430275,156.85033818722286
2024-02-05,170.85540675890792,182.96821872491145,157.5670182014714
2024-02-06,171.17831083216856,183.6793642215605,157.8987814089004
2024-02-07,171.51784253588016,183.60736281508585,160.24465855477132
2024-02-08,171.63889973279026,183.34068366745487,158.51464443069545
2024-02-09,171.71542929624476,183.1274672811416,159.68588900542875
2024-02-12,172.03233802984337,184.3604878617738,159.37305383203918
2024-02-13,171.7944238969,183.47459731447034,159.94655209438406
2024-02-14,171.5703028050024,184.0278667468775,159.3008428127566
2024-02-15,171.13442134170612,183.69560010940125,158.66982927022238
2024-02-16,170.67006623860496,183.08864930514653,158.90297944534282
2024-02-20,168.91471292604874,182.18918648223587,155.75832576947633
2024-02-21,168.34956208446667,181.3243484972734,156.36083518908228
2024-02-22,167.63025434732788,180.6031704605337,155.45022960711643
2024-02-23,166.94333511535993,178.6121238698065,154.69302288868232
2024-02-26,165.53145512303624,177.7820616136201,153.25055642615118
2024-02-27,164.9280440247264,177.3058041903344,152.20005794053785
2024-02-28,164.45037868799346,177.97613882011046,152.55368807666227
2024-02-29,163.8736598735456,176.42040763805204,151.76140196696448
2024-03-01,163.37986196103532,176.22187474224623,151.48921415352297
2024-03-04,162.7950491142293,174.83144575928574,150.05703649542184
2024-03-05,162.52926750763692,175.38823063707844,150.70088648777207
2024-03-06,162.4094077164263,174.86046035287262,150.6004139969698
2024-03-07,162.20425121540075,174.9747556794153,149.8333156255393
2024-03-08,162.08960724428925,173.42442274950972,149.57925297981114
2024-03-11,162.63271536222993,174.43000413877922,150.08842181936944
2024-03-12,162.7242869795589,175.96470661644526,150.60729232311598
2024-03-13,162.946475814562,174.86157389249135,149.96722393121863
2024-03-14,163.06559252053592,175.6006326658408,150.81610194598886
2024-03-15,163.18807032138434,175.6197098777841,149.97241745925342
2024-03-18,164.31940206023486,177.1035855437305,151.82812461338204
2024-03-19,164.56710853409365,176.91211791864322,151.753404714086
2024-03-20,164.92731816722724,177.00931541046674,152.98488226852223
2024-03-21,165.16802077345545,176.24580644265828,152.51752960688543
2024-03-22,165.46521398591275,177.19486656201815,153.55008541849583
2024-03-25,167.05312202693037,180.1743945775597,154.4760775344933
2024-03-26,167.43648403548153,180.18870817889155,154.75727556577766
2024-03-27,167.92642476964622,180.05839498417856,155.50091354899462
2024-03-28,168.29176807905475,180.33834810936776,155.3466749614688
2024-04-01,170.62403752525688,183.38344733700825,157.90400045289113
2024-04-02,171.10169520802643,183.81106893685933,158.79415651364667
2024-04-03,171.67535474728646,183.5972981402261,158.8470916077681
2024-04-04,172.11132562167185,184.74345064381657,159.86485215274635
2024-04-05,172.58316158969424,184.6452326163193,159.26746515754203
2024-04-08,174.53688864447878,186.4436928732337,162.85453104439978
2024-04-09,174.97553316792315,187.22432701284322,162.92487931697727
2024-04-10,175.47972514298752,186.90997294034074,163.5185142446901
2024-04-11,175.8136031956482,188.26804902116675,163.4962759346646
2024-04-12,176.1490712530756,188.5577857070169,162.9522893995569
2024-04-15,177.4813456665709,190.00998676472284,166.1931358801968
2024-04-16,177.6435918533221,189.25883597680235,165.03997696635585
2024-04-17,177.83956874567565,190.83099897665426,166.0662498826534
2024-04-18,177.83635147420264,188.7834547096753,165.60895025428692
2024-04-19,177.80958916492125,190.91035539016198,166.25651124026305
2024-04-22,177.9527026006571,189.9520099108169,166.44312788498354
2024-04-23,177.70352391069855,190.53978332606877,164.87244847261323
2024-04-24,177.49121466751367,189.9265419454884,164.74576389271436
2024-04-25,177.08961610093812,187.9391416378415,164.3617942777699
2024-04-26,176.68117798626898,188.75809801244495,164.67361452749657
2024-04-29,175.84464751544587,187.0816720526602,162.87677826912753
2024-04-30,175.34370570243766,187.39447900481068,163.60201214070432
2024-05-01,174.92530523118975,187.68245265833076,163.27979968336737
2024-05-02,174.36705011909078,186.30428524036657,161.74791165192758
2024-05-03,173.8541991240844,185.78241085488176,160.6153433287895
2024-05-06,173.03020748332102,185.47561339464326,161.43947573404472
2024-05-07,172.64063873681428,186.2417118266234,161.09083712040407
2024-05-08,172.38376178527844,184.63563293331052,160.57021353584167
2024-05-09,172.0335457931549,183.5975996676067,158.80635412415162
2024-05-10,171.77067396067417,183.69389181945402,159.40891857207416
2024-05-13,171.89079077905814,184.59066794188504,159.69617962176528
2024-05-14,171.85856787735088,184.7046816047692,158.59581737892987
2024-05-15,171.96841474744687,184.0607406813589,159.79081698402098
2024-05-16,171.98695400859833,184.49601696254408,159.19741738921772
2024-05-17,172.0876496603311,184.44110155580856,158.54070655534878
2024-05-20,173.2006436624666,186.0814834213796,161.57292521305413
2024-05-21,173.44746309360647,185.93052440188563,161.82972800995557
2024-05-22,173.80267385612828,185.2094021010531,161.2610349441516
2024-05-23,174.02965237604727,186.2151664242676,161.46317112635074
2024-05-24,174.29964540286102,186.35273811919424,161.8404075692842
2024-05-28,175.93830626517718,187.93072091838332,163.78967793915038
2024-05-29,176.27102978368478,188.8001952400597,163.3456074232216
2024-05-30,176.44491986872364,188.89263765228625,163.95413850945434
2024-05-31,176.63575931475452,189.248976552408,164.6353150355946
2024-06-03,177.67522702380967,190.21814405763826,164.35565493471654
2024-06-04,177.80552900966228,191.250242157216,166.07814908543497
2024-06-05,178.01224638389124,189.71091525707982,166.05520164655582
2024-06-06,178.0682808472872,190.54272233209147,166.289902315905
2024-06-07,178.15476575959167,190.93333394906534,165.75505312222657
2024-06-10,179.0071763070279,191.26047537542485,166.36352195749095
2024-06-11,179.12847428496508,191.139630547162,166.371458809349
2024-06-12,179.3563979264818,191.7642889626182,166.81125631313023
2024-06-13,179.46456961439813,191.46227414227903,166.98967132132017
2024-06-14,179.63387837934883,192.36841867559443,167.96311976769124
2024-06-17,180.90241399684245,193.11412249277876,168.84489785539526
2024-06-18,181.20852549496942,194.43053043314734,168.1845755423261
2024-06-20,181.95827471823915,194.44178237505167,169.28270897407643
2024-06-21,182.34618645058154,194.13104663627396,169.7287088308477
2024-06-24,184.2508838052734,197.14295030792653,171.91340107053716
2024-06-25,184.7438765527193,196.66232491522163,172.5582340764088
2024-06-26,185.33846962117488,197.83864865176565,172.42704772100922
2024-06-27,185.79873878942675,197.2427427988313,173.09451959111274
2024-06-28,186.29621299654465,199.2878591083128,173.73876671768224
2024-07-01,188.31990287137023,200.18985097734966,175.41528190558594
2024-07-02,188.77684079277668,200.86446029238863,176.39518259231482
2024-07-03,189.29676758716212,202.4753361089576,176.65684593062207
2024-07-05,189.99361030493912,202.33011267181269,177.8210780166909
2024-07-08,191.38379028773025,203.33766161102832,178.28763439404852
2024-07-09,191.5794921321478,203.5048710139377,179.2636642570415
2024-07-10,191.82070088331378,204.37988567800608,180.06011755548255
2024-07-11,191.87737861779533,204.3320788701726,178.74223281366463
2024-07-12,191.92793647919268,204.36196693803552,179.9667868475586
2024-07-15,192.43079760167404,205.11855310844737,180.63500620113618
2024-07-16,192.34965056316426,204.97670535696824,179.46583482246274
2024-07-17,192.3307560326061,204.18554760213263,179.52731541393902
2024-07-18,192.1477443231593,204.00417872302938,180.68638770058865
2024-07-19,191.9821254654918,204.4300416774403,180.26472495626624
2024-07-22,191.99906205673705,203.70297266692177,179.71149333029172
2024-07-23,191.8140289876451,203.7919463491539,179.2657528882561
2024-07-24,191.72060756526588,203.14083902666061,179.1442948355489
2024-07-25,191.49169689660906,203.75173246446704,178.026418356574
2024-07-26,191.30752894267957,203.51702883633982,178.86169981901529
2024-07-29,191.41335359545653,203.82886252152537,179.5176086998462
2024-07-30,191.29789621618337,203.9670600165183,178.73615857865698
2024-07-31,191.2893495547975,203.50589985847907,178.253683594341
2024-08-01,191.1576552852194,204.1059089557199,178.83318851100657
2024-08-02,191.0801030005982,202.8550887151769,177.75659950023925
2024-08-05,191.5345159939208,204.47611426393547,179.85084208794999
2024-08-06,191.5366351174818,204.01605538404928,178.63083524342886
2024-08-07,191.64292628511436,204.06707794669435,179.71386181145692
2024-08-08,191.6217391981483,203.73949991511762,179.3848295981513
2024-08-09,191.6490994310945,204.44463895356512,178.3460891432822
2024-08-12,192.37679073853644,204.11163847824355,180.5217857941572
2024-08-13,192.45497542280842,204.027297773966,179.52301664666325
2024-08-14,192.62980326259046,204.9120374459357,179.6164155187697
2024-08-15,192.66987467424858,205.0836323104554,179.2794974528477
2024-08-16,192.75156906876944,205.43997667558924,179.4365864429956
2024-08-19,193.6047199216731,205.74131309414275,180.677173810484
2024-08-20,193.71336237691588,206.28469603618447,181.75181156861984
2024-08-21,193.91330716571207,205.80896137011243,181.01311664850272
2024-08-22,193.97315069602163,205.70104672832076,181.85561073273507
2024-08-23,194.06910193162648,206.7086641294853,181.28739291449008
2024-08-26,194.9276723511573,206.65666152403733,182.45660020683846
2024-08-27,195.0234783402117,206.6763164135838,182.5675341553485
2024-08-28,195.20186834522764,206.9229415245169,182.5294720123223
2024-08-29,195.23049672832536,207.30616615516652,182.01100693367914
2024-08-30,195.2846253246498,207.85486656875506,182.54488858507918
2024-09-03,195.94950532036904,208.70264906469907,183.87438531190728
2024-09-04,196.02239912489213,207.95331816357427,182.82902926304874
2024-09-05,195.93212137266207,207.75119338335628,183.79547402799818
2024-09-06,195.8544047720693,208.3298469324472,184.28010496285674
2024-09-09,196.0524806234772,209.49718499882334,183.8597145663517
2024-09-10,195.88482786591308,207.51052354969173,183.65989977069358
2024-09-11,195.7811627495533,208.017685262444,183.62976205820846
2024-09-12,195.511878483703,207.20479651652695,183.67752577595851
2024-09-13,195.2555713503222,206.71026875593847,182.70851243699303
2024-09-16,194.95156286363027,206.9468600026433,182.58473324487306
2024-09-17,194.6385105824122,206.50357276174105,181.88940450391286
2024-09-18,194.40567654156686,206.38307178741076,182.38188165187086
2024-09-19,194.0263554413616,206.3281651159696,180.9860022573687
2024-09-20,193.68176186251048,206.44178191773292,180.56360370844445
2024-09-23,193.26373128468092,205.59464731659008,181.31820919502826
2024-09-24,192.96732659979546,206.1416359679032,180.05120774573257
2024-09-25,192.77928110548348,204.37300797408764,180.19737788241272
2024-09-26,192.47248741868,205.01492956930895,180.47805774970058
2024-09-27,192.22714978216555,205.50558736397315,179.74675074538902
2024-09-30,192.2483862148341,205.24291469194216,180.27062587526967
2024-10-01,192.13662815498438,204.5063720730688,179.68063508261753
2024-10-02,192.1467520340987,203.96054494390032,180.00110324956083
2024-10-03,192.04778820632154,204.65293234283155,179.29666372961367
2024-10-04,192.01586846261247,205.38965532106576,180.15818596694865
2024-10-07,192.66919383448743,205.38704498166254,180.67110505869866
2024-10-08,192.75194327922844,204.88459427088048,179.94119282149168
2024-10-09,192.94233268204783,204.8608691252184,180.51803311351944
2024-10-10,193.00626347760888,205.81167785716949,179.90171382179307
2024-10-11,193.11723360075203,205.8169171173182,181.03071537052742
2024-10-14,194.06166242004724,206.26208039068666,182.12428634786738
2024-10-15,194.1929856963697,206.98497949169166,182.28379442364454
2024-10-16,194.40810573670217,206.75731454094307,181.57859884612716
2024-10-17,194.47415869789432,206.4987154207512,181.61285195364343
2024-10-18,194.5665023827152,207.41619657613623,181.52385220201916
2024-10-21,195.357265044167,208.0933208808708,183.0241380622131
2024-10-22,195.41580722196233,207.66474838137594,182.13896958202673
2024-10-23,195.55361084703034,209.85782431741063,183.58775380007341
2024-10-24,195.54176430487882,208.28988611645303,184.14773520302714
2024-10-25,195.5595523968288,208.27023285384868,183.68969212347508
2024-10-28,196.18318067255615,208.60892119682032,184.16806067789466
2024-10-29,196.2153235012409,207.95793276441063,183.5825334500138
2024-10-30,196.3454418571768,208.9742284693082,184.5995086786727
2024-10-31,196.34619182941623,209.47460895736495,183.88490444820252
2024-11-01,196.3977709046173,208.9018533339455,184.37348469519128
2024-11-04,197.2487542751366,209.07652403413942,185.25039712868698
2024-11-05,197.39487240584643,209.5951692676724,184.28902195105238
2024-11-06,197.654563850339,210.4437007812906,185.34336197833883
2024-11-07,197.79754838914104,210.40802725137578,185.4957840401497
2024-11-08,198.00064049183388,209.77467210536932,186.57453653544275
2024-11-11,199.32346001698284,211.4621540361308,187.99068366884086
2024-11-12,199.61912037161215,212.38472445701126,187.04348388506364
2024-11-13,200.01780290208256,211.82252452922174,187.80461637205622
2024-11-14,200.28551298909852,213.3313115105113,188.1177692728528
2024-11-15,200.59570862383248,212.89108744598303,187.5907794219787
2024-11-18,202.10797589718612,214.0747934553501,189.37528512084128
2024-11-19,202.417149485269,214.86841774531223,190.60303917902917
2024-11-20,202.8033924059604,214.7437975959725,190.40434867985715
2024-11-21,203.03311135268746,214.9953799492002,190.73027128120842
2024-11-22,203.28088603668886,215.33426459317863,191.41578974257916
2024-11-25,204.4805619548834,217.3364068706507,192.40637678192607
2024-11-26,204.6537436329745,218.01401724112446,192.68395768483734
2024-11-27,204.8942301457666,217.2382642120286,192.41238600612476
2024-11-29,205.0676137968904,216.27085737993414,192.82648483663897
2024-12-02,205.84310185567531,218.53236528558494,193.34321826999187
2024-12-03,205.89912297871317,218.64000063665915,193.72171107790118
2024-12-04,206.0400323894137,218.13625681604606,194.46444631385575
2024-12-05,206.03884185742234,218.50040547144306,193.7861923812771
2024-12-06,206.076209537546,217.90996273326223,193.86391977076212
2024-12-09,206.8167074105039,220.01923179284648,195.66765937525403
2024-12-10,206.90553400598765,219.18031389052925,195.6756004202684
2024-12-11,207.09880732864497,219.688335574186,194.1176596282103
2024-12-12,207.16687394325334,219.85276032688577,195.57887762814184
2024-12-13,207.28711747890907,219.81536554774908,195.25037565001668
2024-12-16,208.31821765287992,220.8193769036443,195.35383602299865
2024-12-17,208.50318656525985,221.0576719511367,196.87399919607907
2024-12-18,208.7846268232627,221.12843339534606,197.07846365211415
2024-12-19,208.92846952025897,221.2384004287014,196.55500751611595
2024-12-20,209.1079882585431,221.59592463815295,194.9282546572658
2024-12-23,210.1842243843497,221.85624122746344,197.01883261356087
2024-12-24,210.33207654635234,222.07087360494782,197.98149851206665
2024-12-26,210.5990474962972,222.9399981615363,198.36622328511962
2024-12-27,210.65855942379935,222.76689062657994,197.89551862325533
2024-12-30,211.23772358490544,223.97393607396793,198.91576444734133
2024-12-31,211.18649178967087,224.06108203179465,199.32578677387255
2025-01-02,211.0347117411136,223.83038746023058,198.45902721862558
2025-01-03,210.88617605694196,223.33850901202416,197.51284834633097
2025-01-06,210.92051760209657,222.24436853371017,198.59930910682752
2025-01-07,210.73426605497525,222.7684299217447,197.86766157615673
2025-01-08,210.64017011940692,223.12058446718765,199.025290702449
2025-01-10,210.24157476075868,221.05720168615557,197.48637144037625
2025-01-13,210.4720590121273,223.0490615560805,198.6036324911144
2025-01-14,210.44339929661297,221.51466830752778,198.36421778846744
2025-01-15,210.5512467899465,222.45314395469427,198.58354488840007
2025-01-16,210.56907468817016,222.94947703490425,197.969687497473
2025-01-17,210.67703294678128,222.9846032853468,197.81107189127496
2025-01-21,212.26145071205514,225.046336706944,200.10252469358886
2025-01-22,212.74342545360716,225.1180365593522,200.4236396219083
2025-01-23,213.1302897643181,225.16580327443012,200.77979491012528
2025-01-24,213.59347994789164,226.6241894539294,201.8372939946063
2025-01-27,215.73370272173236,227.58986855449209,203.25155034396704
2025-01-28,216.29277312205429,228.34727335045358,203.54810738888622
2025-01-29,216.9393518693756,228.90765785838184,204.96662635799385
2025-01-30,217.4329384859715,229.8012756725277,204.88193710073887
2025-01-31,217.94070293807397,230.6296117034107,205.88662996946778
2025-02-03,219.8184308375637,232.41676934599306,206.0636060259408
2025-02-04,220.15702452539765,232.975999966915,207.93350918651672
2025-02-05,220.51967906920888,233.01708295463175,207.66846710380952
2025-02-06,220.66975756827628,232.42461377275455,208.81933324989637
2025-02-07,220.77955272600047,233.40273822655016,207.58574324357522
2025-02-10,221.20418254523523,232.6034721865836,208.35136049682717
2025-02-11,220.99891044831173,233.60844644177595,208.35430185842364
2025-02-12,220.80295215033195,233.55104074604833,209.49231901931145
2025-02-13,220.38918768258966,233.05877052894834,208.67634493514055
2025-02-14,219.93947837437076,232.65647258986257,207.88474770605822
2025-02-18,218.145892960621,230.82739207434565,205.7000892826052
2025-02-19,217.5433165590476,230.2050506851003,204.8371655509473
2025-02-20,216.77477339947052,228.72321568576575,204.88026762461382
2025-02-21,216.02688340752317,228.0182884092408,203.16111489808847
2025-02-24,214.36564428680188,226.70965788188624,202.17220049425998
2025-02-25,213.65923416343136,226.18471942020201,201.4783809965876
2025-02-26,213.07015704111137,225.82204948274216,200.47794246872078
2025-02-27,212.37470704804375,224.60270245252556,200.41653491335651
2025-02-28,211.75602744097583,224.71580964542005,199.42109227904405
2025-03-03,210.77182228002647,223.10491491194878,199.20693307573595
2025-03-04,210.36865272192696,222.75563629170583,197.57872861437767
2025-03-05,210.1111425046882,222.6492393296479,197.99808336478824
2025-03-06,209.76906255260445,221.67139266527025,196.46339709131823
2025-03-07,209.51909643846818,221.4370621157648,196.46392914238334
2025-03-10,209.67258692842822,222.23776417199812,196.53835689435041
2025-03-11,209.64126685750782,222.13947774099725,196.58416414357004
2025-03-12,209.74446017357823,221.67521392595012,197.11692049277485
2025-03-13,209.7485166466417,221.68999536643793,197.58582428193915
2025-03-14,209.82745723741346,222.84593721066193,196.95125648687042
2025-03-17,210.84902876617,223.37922117942887,198.32544125222682
2025-03-18,211.06599775501837,222.99885539764952,197.9081562150762
2025-03-19,211.39774948520855,223.69831234521885,198.79662355270085
2025-03-20,211.61187818557622,224.43473243291103,199.37256483019337
2025-03-21,211.88401138772906,223.66312534988705,199.6160491663247
2025-03-24,213.402914509847,225.2082870680349,200.68295095935844
2025-03-25,213.76474002420062,225.8873461158004,200.77508673121676
2025-03-26,214.23380871056276,226.4469362920179,201.67547730009684
2025-03-27,214.57905413390586,226.84929416077094,201.3839937096673
2025-03-28,214.97704743955967,227.40478566838627,201.6718093279316
2025-03-31,216.84430055606538,228.54153679730726,203.7449635895709
2025-04-01,217.31068873980865,229.34505121176764,204.85337412459077
2025-04-02,217.87634703031475,229.83416559700015,206.04888063305546
2025-04-03,218.30817779597814,230.67781954097302,206.13935559417655
2025-04-04,218.78032476232946,231.53599548613818,206.589039742267
2025-04-05,220.65314220664413,232.06739650818582,208.31840709095638
2025-04-06,221.21702924675992,233.21621716242177,207.7652480075154
2025-04-07,220.7670515678657,234.61274803988883,207.89317769642523
2025-04-08,221.22882970106946,233.70293905912257,207.8620464995441
2025-04-09,221.76269868914787,233.57493114213827,210.03537711740407
2025-04-10,222.1328969825008,234.54554907373546,210.01880362412155
2025-04-11,222.51128427604948,234.90258027905813,210.33684292604588
2025-04-12,224.25642487445376,235.90795739457874,211.792529297144
2025-04-13,224.65752511236786,236.77959730711459,212.79008643764567
2025-04-14,224.00914360050837,236.16886310401478,212.02186160201072
2025-04-15,224.2371502466446,236.3925019627791,211.0462079724087
2025-04-16,224.50293622933916,237.25159739906098,211.36080198565702
2025-04-17,224.57263070024499,237.29783398484327,213.0285702725555
2025-04-18,224.62082251529017,237.33159422944001,211.70661070602674
2025-04-19,226.00962287558457,238.20406776481911,212.89798242164653
2025-04-20,226.03255742827807,238.51879392626338,213.44604507780988
2025-04-21,224.98920735671945,237.85774938181194,212.69808166997137
2025-04-22,224.81107688580602,235.2039282836572,213.08169561276412
2025-04-23,224.66569153724475,236.91072651495514,213.09179554340824
2025-04-24,224.32568568947238,236.72633144977243,211.9852549530405
2025-04-25,223.97238106691586,236.78323239324698,212.32265374583685
2025-04-26,224.9746958161419,237.54862643976847,211.8569491347588
2025-04-27,224.63287684198963,237.39609162922537,213.79914201072162
2025-04-28,223.25297928471616,236.17766173285207,211.8758981435604
2025-04-29,222.7725750206815,235.27157793833524,210.6413845997608
2025-04-30,222.36469895494204,233.66642468766503,209.63047599425985
2025-05-01,221.8067959438941,235.09540805297195,209.70243605077195
2025-05-02,221.2841739818256,233.69725506872956,208.31361649265307
2025-05-03,222.16880692782715,234.37049262936455,210.44892254434512
2025-05-04,221.7629825692224,234.55674788232426,209.4503909956364
2025-05-05,220.37372243809412,232.78703288358264,208.59153967556077
2025-05-06,219.93845713662697,232.06571139944575,207.45015782508852
2025-05-07,219.62896709368027,231.144988225815,206.52539603560786
2025-05-08,219.22035198990932,232.30964357340966,206.6200994309493
2025-05-09,218.8945341147096,231.25407523603715,206.01602266199907
2025-05-10,220.01913779840416,233.30849215555415,208.39843583222572
2025-05-11,219.89123884897407,232.3430855445391,207.86140909945698
2025-05-12,218.8119078591446,231.05669541874133,206.66951977905984
2025-05-13,218.7120279736588,230.80020088201857,206.69900212473908
2025-05-14,218.75639334492237,231.3924007345973,206.3158016937144
2025-05-15,218.71284739322644,230.90305335537468,205.43476233411374
2025-05-16,218.7559617005021,231.99305427116383,206.3604192855613
2025-05-17,220.24609305602692,232.42234551005205,208.43462109829358
2025-05-18,220.47330789578936,234.17787143834278,207.6163676693013
2025-05-19,219.73209338058456,232.47832847343366,207.8372749153493
2025-05-20,219.947331276846,232.84237988844436,208.2077662532059
2025-05-21,220.27853675961083,232.78859885878506,207.8887016107869
2025-05-22,220.48911757524368,232.01563054266913,208.18389495280738
2025-05-23,220.75015124580355,233.40028161005858,209.09267774517699
2025-05-24,222.41951530378952,234.76626423375558,209.83029732576023
2025-05-25,222.78585795541625,234.0001277496141,209.58985539710486
2025-05-26,222.14332730929357,234.51612349165498,209.8155054687997
2025-05-27,222.4175349905822,234.50658762789428,210.24219830495983
2025-05-28,222.76975668728468,235.33694149212775,210.775918256182
2025-05-29,222.96612625073394,235.3241894038805,210.95261145151875
2025-05-30,223.18132293833898,234.5136119783886,210.00551195190636
2025-05-31,224.77758935983022,236.42677919322114,212.1673562242534
2025-06-01,225.04857069028947,238.62057863201775,212.73209225450077
2025-06-02,224.29389695481746,237.10474219155137,212.02093804940537
2025-06-03,224.44498827186692,237.53073756953623,211.6142452101137
2025-06-04,224.66908995406007,237.1925141931206,212.10146123318225
2025-06-05,224.7382986041753,236.79734716050822,212.7548119463152
2025-06-06,224.8330833480324,237.57522460314533,212.54804438411108
2025-06-07,226.32114423166286,238.73931272867702,214.84574190463576
2025-06-08,226.50110260202158,238.8751315538697,213.2156335485374
2025-06-09,225.67694920605484,237.61655695344848,213.43947488496997
2025-06-10,225.78373339309866,238.43276478910764,213.12795025317996
2025-06-11,225.99150329225313,239.08920493438362,213.05794576727584
2025-06-12,226.07426047216356,239.1859392513188,213.73329313998346
2025-06-13,226.21343493130843,237.86722073052832,213.4470537655208
2025-06-14,227.7767234477648,240.44164238109417,215.89722164542874
2025-06-15,228.0617863831969,240.3614903844238,214.33367143186015
2025-06-16,227.3707282244296,239.4502214262261,214.73585087017923
2025-06-17,227.6358440888038,239.8720486435798,214.12889810217794
2025-06-18,228.02364023789076,241.1266600432334,215.73737631235494
2025-06-19,228.30388966931537,240.56541441715663,216.19164016963293
2025-06-20,228.65322566056147,242.13078164849236,216.49227178628058
2025-06-21,230.43411287131673,243.21618585251412,216.9546223540289
2025-06-22,230.93868732866562,242.72058579519177,217.82616528519867
2025-06-23,230.4633865689855,242.56192685776182,217.41762979322098
2025-06-24,230.9348480281639,243.93269304741622,217.76687626411993
2025-06-25,231.5140795821608,243.59916478932757,218.39691845740452
2025-06-26,231.96565927219982,245.520420600985,218.92420434178072
2025-06-27,232.4614632714036,244.896788348012,219.57256706692968
2025-06-28,234.3597582043116,246.832080522295,221.99585503195536
2025-06-29,234.94914606347623,248.47547937933555,222.22223642211003
2025-06-30,234.52328041226943,247.47565154424402,221.8349178451957
2025-07-01,235.00682994114106,248.39425771927102,222.41694384585796
2025-07-02,235.55969186379633,248.00959750671996,223.7490880458552
2025-07-03,235.9462114110311,249.02361040305695,222.99086729232377
2025-07-04,236.3389063534272,249.93050293500806,224.02790383513457
2025-07-05,238.0975331823921,250.98678215971194,224.75728114732317
2025-07-06,238.51298433039562,251.4924597911258,225.45765222461202
2025-07-07,237.8819368318916,250.2704148998008,225.58952981173113
2025-07-08,238.13273072192513,251.18024113001604,225.3564115543049
2025-07-09,238.42948233336466,251.63280765355196,225.80787614158854
2025-07-10,238.5411917858213,251.43598479945527,225.31631699012428
2025-07-11,238.6453469000326,251.7500180879153,226.3064217826907
2025-07-12,240.10686363809748,252.70857513255356,227.90225822842368
2025-07-13,240.22185598666152,252.5295200916992,227.66500112997974
2025-07-14,239.29215918348265,253.1503814537866,226.18258057651494
2025-07-15,239.25108794630938,251.97984309236077,226.55372143906152
2025-07-16,239.26743799535322,252.5736359640928,226.5101433231046
2025-07-17,239.11449297598926,252.2641072123399,225.4275461654716
2025-07-18,238.9735414370624,251.90131733290025,225.57608964430673
2025-07-19,240.21274593313373,253.88362297870304,227.4029851259658
2025-07-20,240.13085863459017,253.67302763437206,226.04605984861908
2025-07-21,239.0317082802938,252.35404459282222,225.7638955997196
2025-07-22,238.84994051816867,252.11978019671494,225.15070294124402
2025-07-23,238.75501976520096,251.95455990490092,224.6361084055187
2025-07-24,238.52025400537357,251.35632803808062,226.5724465875484
2025-07-25,238.32634599788074,251.41580159733027,225.13823790480555
2025-07-26,239.5403113336939,252.8344977409306,227.107358848908
2025-07-27,239.4592557074167,253.65666552196163,227.00819211937866
2025-07-28,238.38493390623253,252.45256394608316,225.5855917310696
2025-07-29,238.24956999184286,251.73300343816126,225.85707655278904
2025-07-30,238.21994408588404,250.60191078841788,225.13303076433243
2025-07-31,238.06650439242776,251.5947783113228,224.6871027314648
2025-08-01,237.96700516977077,250.59900401587493,224.5497440815616
2025-08-02,239.2855084395924,252.58653929008244,226.07657176832384
2025-08-03,239.31623934141203,252.7322042945824,225.75225985973066
2025-08-04,238.35821543916444,251.83058255957613,224.75231218113552
2025-08-05,238.34112758820692,252.54220490258595,224.67795391457884
2025-08-06,238.42947628503256,251.42967846734484,224.97319042854875
2025-08-07,238.39172106302445,251.86585115284547,224.95945634838057
2025-08-08,238.4039430191014,252.44457795960977,225.05191364601288
2025-08-09,239.82885808476766,253.0175480525433,226.5158788953634
2025-08-10,239.95967122308085,252.70491673651185,226.49545799645938
2025-08-11,239.09469256088187,252.87226651150908,225.5538515762678
2025-08-12,239.163194163074,253.1219929446176,225.32673375310833
2025-08-13,239.3295128203951,253.10486020972826,225.63028877724955
2025-08-14,239.36215815771075,252.98488574058698,226.4568762325754
2025-08-15,239.4374281205102,253.20886638539028,225.39931412194272
2025-08-16,240.91837158345052,254.54348766743448,226.90525308507523
2025-08-17,241.09859047384805,255.51060354393786,225.14137293348188
2025-08-18,240.27680463379235,254.238800836739,227.12440334519022
2025-08-19,240.3826602677529,253.83434452919548,225.82864855531705
2025-08-20,240.58078933849862,255.34205529968676,227.95396986547803
2025-08-21,240.63988099274636,253.8574474409738,226.71863020770004
2025-08-22,240.7362685708689,254.58654120951485,228.21403706670478
2025-08-23,242.23287311244093,257.6997573668717,228.04360067952481
2025-08-24,242.4229965503825,256.25419711952026,228.62599580252862
2025-08-25,241.6048882221876,255.745333966538,227.00078020448052
2025-08-26,241.7075655417117,255.27697235684553,228.71869964207454
2025-08-27,241.89489578305444,255.17832315070117,228.7505786897181
2025-08-28,241.93469925348705,255.61274166183094,228.28382512619655
2025-08-29,242.0023762396174,256.4645965400014,228.05381620691722
2025-08-30,243.45989714315994,258.8884427368385,229.30470079006824
2025-08-31,243.59964722964583,258.7043786582704,230.0757153481329
2025-09-01,242.71904763589998,256.0245593312345,228.64451340171917
2025-09-02,242.74643135210638,258.01773624975135,228.138141557273
2025-09-03,242.84517893081846,257.7223336471821,228.30091913871644
2025-09-04,242.78287200549696,256.945027052096,228.47301195713894
2025-09-05,242.73496488960112,256.85865511295964,227.4742046979277
2025-09-06,244.06381171558752,258.65386235556645,229.26436247106946
2025-09-07,244.06253880550446,258.8439927756202,230.8018878939357
2025-09-08,243.029682476259,257.71063669774094,229.16357625268768
2025-09-09,242.89506989492483,257.4302629099834,228.09579063315738
2025-09-10,242.82394702179258,258.03593435605296,227.6464023885557
2025-09-11,242.58611142527747,257.9220669045344,228.13244068435193
2025-09-12,242.3595503752175,256.5592714410157,228.2076541109119
2025-09-13,243.50942224630882,258.18271143513533,228.77016946282947
2025-09-14,243.33187192207959,258.40121385804616,229.16352424127336
2025-09-15,242.12860180231513,256.8868306395139,227.0757085892874
2025-09-16,241.83267779187506,256.1304297738274,227.16793463697346
2025-09-17,241.61257638349258,256.51923732168126,226.1842965634876
2025-09-18,241.24123294423762,256.9796874210197,226.86114247116515
2025-09-19,240.89959411843316,256.12995127093035,227.21298547217552
2025-09-20,241.95551498839018,256.11090822818886,227.054055517644
2025-09-21,241.70749431523484,256.76754385439693,227.33344643364953
2025-09-22,240.45917203327448,255.47894045872562,226.81318597381588
2025-09-23,240.1450708029876,255.61915859190646,226.01258305283886
2025-09-24,239.93458993938722,255.87036023457182,224.773733019296
2025-09-25,239.60101373379956,254.96718316607618,224.53504648842645
2025-09-26,239.32503862923323,256.14779700888636,225.34325409866935
2025-09-27,240.47366102263405,255.61293008321326,226.25353139095134
2025-09-28,240.3439196903289,256.02957063199597,226.5218256040063
2025-09-29,239.23741719756583,255.40139956488702,224.43311657938284
2025-09-30,239.08610178403245,256.1280235655763,224.37795879486362
2025-10-01,239.05631722956835,255.0648156653236,224.29910445367142
