ds,Predicted_Close,Upper_Bound,Lower_Bound
2020-01-03,87.01822182861719,99.22757309986147,75.50091346292972
2020-01-06,87.60230955754965,101.20123751448133,75.59019389159431
2020-01-07,87.59061625797058,100.88434733808002,75.34050182274297
2020-01-08,87.66611129499218,99.65332522022966,74.09888139488157
2020-01-09,87.60491548843481,99.15145881841072,76.33762626444799
2020-01-10,87.5911138365926,100.21707521049439,75.36566916242343
2020-01-13,88.26893364527227,100.59033675827331,75.99329492694883
2020-01-14,88.380418145493,101.17848691829523,75.42120829014037
2020-01-15,88.6247949630339,101.63088806233671,75.64024006208916
2020-01-16,88.77623134034258,101.54775791646718,76.26306832289455
2020-01-17,89.01566740935515,102.02732766095063,76.34896437078892
2020-01-21,91.12282638872915,103.84022721550677,78.0526757851292
2020-01-22,91.73951422251959,104.413147003026,79.69539832363087
2020-01-23,92.26461721054204,104.58507237264632,80.09546560539532
2020-01-24,92.87045690301683,104.9826251714298,79.93996301463609
2020-01-27,95.47267215593328,107.05364753053172,83.03771897364928
2020-01-28,96.19905893820379,108.60872882689445,83.38075651647603
2020-01-29,97.02026790985687,109.99149279985095,85.16132364099826
2020-01-30,97.69596929829699,109.65303144072502,84.55740167349924
2020-01-31,98.39334680806891,111.12776473466707,85.77438689867776
2020-02-03,100.88268250128215,113.78916891591847,88.41455962144192
2020-02-04,101.4379090118113,112.48843001710505,87.51247958487821
2020-02-05,102.02248942966992,114.4274826369972,89.40191707372601
2020-02-06,102.39895759803026,114.67060459400527,90.73023103231755
2020-02-07,102.73868449544123,115.54546824105567,90.27784341967744
2020-02-10,103.86420404377684,116.64254804437721,92.47548905849105
2020-02-11,103.8927208692566,114.88673398195635,91.00350464220217
2020-02-12,103.92886727382769,116.38156048202006,90.46966983049133
2020-02-13,103.74451723598094,115.75979481205077,91.0332596312293
2020-02-14,103.52059133778647,115.93854414676224,91.36385701144961
2020-02-18,102.57832217396678,114.62801951982499,90.27501397777026
2020-02-19,102.17276995341496,115.01025772163862,89.76197093802799
2020-02-20,101.59425283835257,112.9865531637705,88.33245502079969
2020-02-21,101.02929719047259,113.50084116030251,88.2342026671193
2020-02-24,99.8754149786467,112.30822303290357,88.2586270447297
2020-02-25,99.3253013207341,111.66972790307216,86.37493722629523
2020-02-26,98.88687751346103,111.56835645341897,86.35428508790315
2020-02-27,98.33703051025321,110.15488613148672,86.73118570236224
2020-02-28,97.85956036721934,111.17964124123995,85.18987356091233
2020-03-02,97.2797558284198,109.44727661805736,84.88153295918961
2020-03-03,97.00741078557934,109.19572068596402,84.41554897484498
2020-03-04,96.87991807787645,109.37333173930388,83.64101882086985
2020-03-05,96.66770056638242,109.45254119817797,84.03495719759651
2020-03-06,96.548035977734,109.01802453379065,83.8857034467793
2020-03-09,97.09991920815935,109.6886820706593,84.60996302766542
2020-03-10,97.20509942970608,109.9011918907151,84.58315152420096
2020-03-11,97.4470309522614,109.38081456570674,85.33068063398117
2020-03-12,97.59216667354721,110.60467782645844,85.7419270212727
2020-03-13,97.81455071111466,110.13788868685744,85.69926089494886
2020-03-16,99.27984134742911,111.47904377302638,86.45243992982971
2020-03-17,99.64864615701642,112.34435119527517,87.75456946154033
2020-03-18,100.13384137825219,112.71307149826775,87.65753988235767
2020-03-19,100.50278122925594,112.5892981922735,88.18699445594757
2020-03-20,100.9308553381369,114.11360286402048,88.12114891024575
2020-03-23,102.92228263234333,115.59489170798938,92.47040111005896
2020-03-24,103.44267034462611,115.82783362514915,91.64499798078889
2020-03-25,104.07069289249405,116.75549574672834,91.059225049219
2020-03-26,104.57528827818977,117.09379432567772,92.19724501142136
2020-03-27,105.13309348810323,117.80552085159707,93.1051420096954
2020-03-30,107.48410984767042,119.30768342195175,95.30266870923565
2020-03-31,108.11398180358624,119.7529130808291,95.30390845603519
2020-04-01,108.84473993836698,120.8864994072063,95.69114528888916
2020-04-02,109.44363099828063,121.51217824210202,96.32972170701079
2020-04-03,110.08515501328941,122.93931278878699,97.93772662541897
2020-04-06,112.59736539409796,124.99735721074671,100.59457862769845
2020-04-07,113.24110333472791,125.31873990421462,100.8379916277686
2020-04-08,113.96072260513819,126.07715017054528,102.46692999045604
2020-04-09,114.52060050572467,126.6577885825004,102.17918625869373
2020-04-13,117.1947345947823,129.602262508052,104.59554453122202
2020-04-14,117.63117258879537,130.00263800033534,105.14375845529436
2020-04-15,118.10831117477609,130.73239570599264,106.34680391134233
2020-04-16,118.39179073867133,130.55969009388772,106.1352566876575
2020-04-17,118.65563210677364,130.89178265908586,106.51905620455396
2020-04-20,119.6755211598525,132.10523276639108,107.8036104358098
2020-04-21,119.71364865133057,131.93636698184375,107.81954450823959
2020-04-22,119.78279965640985,131.97464695325365,106.83232285085555
2020-04-23,119.65485434359192,131.4598257023447,106.99029699089635
2020-04-24,119.51040957615825,131.19453761486227,106.47837965797409
2020-04-27,119.3919457713428,130.93706228343288,107.29860826460666
2020-04-28,119.10154464061625,131.46988352358494,107.28766569678432
2020-04-29,118.87787611874357,131.40133229379776,106.544427066205
2020-04-30,118.49816768287927,130.24571955403752,106.07466989083453
2020-05-01,118.1476316873797,129.56612097503924,105.68339078405815
2020-05-04,117.7177060866105,130.50867674496524,105.66316782635747
2020-05-05,117.43162461591066,129.79892076508716,104.64313945104983
2020-05-06,117.26656762936662,129.55317078304174,104.07615898305608
2020-05-07,116.99823225521016,128.21177073822554,104.97723608148642
2020-05-08,116.80921977462643,128.88179993192935,104.54530004738876
2020-05-11,117.12382255167645,129.55952611208411,103.97675552058314
2020-05-12,117.15466804747462,129.17090571345312,104.1658845595328
2020-05-13,117.33028243907935,130.2942328783468,105.07179547984612
2020-05-14,117.41929290971824,130.36912756462664,106.01802935601204
2020-05-15,117.5970042507681,130.2039434248682,105.7751043613991
2020-05-18,118.99539124670211,131.50028618189955,106.32396069219408
2020-05-19,119.35914021547538,130.81689585498668,107.42331749686645
2020-05-20,119.84326683646103,132.81417806140314,107.44974873439784
2020-05-21,120.21131963994716,132.22603340381426,107.50402703964258
2020-05-22,120.63439487342265,133.20253468285742,108.9279265619987
2020-05-26,122.99191973502137,134.97289960257973,110.45391730947466
2020-05-27,123.52532367048431,136.07387353258733,111.29733041605373
2020-05-28,123.90529432549205,136.20108805362923,111.63752625318908
2020-05-29,124.30588231494937,136.77886381215527,112.11607650453631
2020-06-01,125.97868416713773,138.1191210270758,114.39493004869583
2020-06-02,126.31563882275326,138.67116789294465,113.79386996793215
2020-06-03,126.7241132257481,139.53797328485123,114.40675498221417
2020-06-04,126.9756485839496,138.79503743527795,114.83307001065376
2020-06-05,127.25023042913004,140.4256242642546,115.15228655354558
2020-06-08,128.614802916682,141.01542837234172,115.87908249717654
2020-06-09,128.88826163693452,141.36068797480306,116.42297168061864
2020-06-10,129.25919402294113,141.14383945636789,116.99743799116476
2020-06-11,129.50172537322504,141.4485314978588,117.57206647085528
2020-06-12,129.79751348569516,141.87462073743168,116.60017359017041
2020-06-15,131.40936118947707,144.22694732173036,119.15192079361921
2020-06-16,131.8225147740852,144.7533736996781,120.43395678893864
2020-06-17,132.3575632267284,145.52673435269077,119.46992067381686
2020-06-18,132.7849080972022,145.44188969896308,119.01310311232982
2020-06-19,133.28182484432884,146.41559006386936,121.25001990347214
2020-06-22,135.54390727634228,148.34496693122443,123.98321108772714
2020-06-23,136.1709920266708,148.8746599540998,123.95263332363535
2020-06-24,136.90916454913315,149.38673652037988,124.92506592433138
2020-06-25,137.52339066892685,150.32883988252127,125.09929907610777
2020-06-26,138.1858482083348,150.2368363128203,125.13935902081205
2020-06-29,140.7732642634608,154.7381222374484,128.68888746638564
2020-06-30,141.44059897009947,154.81344708083412,129.78687826569617
2020-07-01,142.18131512920232,155.1579495789812,130.15688409895566
2020-07-02,142.7594864229565,154.478612799309,130.5862141105378
2020-07-06,145.49173475234107,156.98720397390795,133.02140609047157
2020-07-07,145.94662676434805,158.87075082992484,134.09411804829887
2020-07-08,146.44751849655572,158.38406671859622,133.5979169704845
2020-07-09,146.76363815033886,159.3981586077873,133.86310152179922
2020-07-10,147.0718958094766,160.65182369466677,134.69565489031658
2020-07-13,148.32381422444016,160.19114827451028,135.7660690305378
2020-07-14,148.48048073828852,160.78244902120866,136.3560412208523
2020-07-15,148.6919483835982,161.28787337953733,136.59821110408544
2020-07-16,148.73121915445518,160.19129165458267,136.20421851689298
2020-07-17,148.77937353186778,161.13468214749804,135.9838290558358
2020-07-20,149.38524148758233,161.32899542419364,137.0213117283862
2020-07-21,149.37954494455144,162.1911288098203,136.44548394453605
2020-07-22,149.45763541176606,161.03758916608106,137.16174342100487
2020-07-23,149.39302015203785,161.6943911402718,138.49524610788114
2020-07-24,149.3666476376304,162.76739936529225,137.04467060321485
2020-07-27,149.91510785613312,162.20865293989212,137.52248579941752
2020-07-28,149.9398724545387,161.7697567578906,137.22475456213363
2020-07-29,150.06934952358603,163.35603631172748,138.67832051365122
2020-07-30,150.074309953679,162.71805749841928,138.1399209315625
2020-07-31,150.13281220026383,161.96503891885067,137.46522774052832
2020-08-03,150.9982684593936,163.0598884648467,139.2112970852066
2020-08-04,151.14005383679063,163.9868707599236,139.81743580028763
2020-08-05,151.38793449515288,164.10753707526433,139.1145926873857
2020-08-06,151.51047142807977,163.53540159077406,139.31016949409155
2020-08-07,151.68381150368538,164.36560884505087,140.3300266224059
2020-08-10,152.86306500714315,164.32287564709216,140.1215889889818
2020-08-11,153.09606033566888,165.90877216921635,141.20701696575165
2020-08-12,153.42763181287015,165.03605627241393,142.5889286401239
2020-08-13,153.6262343065086,165.38424629862175,141.88360016049313
2020-08-14,153.86811105425932,165.804577307269,142.20021541941182
2020-08-17,155.2107719217302,166.34074117493745,142.32014391619546
2020-08-18,155.48546768808387,167.12680286752402,143.99169099880203
2020-08-19,155.8529835691095,168.26177618263517,143.889391744515
2020-08-20,156.08204383371876,168.75545639131062,144.53614779769833
2020-08-21,156.349037530485,168.79549802943063,143.00750412075837
2020-08-24,157.73412572834957,169.8522320079196,144.81130771593197
2020-08-25,158.01084976566872,170.97455648308264,146.06810984882904
2020-08-26,158.37335857169572,171.17298827762102,146.17127111156427
2020-08-27,158.5895823701182,170.75033433385997,145.610993583555
2020-08-28,158.8350212831031,171.62519855304583,146.9996253839251
2020-08-31,160.09374183441204,171.69652910541677,146.45907651669435
2020-09-01,160.30483136542526,171.24773506591967,147.56831130248602
2020-09-02,160.58876106795134,172.53871156383082,148.66490020783718
2020-09-03,160.7130319233762,172.52530713435135,147.63202736852153
2020-09-04,160.58792398671977,173.54029852155355,147.58380918943053
2020-09-08,160.44798290596975,173.80501907301343,147.3415733153762
2020-09-09,160.30270809531237,172.98631742347567,148.33360189088262
2020-09-10,159.9904224979625,171.96526732805557,146.82313698917423
2020-09-11,159.68875564042236,171.9240721939338,148.0454645449169
2020-09-14,159.22491256965034,171.5410166511512,145.78774151780163
2020-09-15,158.84766208338434,170.8550529486111,146.5202139746601
2020-09-16,158.54385836450663,171.30098496131413,146.288962566052
2020-09-17,158.08617324350368,169.90749828754448,146.27005185193198
2020-09-18,157.65533746147736,169.21428755226654,145.16884789806494
2020-09-21,156.92889142341966,169.7414061816595,144.52942359328551
2020-09-22,156.51319098332797,168.3643990114858,144.24461533126626
2020-09-23,156.19809481459683,168.79198496478637,144.75888461966065
2020-09-24,155.75705728992804,168.20710046646823,144.00143555474952
2020-09-25,155.3710100544314,168.56576957560839,143.65172784792662
2020-09-28,154.94072461994185,166.92176035498355,141.9877707602707
2020-09-29,154.67234669275686,166.57878790048548,142.01884548665745
2020-09-30,154.52481777379163,165.72510526768923,141.516224875616
2020-10-01,154.2684268741576,167.30656111284864,141.40873701018796
2020-10-02,154.080549012089,166.4664572161123,141.37703328944724
2020-10-05,154.2863373063644,166.6413227706916,142.190533772221
2020-10-06,154.23001309843383,166.79420161760441,142.85487515890205
2020-10-07,154.28769342248785,166.7015270932384,141.8999801627785
2020-10-08,154.22581002744195,166.32223827880134,142.0594145473684
2020-10-09,154.21819768908088,166.53853078771462,142.35662551493556
2020-10-12,154.85058743995734,168.31935188242375,143.58071138780127
2020-10-13,154.89156024730568,166.60225163408882,142.97048324008807
2020-10-14,155.02223003708866,167.1218872806456,142.35420016721196
2020-10-15,155.00892047362444,167.69717390162162,142.37074608260255
2020-10-16,155.02603877277755,167.49057415799697,142.05140868187598
2020-10-19,155.6049791093656,167.48945313157495,142.69474496785466
2020-10-20,155.59361636895852,167.5487761105672,143.44921079787022
2020-10-21,155.6599006902507,169.11542864763842,144.21236142635638
2020-10-22,155.57381002826048,168.2294274254018,143.46280028291534
2020-10-23,155.51361191214752,167.52066283603253,142.42212737922998
2020-10-26,155.8726704570427,168.57760785480446,142.7546734204358
2020-10-27,155.80453989448418,168.16000059951648,143.08621773274248
2020-10-28,155.82788434768108,168.51739494204264,143.16113664979332
2020-10-29,155.71539433657986,168.343927038218,143.09638550325667
2020-10-30,155.64751095133607,168.72101213347372,143.5865825485745
2020-11-02,156.10817019485762,167.06583788479568,143.3547729253615
2020-11-03,156.1162081788557,168.6053614983487,143.42102659076548
2020-11-04,156.2355259740171,168.1738074027576,143.65966392026465
2020-11-05,156.23701125965445,168.47643463387763,143.68188285221422
2020-11-06,156.2987009576806,168.1856707174093,144.60206515353158
2020-11-09,157.21016877382638,170.00446456202013,145.01799369860336
2020-11-10,157.37684789784936,169.71406777958143,145.01079349056224
2020-11-11,157.6522997078921,169.4570433829456,144.15023836104893
2020-11-12,157.8033272174511,170.22049293862958,145.41222110261435
2020-11-13,158.004008001452,170.15705018219342,146.44146552705215
2020-11-16,159.2338907446476,171.2866069720328,145.90094778023771
2020-11-17,159.46429282172713,171.24943894904115,146.5412091709479
2020-11-18,159.7788835801285,172.3002991359696,146.64647500522565
2020-11-19,159.94342432313846,172.8066375653171,147.60787693860706
2020-11-20,160.13166549736275,172.33366689078449,147.73146727647688
2020-11-23,161.17609766937875,173.17956774036313,148.3925270414333
2020-11-24,161.3012956540718,172.60265177986713,148.50502650493402
2020-11-25,161.49353762985962,173.59680870459206,148.88467699739178
2020-11-27,161.56457122920042,174.2456776315883,147.90487195078913
2020-11-30,162.15509999054908,174.42356924424698,150.34681382126482
2020-12-01,162.13759961834165,174.7805601835812,149.94287520977704
2020-12-02,162.19814552268082,174.46651078562866,150.4484137897629
2020-12-03,162.10953380064637,174.5714151185431,149.73871989950084
2020-12-04,162.05244146487763,174.51315418835492,150.0664629854497
2020-12-07,162.47101372723947,174.981129493334,150.51026997965732
2020-12-08,162.4420052933872,174.41897502892093,149.9864957528336
2020-12-09,162.51381906954006,174.4574992431514,150.05327678471096
2020-12-10,162.4580128199534,175.13534378347933,150.60741913690873
2020-12-11,162.4532843961411,174.32844568053957,150.47070632012225
2020-12-14,163.11669702817144,174.54942806904597,150.8914888628869
2020-12-15,163.18604155306937,175.99003260048008,151.74583500823567
2020-12-16,163.3573973039519,175.90707890454212,150.76549147499574
2020-12-17,163.3977333712579,174.90702896981537,151.9722684192321
2020-12-18,163.48117188279244,174.5148363952408,151.34885423082335
2020-12-21,164.31874426112552,176.2625367677097,151.50250732236688
2020-12-22,164.4039368256356,176.964993453532,152.5376272542632
2020-12-23,164.56547202745236,176.87546782553812,152.95680378449893
2020-12-24,164.56869134438278,176.700853662896,152.29694899108827
2020-12-28,165.06647787180935,176.6275700950798,152.91010293957152
2020-12-29,164.98474236522605,176.8500928261601,152.72328400656812
2020-12-30,164.96103922003923,177.85853726020665,152.76344020774377
2020-12-31,164.76517457973583,176.5496977384019,152.08576050534558
2021-01-04,164.43719977575682,177.27516404945197,152.13017773176287
2021-01-05,164.17182425173363,175.84762147337366,152.1163401603222
2021-01-06,163.98590122785978,176.58169580341436,152.0010252611417
2021-01-07,163.6550168342589,176.13220192192492,152.2900793840596
2021-01-08,163.36291915081722,175.92554040672934,151.17683334769467
2021-01-11,163.15408446483212,175.67261327922813,150.90474200085072
2021-01-12,162.95384562989133,174.86461909605708,150.96106443939883
2021-01-13,162.879510620085,174.74554402946245,150.55875608233603
2021-01-14,162.70621805809182,174.21662002043703,151.17312439146232
2021-01-15,162.6160638035527,174.84142187371697,149.89240554786295
2021-01-19,163.38433093984509,176.37673244608635,152.18109853276323
2021-01-20,163.66897331359644,176.0056786978515,150.89651754188924
2021-01-21,163.86633745572794,176.62264511634967,150.8435427959184
2021-01-22,164.15031044940403,176.54303782121528,150.92899990712874
2021-01-25,165.83622297214214,177.91185734888768,153.58933814752427
2021-01-26,166.27752433706303,179.05403172063546,154.35717654112938
2021-01-27,166.82529029407476,178.93788006897753,154.81980071833715
2021-01-28,167.23972784791945,179.7445771847938,153.53902650951505
2021-01-29,167.68830484736895,179.918639423102,156.09342986624108
2021-02-01,169.5049319540938,182.1146326908571,157.63127417375847
2021-02-02,169.8588273222657,180.47066178104262,156.50627207298206
2021-02-03,170.25208639210138,183.22617422055373,158.45320626794984
2021-02-04,170.44604723345876,182.82032682892586,158.6869728013022
2021-02-05,170.61070002939678,183.6238068059431,158.0152503354369
2021-02-08,171.23968913641028,184.0762115023835,158.8062379163596
2021-02-09,171.10651060846746,183.63658398951006,158.5290087840779
2021-02-10,170.97990608196804,182.47348711301387,157.6737164894242
2021-02-11,170.630001138565,182.39764468322585,158.75581296323466
2021-02-12,170.23604109271346,182.39921953627996,157.6227087526073
2021-02-16,168.53979563178694,181.64160332600792,156.0100552884951
2021-02-17,167.92153750131487,180.21172309593592,154.68437587051343
2021-02-18,167.11905163307154,179.0676283574428,154.89109771158604
2021-02-19,166.31847348362314,178.69673789541008,153.26963683284487
2021-02-22,164.3873836215896,176.77492204278684,152.82644052504313
2021-02-23,163.55572398911877,176.4044225538649,150.830211668193
2021-02-24,162.825503787926,175.00605514629132,150.19244264643322
2021-02-25,161.97446081807354,175.00853436081422,149.0249067868033
2021-02-26,161.18738194788247,172.94995661628815,148.91884711300884
2021-03-01,159.63955410048638,172.4311173111386,146.68960560041984
2021-03-02,159.03547928175178,171.20221750835412,146.42782192799305
2021-03-03,158.57374976334086,171.0251655191247,146.73445941063468
2021-03-04,158.0259473587644,170.02462523797203,145.2550362456338
2021-03-05,157.570435393652,170.34543434024883,144.2266444790427
2021-03-08,157.12250589543575,169.5800232268442,145.43787120273612
2021-03-09,156.89946344543498,168.6638088984276,144.54997807457792
2021-03-10,156.816582395949,168.98767697016066,143.7486702140689
2021-03-11,156.64062947955733,168.09404016244932,144.2110565714318
2021-03-12,156.5458210487607,168.55227211437716,144.5584173107879
2021-03-15,157.08271513632238,169.1862706068777,144.51952447047222
2021-03-16,157.14917935005232,169.9453197541484,144.41510124732483
2021-03-17,157.33509222293114,168.79769263894926,144.8359237052132
2021-03-18,157.4074283663052,169.38873117649166,145.57292449010032
2021-03-19,157.54117834962923,169.41545032052733,145.65082055971
2021-03-22,158.65950268156215,171.41292726047803,146.59218228033342
2021-03-23,158.8910830191535,170.4390416802016,147.05128072807693
2021-03-24,159.2310459558435,171.44428828921622,146.35497458861303
2021-03-25,159.44823862472393,173.16459275195277,146.0240778907932
2021-03-26,159.71930556421964,172.14569095903698,146.95489139592212
2021-03-29,161.21569471002647,173.4282105669403,149.29378733242
2021-03-30,161.56357274890712,172.99348023726066,148.84468951722926
2021-03-31,162.01449999129701,174.0806517439287,150.00125761719312
2021-04-01,162.33625532956887,174.7311262411758,149.1211152850892
2021-04-05,164.42002001793398,177.63130123675148,151.29353757935465
2021-04-06,164.80874501559467,177.03033131509167,153.01023197058336
2021-04-07,165.2793189923361,177.89341798643864,153.61867035165017
2021-04-08,165.59646428006664,177.34652313626881,152.02956133883254
2021-04-09,165.9323315212758,177.432187303342,153.06224869309168
2021-04-12,167.36537067498134,178.95076208064933,154.91926932484478
2021-04-13,167.5913088704395,179.148928237817,155.22527909300968
2021-04-14,167.86347901421547,179.96200219410906,156.52632610864774
2021-04-15,167.94685281487924,180.33008660633075,156.72277416914008
2021-04-16,168.01463705070728,179.80737190844116,156.33455148791492
2021-04-19,168.4606366653496,181.16774551111092,155.9980940470131
2021-04-20,168.30840917558587,180.5287194060322,156.14760974205595
2021-04-21,168.18561075966275,180.67555821370004,155.35410753792252
2021-04-22,167.86284744327799,180.24692010117312,154.95571889052084
2021-04-23,167.51946034784916,179.91793400708957,155.53828243511848
2021-04-26,166.7677775951409,179.30887004744602,153.21422617159854
2021-04-27,166.25079657853317,178.7422991984442,154.23636565251664
2021-04-28,165.79145067689552,178.92541703392806,152.53102947756682
2021-04-29,165.16641356739106,177.21633951421373,151.94832495538395
2021-04-30,164.56053575478256,176.25134969941215,151.98118519163958
2021-05-03,163.3039566960668,175.53981052962317,151.37807874705854
2021-05-04,162.72297029500342,174.76434729754317,150.07204062618464
2021-05-05,162.25426181951153,174.91746208561108,149.96465250601727
2021-05-06,161.67436367257295,174.28314742894443,149.7349843229914
2021-05-07,161.16687188275944,173.38629515353546,148.46843534987687
2021-05-10,160.49635550623742,172.9502155727707,148.76741139712996
2021-05-11,160.19329449779883,172.0129756977695,147.7882525566709
2021-05-12,160.03451514705984,172.44468283012972,147.45718552957854
2021-05-13,159.79000239955494,173.0774725878065,147.19940005988096
2021-05-14,159.63636600740372,172.02676547523635,146.641573317433
2021-05-17,160.0653786372618,173.00340549388622,148.054544342066
2021-05-18,160.11743141801838,173.00904146501534,147.58083260065268
2021-05-19,160.2967685418994,172.48129916014818,147.80220592101443
2021-05-20,160.36737357614265,173.26210357912734,148.17238547902392
2021-05-21,160.50057729549172,173.52405981526744,148.26885506403283
2021-05-24,161.5808687584286,173.7539711600888,149.11488669552978
2021-05-25,161.77204935104754,174.12309007746137,149.7829916635445
2021-05-26,162.0500703440096,175.20693955373693,149.53826280088595
2021-05-27,162.17964516328027,174.47413662812593,150.38058501425326
2021-05-28,162.33386509656685,175.06799928182565,149.6908976412405
2021-06-01,163.37682995932283,175.90156010418377,151.09936824419904
2021-06-02,163.54270786293716,176.2347674952523,152.1332358375337
2021-06-03,163.54916631796561,175.79166369162533,151.0506573722325
2021-06-04,163.57526623674372,176.36087550697906,150.89443058491565
2021-06-07,164.16663343310088,176.62508640708043,152.286011581616
2021-06-08,164.17142974445616,177.28398021473475,151.68256615761254
2021-06-09,164.26782798757722,175.99705740453496,152.19052477682845
2021-06-10,164.22997931259846,177.26222215330196,152.07917082566522
2021-06-11,164.23974744833896,177.21139769839039,151.99810967133487
2021-06-14,164.96428052260464,177.12115171905063,152.1025791169857
2021-06-15,165.07418139903203,177.74785488930814,152.2017433251585
2021-06-16,165.30367487935098,176.94138028186944,152.67082422351265
2021-06-17,165.42415788170692,178.27462276237503,152.3143457183855
2021-06-18,165.61395226737568,177.9749374406598,152.41694368045614
2021-06-21,166.96373781955566,178.8203610615626,155.06646773711097
2021-06-22,167.29315021790143,179.06258629381045,154.82999830846202
2021-06-23,167.73840109730799,179.9881990680028,155.77608507361833
2021-06-24,168.06522969446817,180.74389866691777,155.98186957278375
2021-06-25,168.44645948504817,180.6461842341011,156.54782832940197
2021-06-28,170.23145102595493,182.57120932624426,156.562558297873
2021-06-29,170.64567682611386,182.52864826851322,158.57376313142493
2021-06-30,171.14036281399365,183.4394540818253,158.52356783437966
2021-07-01,171.47927948084813,183.9275976347335,158.90046131602125
2021-07-02,171.83413964008568,183.4975571477204,159.20022309059812
2021-07-06,173.55158296643418,185.8609134932971,160.83770371586962
2021-07-07,173.84108710701872,185.5970385114478,162.2734608658539
2021-07-08,173.94724813503225,186.38363778745716,161.64035361441435
2021-07-09,174.0445818058661,187.02906499879478,161.35325444487663
2021-07-12,174.6570274977816,186.19589574465905,162.73930351290673
2021-07-13,174.59544161015063,185.66964289654942,162.31895260516305
2021-07-14,174.58488026887176,187.53857297882683,161.4932580475862
2021-07-15,174.39775999248837,187.25220106724518,162.23974185606562
2021-07-16,174.21469210092746,186.1564266980866,161.2977885874287
2021-07-19,174.0950644258917,185.5217350988772,162.10070437273228
2021-07-20,173.83659889114853,186.55054474512187,160.98223186380622
2021-07-21,173.65658399875267,186.5578519798225,161.3075380188672
2021-07-22,173.32876719741884,185.47337838191734,161.20234755440677
2021-07-23,173.03442850384585,185.72351587056409,160.57148308910203
2021-07-26,172.75478445952194,184.68327175717343,159.954504265002
2021-07-27,172.49715059704775,185.08071146927387,160.41052088713377
2021-07-28,172.34196425775963,184.86608942811392,160.5676257956353
2021-07-29,172.06055130416289,184.32205067601885,160.37763777597007
2021-07-30,171.8315074575971,185.17917634838793,159.73421346662738
2021-08-02,171.832136198489,184.89115038038724,160.0943797856591
2021-08-03,171.6862888641158,183.63959650932097,158.9154629234661
2021-08-04,171.64740042376354,183.9535016645224,159.37413324775423
2021-08-05,171.48426353359838,183.89929728473297,159.1483967204962
2021-08-06,171.37319428981678,183.39965856138767,158.2169031632874
2021-08-09,171.70764047673535,183.42110442898368,159.15876192675924
2021-08-10,171.66187537885398,184.33508437143053,159.56352200198486
2021-08-11,171.7160321785536,183.63219690086288,160.08512750194666
2021-08-12,171.63848474153497,183.47578910169074,159.98541169860732
2021-08-13,171.60538545825122,184.47161352447694,159.43487009297885
2021-08-16,172.12930860849218,184.4485639297697,160.10768486681573
2021-08-17,172.1329492626933,184.9639993445566,159.60859920236118
2021-08-18,172.2302988845342,184.43901423396923,159.56739666585003
2021-08-19,172.19010547928502,184.5918985859186,159.6024085624059
2021-08-20,172.1888166094258,184.94314650540076,160.43801711665606
2021-08-23,172.77596477055198,184.98542571336452,160.24107674399636
2021-08-24,172.7895099722972,185.2772707681844,160.84962685402462
2021-08-25,172.8905371060001,185.12361722940767,161.33127194436298
2021-08-26,172.84716538631565,184.93410068786065,161.0272361861547
2021-08-27,172.8350776870519,185.9857560103264,160.75165259830987
2021-08-30,173.33514343434052,186.19371540310627,161.1166019350296
2021-08-31,173.29831528463276,185.87236798378777,161.77565217255662
2021-09-01,173.33685115278485,185.70934435558468,159.56479203424155
2021-09-02,173.21818582977863,185.3282415698969,160.58603919804463
2021-09-03,173.11751546788895,185.60041787713538,161.502722725277
2021-09-07,173.0933614935618,186.60917577041644,160.30821473782328
2021-09-08,172.97897566039381,184.27662278280818,160.64925331883327
2021-09-09,172.69764907402785,185.5222704150872,160.99514523406958
2021-09-10,172.42644329447057,184.5796835598665,159.95233668633867
2021-09-13,172.04498800870613,184.73333148993427,159.88795440084965
2021-09-14,171.69019448246064,183.99289806035281,159.5178965117607
2021-09-15,171.40539485877147,182.9702543625662,158.16096964914385
2021-09-16,170.96275684330095,182.824276371834,159.00487605825387
2021-09-17,170.5425725284911,182.52477455691246,156.6828456076285
2021-09-20,169.81858062311295,181.30598254713618,158.59571152011168
2021-09-21,169.39331674794045,182.40793290776193,157.78717935032373
2021-09-22,169.06346496205393,181.63169596824218,155.92236210535887
2021-09-23,168.6026497267366,180.79754190937112,156.81435908156004
2021-09-24,168.19208595671037,181.2219462214186,155.9472451307373
2021-09-27,167.6642265296799,179.18431671258148,155.23936895434883
2021-09-28,167.3572419953602,179.00128051689438,155.80310089275073
2021-09-29,167.16920999867096,179.788935686024,155.53329699232003
2021-09-30,166.8711805801054,179.12506377970323,153.91380969969634
2021-10-01,166.64131311921633,179.26472026546637,153.82310997906757
2021-10-04,166.7267944817056,179.23991592440152,154.3041101324443
2021-10-05,166.63467764950695,178.82588413858508,153.9206384493736
2021-10-06,166.65978028020524,179.52110148394763,154.3408020109691
2021-10-07,166.56904303048003,179.65522201441044,154.97328283255015
2021-10-08,166.5367044716582,179.68090038356564,154.65599724796522
2021-10-11,167.12193581895897,179.55798484459905,154.10709548462708
2021-10-12,167.15631489251493,179.6905337983757,154.9758046701106
2021-10-13,167.28469461058143,179.2880024904405,154.88856633007083
2021-10-14,167.27306055582798,179.46869991650658,154.68915752766256
2021-10-15,167.29537248982177,178.67033011551405,154.2403484061173
2021-10-18,167.90518250260314,180.71972585418075,156.31801969048618
2021-10-19,167.90693968215044,179.6572006850129,155.59990180816177
2021-10-20,167.98653278766008,179.96651303317674,155.40230875074826
2021-10-21,167.91319363275016,180.66971560279603,156.01555822687934
2021-10-22,167.86446760636753,179.068405805373,154.76890542122197
2021-10-25,168.24384729536249,179.9522332447409,156.9105736937879
2021-10-26,168.17605278273888,180.45059189218915,155.48787118684194
2021-10-27,168.19590042526423,179.848171364145,155.79324746855784
2021-10-28,168.07589075794647,180.60777032063976,155.4578894988635
2021-10-29,167.99640415573506,180.30601841470573,156.6651569378035
2021-11-01,168.3991066241645,181.06061058561966,156.17841711547536
2021-11-02,168.38118642188843,180.8501107362557,155.12584450083392
2021-11-03,168.47204531316066,180.65960726239086,156.13288167823933
2021-11-04,168.4432020536595,180.8408047775178,155.9396777849115
2021-11-05,168.25212160237427,180.08685752549732,156.7298360469587
2021-11-08,168.40584059746305,181.29282431664276,154.7276716529602
2021-11-09,168.32268746470595,180.76574755976696,156.7003512755847
2021-11-10,168.35090143372665,180.4257432134417,156.7926524608006
2021-11-11,168.25793250371188,180.15438987021383,156.860455685088
2021-11-12,168.21842038885634,180.82999091801057,155.1602053286383
2021-11-15,168.75455062317982,181.6218520531471,156.22302550385086
2021-11-16,168.76335551477425,180.27740105245567,155.76276986552054
2021-11-17,168.86119498658587,181.87411073722785,156.07007173975921
2021-11-18,168.81363596674706,181.24821065836412,155.96246713930205
2021-11-19,168.79410249959693,181.59160672169045,155.82151814495944
2021-11-22,169.23613444018625,182.51539217359925,157.6214639785648
2021-11-23,169.16534929099623,181.29282740249138,157.68082220497394
2021-11-24,169.1627637069958,181.27284752034916,156.71272101272461
2021-11-26,168.84436553379788,180.83321315831682,156.0134233278123
2021-11-29,168.83953403503162,180.98434549694792,156.58880860953622
2021-11-30,168.61782453933253,181.27284835940728,155.97908393983147
2021-12-01,168.47038852929754,180.86660809089767,155.98728906434476
2021-12-02,168.1696612533629,180.66104048982868,155.98182362170206
2021-12-03,167.89609495056814,180.02088554813318,154.7301270633696
2021-12-06,167.63902762847775,179.65008154067408,155.39443762334335
2021-12-07,167.3767764127911,179.87955915034553,154.69157981051802
2021-12-08,167.2120350244693,179.59921301515314,155.06277015070938
2021-12-09,166.9169679169853,179.073015296034,154.24993277496273
2021-12-10,166.6709800550512,179.87740267566576,153.8385068405684
2021-12-13,166.60673780429087,178.56973523059997,153.70218859678502
2021-12-14,166.43511502527852,178.52858901172166,154.56625519131512
2021-12-15,166.36772473022052,179.28554298160336,154.39897883324676
2021-12-16,166.1723298150973,178.47935134057687,153.89031287359938
2021-12-17,166.02376617978905,178.20818190800446,153.64717363766638
2021-12-20,166.19314464278395,179.03666003806927,152.8061355912553
2021-12-21,166.06598645692355,178.0541962821146,154.37308335899246
2021-12-22,166.0205136272024,178.44784562578985,154.02914279237686
2021-12-23,165.8218998222002,178.3981549534164,152.2515187727749
2021-12-27,165.5547433991743,177.90422289039182,153.32097819735338
2021-12-28,165.28866883706877,178.10466009185575,153.7875119260909
2021-12-29,165.08145696638115,177.37448773129495,153.0988099230953
2021-12-30,164.70179154958174,176.22633393517953,152.24832012199832
2021-12-31,164.32696370035995,176.31512409415097,151.75226859148825
2022-01-03,163.61236302498403,176.87143188806675,150.4641230700608
2022-01-04,163.14446814495793,175.36242052196974,150.65242559949334
2022-01-05,162.74920542291457,173.99909425577036,150.41008852101123
2022-01-06,162.20140775671283,174.7002680905701,150.35404387742653
2022-01-07,161.6842421108932,174.07055741568476,150.0236187087476
2022-01-10,160.7484549722271,173.203365026916,148.22338397987784
2022-01-11,160.2887963292817,172.39713549312557,147.36266084287598
2022-01-12,159.94712675876198,171.48467999779854,147.76168072536845
2022-01-13,159.4992994724851,171.89271494124816,146.80228255712052
2022-01-14,159.12833241268638,172.0551390535535,145.4779831511475
2022-01-18,158.73512971603338,171.23580485872014,146.2022743367299
2022-01-19,158.72713577200344,171.51925261729673,146.06299572072612
2022-01-20,158.6341429042409,171.6727527792681,145.74172506472033
2022-01-21,158.63166426447063,171.02315341766212,145.92480968808212
2022-01-24,159.49703117019988,171.04889837867753,146.32743371141888
2022-01-25,159.68232283697836,172.6084297577789,148.0101440226253
2022-01-26,159.984718311853,171.98386515091684,147.65723756950726
2022-01-27,160.16525572091663,172.50952577414685,148.13257135328385
2022-01-28,160.3920007696811,172.74326158131072,149.24126720848258
2022-01-31,161.61772202529784,174.6898344727391,149.42316862376188
2022-02-01,161.79893059308026,174.14139627920025,149.43709172076885
2022-02-02,162.03070691245384,173.59557378553623,149.83944566121164
2022-02-03,162.07346159218784,174.17396729268472,149.01103330147484
2022-02-04,162.09603966076682,174.2048082490044,149.852509911217
2022-02-07,162.33944353103536,174.8849714317362,150.16101080738684
2022-02-08,162.0858937918346,174.40469232248083,148.5503456334947
2022-02-09,161.84009301268856,173.1968954540451,150.301590085584
2022-02-10,161.37038036594384,173.7270338743334,148.83027181008944
2022-02-11,160.8542403323557,173.41284086820772,149.4883613117593
2022-02-14,159.41691741285663,170.73876740472522,147.84338159948925
2022-02-15,158.61330953438286,170.23688796408706,146.06314751135912
2022-02-16,157.83803314984783,170.88041174085492,145.36847221794508
2022-02-17,156.86808194329984,168.4897975699535,144.64695615999767
2022-02-18,155.88890996205268,167.8748149569365,144.958944474802
2022-02-22,152.29501068024086,164.83834467940244,140.5554574379086
2022-02-23,151.32843489682554,163.832255626165,138.61546222580864
2022-02-24,150.23059767870382,162.91627223054303,137.59508256262401
2022-02-25,149.187098428717,161.30445381335025,136.5022154796021
2022-02-28,146.82234735922233,159.70622184176506,133.65962233725145
2022-03-01,145.9338889733678,158.36326126620605,133.34261185577193
2022-03-02,145.18375705631195,156.95165535021331,132.4983268510038
2022-03-03,144.34474701640454,157.03957802085935,132.02329349088296
2022-03-04,143.59639550318016,155.55645719029025,130.62133532882223
2022-03-07,142.27074415318424,154.77544238029782,128.7350940540922
2022-03-08,141.75839311361116,153.982272560298,129.7067618701508
2022-03-09,141.38901634379738,154.05132987013292,129.44509198356113
2022-03-10,140.92987664327347,153.1598429500429,128.24509948349836
2022-03-11,140.55554041662106,152.67435150633307,127.67972511286776
2022-03-14,140.27720846100593,152.0409512716401,127.7240708691277
2022-03-15,140.07955576108174,152.46485139862384,126.20403851964404
2022-03-16,140.00482203550658,152.92683194426465,126.46231655539268
2022-03-17,139.8196589791465,151.89635103543165,127.25294062352573
2022-03-18,139.69868603342667,151.9217276569826,128.01667141235927
2022-03-21,140.06554686500613,152.77453579496725,127.94058622083408
2022-03-22,140.04963377472737,152.02888706651459,128.07948725236352
2022-03-23,140.14309074432057,151.9923422176113,127.43360995456464
2022-03-24,140.1145624744605,152.00606300272216,128.3738248200886
2022-03-25,140.14057909738958,152.2191083025627,128.21727548364262
2022-03-28,140.90617404341714,152.65137577356344,127.98017366764715
2022-03-29,141.0125234891125,152.49887317589477,129.17638282543257
2022-03-30,141.22350596815468,152.50158985170788,128.0468069172132
2022-03-31,141.3073551934473,153.71119509408786,128.92309254525796
2022-04-01,141.43966314105555,153.34531800231952,129.70293843126757
2022-04-04,142.47082203117836,155.37337660483223,130.3112496074702
2022-04-05,142.64021562745748,153.81403234105483,130.1145535010426
2022-04-06,142.8968636309278,155.55306213440392,131.47687556924632
2022-04-07,143.00594869971565,154.6777858693756,131.0526330276681
2022-04-08,143.13999214608802,155.38669819471156,130.61877518145033
2022-04-11,144.0069389053857,156.77925488290035,132.34359500657533
2022-04-12,144.0572717372211,156.94481434236417,131.86474588434288
2022-04-13,144.15998610724694,155.9780902009944,132.80226251863306
2022-04-14,144.07957879578683,157.15559669355952,132.13359438210244
2022-04-18,143.98022744035038,156.43700096155825,131.87258283581158
2022-04-19,143.6803804583339,156.81446221001875,130.71293983696006
2022-04-20,143.40994071127116,155.8486360297256,131.17520457871726
2022-04-21,142.93825947505925,154.69281073130765,130.58205776963266
2022-04-22,142.44340387949634,154.49142102228507,129.70881636615337
2022-04-25,141.20961668015698,153.98778646430515,128.08145037484013
2022-04-26,140.51889515198977,153.25301606574035,128.20943249918722
2022-04-27,139.8776495101889,150.70874842510764,127.4174078601515
2022-04-28,139.06178189773405,150.84466391018069,126.52007066930673
2022-04-29,138.25554326862735,150.771932102082,126.05470607566845
2022-05-02,136.33759885333643,148.75359191032328,124.6198403522035
2022-05-03,135.5160544467386,148.32973908227808,122.62143145978649
2022-05-04,134.7972509683438,146.7461736451804,121.80158572747403
2022-05-05,133.95832974580406,146.3255834484846,121.61963582683266
2022-05-06,133.18367898682916,144.63452381983015,120.36758312469081
2022-05-09,131.67312375556708,143.7613809081014,119.38592705404835
2022-05-10,131.08510006816903,143.0280397790541,118.40456477354975
2022-05-11,130.63914942688285,143.37229164925958,117.95219620262768
2022-05-12,130.10663428696014,141.79713687752093,117.43786022966016
2022-05-13,129.66553027235034,141.96170790036197,117.80235531046489
2022-05-16,129.24814815446604,141.59271451191978,116.90861361350174
2022-05-17,129.02717341872545,140.79343207190695,116.99345464126196
2022-05-18,128.93957664501852,140.80881001044062,117.29680520621403
2022-05-19,128.7500152075611,141.2282097954715,116.48905331732617
2022-05-20,128.63030399861168,140.20381602067403,116.84489331391094
2022-05-23,128.99719725237682,140.8034628919519,116.9967290029755
2022-05-24,128.96530181827416,140.6973008387619,116.85486799308708
2022-05-25,129.02693306343517,141.75144923845625,117.18842420355516
2022-05-26,128.9461393693302,140.99773105146963,115.9260037290009
2022-05-27,128.89520076693202,141.0067485669887,116.45705757087566
2022-05-31,129.14973365282975,140.76901201303156,117.15447280388108
2022-06-01,129.1210718779674,141.14447321621654,117.10434972134506
2022-06-02,128.9317959584455,140.9483806579678,116.47304435783221
2022-06-03,128.7599280848336,140.90670089648634,116.42261643788648
2022-06-06,128.73507433893593,141.72857989265106,117.15797727447463
2022-06-07,128.52470536949338,140.4172597569415,115.85226439786173
2022-06-08,128.40028999733542,141.80989310452637,117.5281305093183
2022-06-09,128.13577798413587,139.74325251453547,115.17899230604255
2022-06-10,127.91301339343957,140.46950444336952,114.40466942014355
2022-06-13,127.90721229124523,139.343291026765,115.47151941274939
2022-06-14,127.76441451406862,139.7328109186086,114.81370033465298
2022-06-15,127.73777596075621,139.19381521718958,115.97190492283107
2022-06-16,127.59958702426417,139.8578895978893,114.7543987287493
2022-06-17,127.52914786012906,139.36791454234375,114.22107401425708
2022-06-21,128.17279702941838,139.64140327066545,116.47658469923194
2022-06-22,128.36572008958575,140.89749020573805,116.16178836998958
2022-06-23,128.44476044530683,139.87657894963942,116.62319810011505
2022-06-24,128.58354404562607,140.80727291954716,115.44608754955937
2022-06-27,129.67932950764734,141.7424092069742,116.83565188330421
2022-06-28,129.87781181848146,142.47283523569018,118.14178620094567
2022-06-29,130.16398843768116,142.0965503342134,117.90580803267629
2022-06-30,130.30152579769492,141.8764082191696,117.99959096749731
2022-07-01,130.461872387765,143.11814178490653,118.18579825448369
2022-07-05,131.45961057762935,143.04656765220426,119.33365143665428
2022-07-06,131.58016149247078,144.21261236025393,119.3846206125947
2022-07-07,131.52000780227903,144.55461616665028,119.58630915166756
2022-07-08,131.45411622255398,142.85552953294328,118.87978994638098
2022-07-11,131.5772151107856,143.748458447878,119.15901591463644
2022-07-12,131.35321092125054,144.5641956192658,119.97716921453082
2022-07-13,131.17733515002382,143.84098392135417,119.0908525179289
2022-07-14,130.82128734901252,143.681546180069,119.06703662012707
2022-07-15,130.46506565418233,142.35888483155395,118.76301152790306
2022-07-18,129.79623928909513,143.03947110993303,118.11346432333283
2022-07-19,129.34395239848874,142.24355728542648,117.02627792394813
2022-07-20,128.9646263103649,140.85160071797276,116.07532565427566
2022-07-21,128.4321176450424,141.424382648966,116.04266160116428
2022-07-22,127.92792178390663,139.68336537293322,114.42030765493593
2022-07-25,126.99120379132657,138.5110848950261,114.42562725184416
2022-07-26,126.50688441833414,138.89563250061596,113.78119937254195
2022-07-27,126.12205134290228,138.5967748301476,113.40563560441063
2022-07-28,125.60858687675284,137.71910411407674,113.54107593953584
2022-07-29,125.14564391312155,137.36707348824015,113.61932977183659
2022-08-01,124.438769633373,136.29753881380162,111.4204906913326
2022-08-02,124.05673007984741,136.83005152271903,112.56622794917507
2022-08-03,123.7821347146511,135.5986606022066,111.23531108629354
2022-08-04,123.3840866992832,134.78920943694624,111.60400764328762
2022-08-05,123.0391496137405,134.57645841858917,110.38158701523085
2022-08-08,122.67980116014233,135.3031717146066,110.943888928207
2022-08-09,122.40560898474214,134.31495749886878,109.80265251558792
2022-08-10,122.23275645213724,133.57638681190295,110.85487210866916
2022-08-11,121.92956295633843,133.36595981361904,109.17467861881879
2022-08-12,121.67210392951114,133.88245107695036,109.38938260905327
2022-08-15,121.52977002576722,134.7291033077611,110.0959354689673
2022-08-16,121.31332554533473,134.04204817715674,108.87209951938972
2022-08-17,121.19149565754151,132.77593552017794,108.26160636101393
2022-08-18,120.93301096494159,133.87563364241942,108.66288599382466
2022-08-19,120.7143342261588,133.0336655704767,108.54905850988128
2022-08-22,120.65540789519578,133.48967866770707,108.45890717410613
2022-08-23,120.4560099732343,133.06345793451882,108.304139017141
2022-08-24,120.34556134337868,132.54873022432338,107.66176335846363
2022-08-25,120.09236399428465,131.92919912325894,107.89145053792589
2022-08-26,119.8722897528168,133.1801717874513,107.87577907349953
2022-08-29,119.76120189761797,132.43607736115527,108.23995376841332
2022-08-30,119.52540177970447,132.2100809548618,107.72550497110974
2022-08-31,119.36748427297151,130.83280944872826,106.67187922814091
2022-09-01,119.05489585788571,131.3639466018641,105.78111498436196
2022-09-02,118.76278284598834,130.49513692700563,106.22334048658652
2022-09-06,117.99425101182085,130.32181259552488,105.98263787730366
2022-09-07,117.69830798250959,130.22453978690473,105.51310989191413
2022-09-08,117.2361459583716,128.89675678859214,104.85860426918337
2022-09-09,116.78431090833314,128.67969752081842,104.2976399221682
2022-09-12,115.85647378976468,127.74732538316565,104.09477736298943
2022-09-13,115.31604656107788,128.64504939115906,102.93607041667269
2022-09-14,114.84285945420837,126.4801143752982,102.18185411597416
2022-09-15,114.20851560016747,126.83515582664278,101.43762314553008
2022-09-16,113.5927889227714,126.01338329124283,101.31880019859759
2022-09-19,112.25497962298084,124.79423797687116,100.50597256777019
2022-09-20,111.61508431536676,124.58752646131335,98.77706931117262
2022-09-21,111.06535761005364,122.62247772778593,98.56807576858131
2022-09-22,110.37945069344424,121.9825731430763,97.41019189525213
2022-09-23,109.73871989873912,122.3264466061054,97.55604891397918
2022-09-26,108.49300267948018,121.73589031152234,96.55299432774818
2022-09-27,107.93916311039686,121.23022034931624,95.06012767966786
2022-09-28,107.50149030593714,120.06622840376899,94.96203651968571
2022-09-29,106.95173927955113,119.72626781645569,95.15933430039799
2022-09-30,106.46882155350734,118.78192561006462,93.99991681317015
2022-10-03,105.79500495633667,118.22533695299106,93.87096095773987
2022-10-04,105.452307511156,118.01567704154495,94.16646266401911
2022-10-05,105.22928170157236,118.16326692903834,93.0220876841371
2022-10-06,104.89348884710189,117.51437424897205,92.07816128366296
2022-10-07,104.61970065768645,117.12657248035903,92.11484160061387
2022-10-10,104.50595459790202,116.77198318156381,91.48260316808403
2022-10-11,104.3164447593962,116.80008655018628,91.62560200110605
2022-10-12,104.22549317207967,115.94648386721639,92.55598986162751
2022-10-13,103.99889766363114,115.35516904525326,91.97985872363931
2022-10-14,103.81030894420557,116.11360596683478,92.46694502400513
2022-10-17,103.80708584617273,115.68016228767421,92.94181699411689
2022-10-18,103.60905426707757,115.38568216391458,90.9399215790728
2022-10-19,103.48998014201872,115.5605647269622,90.6584063642505
2022-10-20,103.21835031410227,115.00471100972072,90.49028200151155
2022-10-21,102.97096148266965,116.87085093596224,90.9867685764954
2022-10-24,102.74503988618174,114.82136911689079,90.93963386827731
2022-10-25,102.47029605055388,114.71310712420899,89.59141496564737
2022-10-26,102.27977101517298,114.3429702447662,90.1137643823412
2022-10-27,101.94562286122897,114.4103377517602,89.31176802795385
2022-10-28,101.64801048140423,114.27251127295104,89.5250205087807
2022-10-31,101.37213429093754,113.84797463406422,88.66121112313861
2022-11-01,101.12051245947455,113.55604775417954,88.8346782773644
2022-11-02,100.97450447575473,113.0599637064392,88.78295676766975
2022-11-03,100.706148782599,112.02304308698218,88.96826675069529
2022-11-04,100.49479290710102,112.88812370621412,88.39083384412974
2022-11-07,100.5825661563434,112.4047520745638,86.8574567480126
2022-11-08,100.47826519176884,112.15969692201588,88.6081199364908
2022-11-09,100.48702805853824,112.55745249529316,88.54458742361486
2022-11-10,100.37702971479408,112.24573557100906,88.30151564942081
2022-11-11,100.32357505886002,112.05295481814797,87.51537496395073
2022-11-14,100.84174385571389,113.3240391365818,89.09565847078058
2022-11-15,100.85375046137449,113.41211881676915,88.23912973861835
2022-11-16,100.9596874984694,113.36673146479231,89.34158697888056
2022-11-17,100.92509922073148,113.15519983420245,88.32076549568087
2022-11-18,100.92324925953774,113.7033086055163,87.70659138620266
2022-11-21,101.44305151306004,113.33834208882432,89.1243493652399
2022-11-22,101.40466774643556,113.81708890184885,88.96720917528899
2022-11-23,101.43660712299564,113.49953832495355,89.57357508185986
2022-11-25,101.19051731542618,115.32362457884554,88.51479872629311
2022-11-28,101.29020949064272,113.55703870734037,88.79206047675818
2022-11-29,101.09923265100325,113.39122445074247,88.47437331582701
2022-11-30,100.97938006995354,113.69998019422164,88.3817478302232
2022-12-01,100.70257356661456,112.57607761351196,88.75510774981637
2022-12-02,100.4488722598919,112.9765234879023,88.49008755191335
2022-12-05,100.2251856864326,112.42081897225444,88.04335661304418
2022-12-06,99.96542444811934,112.57789785607748,88.10993159294604
2022-12-07,99.79927023608235,112.08729164463828,87.20825743135015
2022-12-08,99.49934410555224,111.7367950821983,87.10903334472616
2022-12-09,99.24562968418994,111.60167886962144,87.00936036878427
2022-12-12,99.14824221224899,112.27222759497666,86.68770663647054
2022-12-13,98.96499131485974,110.89195712385296,86.78661309347315
2022-12-14,98.88712988707742,110.76627614861394,86.5684922060295
2022-12-15,98.6832772189492,110.41415006212209,86.38405761079505
2022-12-16,98.52907893610733,111.62920377173363,86.50945305514658
2022-12-19,98.70533755759352,111.21812836333322,86.32071099196797
2022-12-20,98.59010144173648,111.75750066039852,86.95915215866295
2022-12-21,98.56185716422634,110.88561742106451,85.62419410388402
2022-12-22,98.38582907042739,110.87859934483218,86.73877429917579
2022-12-23,98.23489875957897,110.04315925499027,85.78215444449138
2022-12-27,98.03550694802382,110.2660503152779,86.838919285853
2022-12-28,97.87450178569517,110.00740852992494,84.86203022064336
2022-12-29,97.54214344045624,110.03573943970663,84.98425575632895
2022-12-30,97.21461661132633,110.36635693032241,85.33555565246387
2023-01-03,96.19797551853854,109.30900297904678,83.37452167302995
2023-01-04,95.83268362691744,107.74339028399686,83.32488455063323
2023-01-05,95.30824879066107,107.9238048485668,82.66066102663075
2023-01-06,94.80704555321682,107.86011554267097,82.23911485235664
2023-01-09,93.86943902989606,106.23699351705751,80.80510166091135
2023-01-10,93.39184422922345,105.57427929758745,81.12507701355375
2023-01-11,93.34943218783535,104.89244348095401,79.97997488611695
2023-01-12,93.19280300993508,106.44480430449005,80.67550571557484
2023-01-13,93.10563521954523,105.47442360363661,81.38769746530163
2023-01-17,93.79385804513265,106.38955114198272,81.71865635936749
2023-01-18,94.0492807465539,105.87417165847859,81.81384649467623
2023-01-19,94.21994973053542,106.1720492225487,81.3402052817401
2023-01-20,94.4830035255917,107.6660794426985,81.83306718800932
2023-01-23,96.17229180136393,109.08252820677478,83.3818270083105
2023-01-24,96.64637577665954,110.09420418750958,83.70552910663196
2023-01-25,97.2468695037279,109.43238458304931,84.49316275620353
2023-01-26,97.73590259071526,109.7838577162542,85.18038358806922
2023-01-27,98.28242698319981,111.50623843393639,86.49042371927148
2023-01-30,100.54052576053827,112.67067352253702,88.70143193415839
2023-01-31,101.09071497504574,113.57979904044184,88.54397697785603
2023-02-01,101.70349865345916,113.10348393369432,90.4315232447748
2023-02-02,102.13866008145958,114.74187972487879,90.30468931218334
2023-02-03,102.56417465053202,115.12591719443945,90.98974363476124
2023-02-06,104.06767127859244,117.67366833096008,92.84988891969016
2023-02-07,104.24640679030993,116.19507280467866,91.01567309231125
2023-02-08,104.43627523324173,116.83597630832406,91.54573878892066
2023-02-09,104.4038527643522,116.36197192401401,92.24416629791811
2023-02-10,104.32483718864233,117.52615080138145,91.84123520051897
2023-02-13,104.1804935663464,116.84288224359236,92.25247375487676
2023-02-14,103.79636426788117,117.05917361321876,91.3092045954894
2023-02-15,103.43244457927301,116.01394658093926,89.91149503040906
2023-02-16,102.86456657670712,114.86140762397706,90.2847818869879
2023-02-17,102.27722636997999,114.36213364529195,90.36766898907165
2023-02-21,100.13694963826802,111.83809635449498,88.1530826076764
2023-02-22,99.50456193410452,111.0372965140939,87.05428726457829
2023-02-23,98.72969902386362,111.22368297040619,86.40514216421981
2023-02-24,97.99855775595863,110.37556218311985,85.88859785730028
2023-02-27,96.5156291771335,109.04675428199351,84.13150201499816
2023-02-28,95.90614376140269,108.31299026162459,84.12199296432317
2023-03-01,95.4294371240868,107.99060800536343,83.66700229395497
2023-03-02,94.85952722896103,106.8514665896985,82.56983946895745
2023-03-03,94.37716989304955,106.30280787530816,82.3595754249542
2023-03-06,93.84239756841635,106.32287400008214,81.19346029448243
2023-03-07,93.59475125705664,105.91191841252042,81.65548452174873
2023-03-08,93.49206976164325,106.57896673804056,81.51435404089648
2023-03-09,93.3022914698397,105.7458869117243,80.84522484479233
2023-03-10,93.20051527242254,105.4141598359199,80.84269523121304
2023-03-13,93.76220496077397,105.57731480427292,81.7440575246292
2023-03-14,93.89366504866923,107.38424140421095,80.90304991129763
2023-03-15,94.15181670869063,106.28392615906651,82.12599746532332
2023-03-16,94.30307992634489,108.27221106039354,81.87472481816563
2023-03-17,94.52176678720068,107.19523313053523,82.26073440308869
2023-03-20,95.92326415239667,107.72893177451895,82.85852567082172
2023-03-21,96.25613768039312,108.83981044703171,84.34603006237757
2023-03-22,96.69972611389508,108.84924008507045,83.65036983942764
2023-03-23,97.02237973684248,109.18250037620838,84.52548898059268
2023-03-24,97.40040606574807,109.82613460877161,85.89078060521356
2023-03-27,99.22610393199864,111.35039692830854,86.75392139239578
2023-03-28,99.68737535374626,112.58714464125264,87.80702531337715
2023-03-29,100.25440790989771,112.60846533113387,86.80670497924507
2023-03-30,100.69578919192068,112.702831334037,88.41896074589518
2023-03-31,101.18754749007415,113.12517757406526,89.16668752330855
2023-04-03,103.3138450064671,115.15769892141876,91.25361975097304
2023-04-04,103.85581112716866,116.38624809882855,91.61136630944311
2023-04-05,104.48976928550839,115.23872079605516,92.24157991357308
2023-04-06,104.98144339503854,118.00901775244819,92.3607675241446
2023-04-10,107.5737801128682,119.36438289737661,95.06022027552446
2023-04-11,108.03830735102389,120.62788452915295,96.09690290842777
2023-04-12,108.56173593471063,121.35242676182952,95.852704001572
2023-04-13,108.90828634194706,120.60993416353642,96.1581369931331
2023-04-14,109.25009929383346,121.63246096159605,97.26809267871411
2023-04-17,110.56818355020302,123.29172805930686,98.21023986677936
2023-04-18,110.71696810842299,123.26562200647936,99.03358972220202
2023-04-19,110.89663584875171,123.70769190145532,99.22401974387454
2023-04-20,110.8753475347108,122.54441900984497,97.90435999024676
2023-04-21,110.82992491475457,123.9485153285549,98.63000610712278
2023-04-24,110.92600384364805,123.74341952289849,98.51258813259122
2023-04-25,110.66834009270941,122.95822241724512,98.18738870448433
2023-04-26,110.45316750822084,123.35965728930509,98.61863752735343
2023-04-27,110.05543114522709,121.50864305275009,97.10398694248177
2023-04-28,109.65857050290279,122.3248807529968,97.67146155316667
2023-05-01,108.91073492851294,121.25926764027813,97.491835345059
2023-05-02,108.45902155452411,121.15554685975756,97.2670936396719
2023-05-03,108.10002916392995,120.04362491298069,95.33145492546487
2023-05-04,107.61126015709469,119.83394233427624,95.76301638462779
2023-05-05,107.17766350829307,119.51273987724348,95.46183715967577
2023-05-08,106.6439885269214,118.85405006846085,94.32402501381597
2023-05-09,106.36580669981802,118.73901208782358,93.98249855753352
2023-05-10,106.22580196492586,117.60653282450026,93.81281829236698
2023-05-11,105.99668184718708,118.69543897828359,93.31680980063642
2023-05-12,105.85779715732245,118.01511731558035,93.58972251349559
2023-05-15,106.353523164318,119.85148183921613,94.04349595493507
2023-05-16,106.44325979752843,118.43385288287458,94.43386133279665
2023-05-17,106.67138133337414,119.05139425173923,93.34594812388897
2023-05-18,106.80343531030513,119.86022565040386,94.55322079430445
2023-05-19,107.01195579626682,119.10485957792176,94.79670098252873
2023-05-22,108.40757679541979,120.18537783400075,96.84544708332588
2023-05-23,108.73371123284454,122.00690417934688,96.6072627093871
2023-05-24,109.16065315242892,121.56372302674107,97.01303283190444
2023-05-25,109.45199730882759,122.86753057412021,97.20354108243751
2023-05-26,109.77939863725399,121.63804049068963,97.26738159995932
2023-05-30,111.5920144826566,123.44812103666308,99.8826335806839
2023-05-31,111.95890068320124,124.5825966423818,99.28737753188858
2023-06-01,112.1653568318427,124.2121616306846,99.629991141179
2023-06-02,112.38829648789769,124.49530565785625,100.24637584805659
2023-06-05,113.53218628477569,125.71984211574464,101.30286852694272
2023-06-06,113.70330278671301,126.39719470287886,100.51709176904224
2023-06-07,113.95522481108348,127.1499334800788,101.76391864293831
2023-06-08,114.06148020665549,126.22890270362382,102.49845056056965
2023-06-09,114.20366669501267,126.43449215288341,100.97845080142432
2023-06-12,115.25807253403828,126.97515897537335,104.1581023096054
2023-06-13,115.45809814900498,127.92203293629944,102.98721055903259
2023-06-14,115.76988957268175,127.46838717721029,102.86026853460696
2023-06-15,115.96649007908738,128.39628330322043,102.64880162331505
2023-06-16,116.22806812277786,128.55906591055046,104.52270596780423
2023-06-20,118.19205912278086,130.82395991866963,104.51028112567438
2023-06-21,118.71840638900676,131.49921562396136,105.513129584719
2023-06-22,119.13426501219541,131.0648167089327,107.07956166681997
2023-06-23,119.61418886399686,132.68815036644835,107.62634415449288
2023-06-26,121.76701948316806,135.5053325748653,108.4775420205793
2023-06-27,122.33096353871125,135.1003722100145,109.91732818965693
2023-06-28,122.98973417385382,136.05973694993816,112.39849138928071
2023-06-29,123.50710001512964,136.24386823992566,111.35507748513858
2023-06-30,124.05444643823299,136.16679723721907,111.42329821901065
2023-07-03,126.18543443509114,138.22501025007764,114.09968013251155
2023-07-05,127.20230422749488,140.01726481827694,114.47361263902141
2023-07-06,127.56253374027514,140.0556321259686,115.59847413440103
2023-07-07,127.91990027316092,140.1023211543738,115.8919539657795
2023-07-10,129.32036886288506,140.96934340182884,116.66208735387518
2023-07-11,129.5177831902633,142.1482551488541,117.62805188872169
2023-07-12,129.7614508630982,143.0516378552345,117.0580562714943
2023-07-13,129.82224430174674,142.68883787349023,117.57601815968471
2023-07-14,129.87942073014798,142.41412400446367,118.29013984617607
2023-07-17,130.4242952991511,141.8849568197681,118.25115441646317
2023-07-18,130.36638711426878,142.8726320115917,117.82580665861353
2023-07-19,130.37597646234443,142.3903653992083,117.83087120313148
2023-07-20,130.22688382652976,141.78013424936398,117.89248360272832
2023-07-21,130.10068567528802,142.83799539719925,117.66392685857319
2023-07-24,130.2678243902008,142.47519330931823,117.53023703200473
2023-07-25,130.1426372048627,142.98277450112124,118.3882695843541
2023-07-26,130.11330490731532,142.88279046242127,117.5405851832021
2023-07-27,129.95224284704793,142.20660649249336,117.47753534177725
2023-07-28,129.83915772401178,142.7504591331742,117.58430365947419
2023-07-31,130.1721071761192,144.07872409020382,117.7911591116297
2023-08-01,130.13515820254128,141.96919238592227,118.16247045677451
2023-08-02,130.20566564623337,142.55634186517253,117.03659216010337
2023-08-03,130.15311847159558,142.89824352075033,117.73380319800518
2023-08-04,130.15440626218958,142.94500732768017,118.21251873109249
2023-08-07,130.8403961743005,142.95577257587087,119.05088923973486
2023-08-08,130.91733884855356,142.56716153967625,118.84116689835407
2023-08-09,131.09706049880938,144.0266153690087,118.33093426105967
2023-08-10,131.14786787318687,143.86342482721355,119.63729114613743
2023-08-11,131.2457891077749,143.66455947891188,119.4873884804394
2023-08-14,132.1770850692547,145.04754644912563,120.45720079641215
2023-08-15,132.3207164497225,144.441876193942,120.8741360756703
2023-08-16,132.55992946099585,145.16573300198687,120.51581807483257
2023-08-17,132.66340231527138,145.3155898974298,120.0814142014946
2023-08-18,132.80757276195598,144.55901427414346,121.03448320319774
2023-08-21,133.8427655265525,145.61549693089952,121.12082135130403
2023-08-22,134.0101843191928,146.21196831026634,121.74810892008784
2023-08-23,134.26781333048396,145.90404013808964,121.98307524132535
2023-08-24,134.38411731763026,146.44334039201215,122.28327734621332
2023-08-25,134.53514790857216,147.0247452507075,122.13406954373644
2023-08-28,135.54886250797986,148.26133633748609,123.74275425797408
2023-08-29,135.692400803276,148.3028317650634,123.2747513899219
2023-08-30,135.91625065902736,147.9844808234297,124.1180517112287
2023-08-31,135.98793650312746,147.87978756308217,123.2486795771401
2023-09-01,136.08263061549846,149.6630642386487,122.78900753048174
2023-09-05,136.88496596600075,148.87138989460556,125.56246709365202
2023-09-06,136.98661695956318,148.72067721121363,125.30762765304611
2023-09-07,136.92333851024122,149.45446803020695,124.26616140941205
2023-09-08,136.87122964036865,149.9471784064559,124.31147815636189
2023-09-11,137.14237732010002,148.67393771348273,124.42195524587645
2023-09-12,136.99961568476948,150.3423818209244,125.00609738040538
2023-09-13,136.92208686716828,149.26891418208217,123.93611041034197
2023-09-14,136.68079404022762,148.89147559882562,123.90386368764906
2023-09-15,136.45493744772685,149.49784730511445,124.46344586463957
2023-09-18,136.26264501162785,148.68986253490684,124.69677704445317
2023-09-19,135.9952351392379,148.53731146862097,123.32458465158481
2023-09-20,135.8128744584405,147.57346543350738,124.59370524807773
2023-09-21,135.4891011152345,148.31169804215756,122.37496085989798
2023-09-22,135.20526973590844,148.4552159281786,123.0576661386594
2023-09-25,135.00054150246598,146.45908071195197,122.40487816742132
2023-09-26,134.78491638534263,147.46162315368537,123.37255189888901
2023-09-27,134.68188360852255,147.32201247260846,121.87561523727598
2023-09-28,134.46382003774198,146.8569219838026,122.97276586543086
2023-09-29,134.31032759364294,146.67743030613244,121.64952043241787
2023-10-02,134.61878024107563,146.26529920481678,121.50242203289287
2023-10-03,134.60411161285936,146.79803531124355,122.29911267684405
2023-10-04,134.71069349425736,147.1838590404308,121.59529165413463
2023-10-05,134.70679357497755,146.52739780806388,122.61101218012077
2023-10-06,134.76782357940618,147.7286694628421,123.19301540667071
2023-10-09,135.68114311838087,148.23085055860093,123.69440500212049
2023-10-10,135.84267262538927,147.74297819422372,122.74392466721267
2023-10-11,136.10737386387189,148.94110719227623,123.13865142932669
2023-10-12,136.24101603436122,148.94635019930726,124.40287543486394
2023-10-13,136.4170934370686,148.81121349810792,124.4964736571528
2023-10-16,137.5310826091815,150.1051835010154,124.81807591863107
2023-10-17,137.71154968373742,150.01904142899267,125.18870333904015
2023-10-18,137.9729882324234,150.77969494709623,126.01603955785662
2023-10-19,138.08317567300247,150.34392163687212,125.04730804129258
2023-10-20,138.2181681275749,151.04676860113355,127.1386359859122
2023-10-23,139.13536275603553,151.6129384828795,127.26880431546687
2023-10-24,139.23799609612678,152.56164885533278,126.28200094294554
2023-10-25,139.42200653162624,151.41224260275112,127.1959022226749
2023-10-26,139.45907383458,152.48267939377592,126.83323895493369
2023-10-27,139.52898573291077,151.6004744038152,127.52719749072166
2023-10-30,140.33164748517788,152.3842957897379,129.16085340042582
2023-10-31,140.43154391971157,153.21340187684413,128.94666453559554
2023-11-01,140.6333903196584,152.5611033835267,128.44525159666483
2023-11-02,140.70960993522596,153.30574366710198,129.20149269519612
2023-11-03,140.8400446920728,152.8503348351022,127.93742021670495
2023-11-06,141.94274982612754,154.03736507195194,130.0505846981309
2023-11-07,142.17567902272873,154.19921703681908,129.33407444267894
2023-11-08,142.52241212626805,154.6733178458299,129.96335588140332
2023-11-09,142.75189271887166,155.1613276590489,130.40383088471484
2023-11-10,143.04016221647947,154.51042478848564,131.51799998964393
2023-11-13,144.63475918555804,156.82920395766038,132.7632174629221
2023-11-14,145.01390186792887,158.07345833855908,132.94766037722005
2023-11-15,145.49170602793723,158.52750189415647,133.02498890629872
2023-11-16,145.83386479165353,158.57403924048822,133.5659999176121
2023-11-17,146.2136536976191,158.4832269826706,133.60683095256735
2023-11-20,147.9057932421333,159.43204186236676,134.77270368765184
2023-11-21,148.26604236171644,160.28371234965903,137.18043704712454
2023-11-22,148.69961511670684,162.67483475388767,137.24615332784055
2023-11-24,149.2629582099082,162.1935689770106,136.91968227172876
2023-11-27,150.58039050438867,163.4960523057697,138.29986574092155
2023-11-28,150.7930814314752,162.54877690989065,138.38820506238997
2023-11-29,151.07453275185526,163.09917668871597,139.40880574451126
2023-11-30,151.1960262012017,164.1384438402858,138.82876905568105
2023-12-01,151.33707986184893,163.13048579882783,138.55918136242562
2023-12-04,152.27280516501762,164.09852199586152,139.66225878538626
2023-12-05,152.39072471146514,165.09047249162415,140.92697536021453
2023-12-06,152.5979686508697,164.8274622849828,139.16800225190286
2023-12-07,152.66744439767047,165.37074574657842,140.8718062204426
2023-12-08,152.77955948577102,165.5715997071236,140.34321856944183
2023-12-11,153.764251445145,166.069310880811,141.77151469981564
2023-12-12,153.93903334933688,165.92839434634894,140.14344639723475
2023-12-13,154.2192679205557,167.0026653415468,141.75159560509763
2023-12-14,154.37445009371856,166.58374028635296,142.60020083714284
2023-12-15,154.58108923248682,167.6015561726544,142.18740173671222
2023-12-18,155.85855475740988,168.70560914238897,143.07547726300527
2023-12-19,156.11881034952924,168.36073208090036,143.4810376354457
2023-12-20,156.4710660509947,168.85977362386535,144.98491892683782
2023-12-21,156.6808051534971,168.34463817215334,144.42048503490557
2023-12-22,156.9210027109688,169.23923518364856,143.93346984588536
2023-12-26,158.33551141606114,171.70511096921155,144.91371988768358
2023-12-27,158.5877856332692,171.4154480026464,145.98375909729626
2023-12-28,158.67107173880873,172.13962684830867,147.17954496520665
2023-12-29,158.76055462509913,170.56023431175726,144.90631988077178
2024-01-02,159.40312141843776,171.86590050934322,147.15939946939272
2024-01-03,159.44461265083515,172.01996624642368,147.1261351564077
2024-01-04,159.32153656829706,171.5376947105168,146.04409217845748
2024-01-05,159.21530505878712,171.14096094250587,146.88343802570466
2024-01-08,159.41681487963572,172.4873596362587,146.65798120268306
2024-01-09,159.30205498735026,171.82511699986313,146.2477871875177
2024-01-10,159.28805815117556,172.20536142922802,146.77363843606912
2024-01-11,159.15127168547804,171.61361208754653,146.07522215079723
2024-01-12,159.07575641227788,171.6937671594776,147.17904426505493
2024-01-16,159.7439242941436,172.65602881991845,147.20590514568454
2024-01-17,159.98316516945275,173.34701032486927,148.47819923433653
2024-01-18,160.13593207942088,171.99422757890895,146.7837786860662
2024-01-19,160.38092806207297,172.63176152955276,147.47487264162743
2024-01-22,162.03132469819516,174.19141469301638,150.1897356809025
2024-01-23,162.50286359112266,174.43244236852854,149.83736196313018
2024-01-24,163.10850808989562,175.82124623219616,150.67110053685423
2024-01-25,163.61169612504764,176.35772837418173,151.76085503415214
2024-01-26,164.18251824997355,176.8208474208533,152.3470235165682
2024-01-29,166.58263181231612,178.6353993107114,154.04347068457878
2024-01-30,167.20476910565677,180.35550661487756,154.3658388858093
2024-01-31,167.90195142172877,180.19121494644764,155.8311473494266
2024-02-01,168.43365548712154,181.13335106537252,155.76520175167724
2024-02-02,168.9672922490782,181.5446884386578,156.40666455731514
2024-02-05,170.85540675890792,183.83211858610179,158.59287563881495
2024-02-06,171.17831083216856,184.791238564899,159.35408462416808
2024-02-07,171.51784253588016,183.83943697196926,157.9766251561167
2024-02-08,171.63889973279026,183.27444948929653,159.3063469474963
2024-02-09,171.71542929624476,183.81060110494334,158.64435984383033
2024-02-12,172.03233802984337,184.75299626772036,159.7233284608966
2024-02-13,171.7944238969,183.78226520025913,159.81140422470176
2024-02-14,171.5703028050024,184.66980002431742,160.12944340843725
2024-02-15,171.13442134170612,182.12050214491722,158.8020305270312
2024-02-16,170.67006623860496,182.46888155043473,158.77190638391892
2024-02-20,168.91471292604874,180.88474896976382,156.71126853590678
2024-02-21,168.34956208446667,180.74387087164968,156.09399093123827
2024-02-22,167.63025434732788,179.471561935441,155.7109412034108
2024-02-23,166.94333511535993,179.69321964538918,154.02960439417387
2024-02-26,165.53145512303624,178.38239831340198,153.4713057238635
2024-02-27,164.9280440247264,177.27867663486091,152.71410989243333
2024-02-28,164.45037868799346,175.88794486360308,152.12853073612496
2024-02-29,163.8736598735456,175.99250663816753,151.0524408941489
2024-03-01,163.37986196103532,176.12041890473898,150.45302115035904
2024-03-04,162.7950491142293,174.21356295110544,150.15919454875066
2024-03-05,162.52926750763692,175.1811765673526,150.21953018667077
2024-03-06,162.4094077164263,175.4975445539712,149.21350097333715
2024-03-07,162.20425121540075,174.77572836857541,149.74347610999254
2024-03-08,162.08960724428925,174.8956104761179,149.22786264075543
2024-03-11,162.63271536222993,175.9007974017359,150.13735467633632
2024-03-12,162.7242869795589,175.38523275733192,149.5205656722303
2024-03-13,162.946475814562,175.180978417808,150.3353375395441
2024-03-14,163.06559252053592,175.4587647545963,151.08241151710237
2024-03-15,163.18807032138434,175.98790976100003,150.3296530445719
2024-03-18,164.31940206023486,176.11705431559292,151.48867860964305
2024-03-19,164.56710853409365,177.46423235875523,153.0167545469514
2024-03-20,164.92731816722724,176.88097360920239,152.60323447282005
2024-03-21,165.16802077345545,177.6275376680194,152.48318148513098
2024-03-22,165.46521398591275,177.82213192388187,152.71554011225044
2024-03-25,167.05312202693037,180.6367797591438,154.3078391853052
2024-03-26,167.43648403548153,179.8861052539939,154.14522732830636
2024-03-27,167.92642476964622,180.18408556801324,155.99658729366294
2024-03-28,168.29176807905475,179.28990565419733,156.40231889724336
2024-04-01,170.62403752525688,183.94240809587143,158.6983576786923
2024-04-02,171.10169520802643,183.1791236315531,159.09459688989176
2024-04-03,171.67535474728646,183.75440907686735,159.36708933278067
2024-04-04,172.11132562167185,184.72795410900616,159.71489091626867
2024-04-05,172.58316158969424,184.46739187239385,159.088426871397
2024-04-08,174.53688864447878,187.35620766041572,162.31618187294427
2024-04-09,174.97553316792315,187.2196668497817,163.32495567785335
2024-04-10,175.47972514298752,188.04562740661208,163.2623392263609
2024-04-11,175.8136031956482,186.80776191360115,163.76089765233553
2024-04-12,176.1490712530756,188.07088142129686,163.8474927220992
2024-04-15,177.4813456665709,189.4593379456379,165.2166520222683
2024-04-16,177.6435918533221,189.68350169923625,165.32193092894346
2024-04-17,177.83956874567565,190.11626630197253,165.3463573397657
2024-04-18,177.83635147420264,190.31951936315772,166.4932555747052
2024-04-19,177.80958916492125,189.4198690770063,165.95110810019904
2024-04-22,177.9527026006571,189.54097135355775,165.14632654344598
2024-04-23,177.70352391069855,190.8126531046919,166.48758776240345
2024-04-24,177.49121466751367,190.06839094863471,165.26033359178584
2024-04-25,177.08961610093812,189.89212615456557,164.77032245444838
2024-04-26,176.68117798626898,189.19379692624233,164.5906534203176
2024-04-29,175.84464751544587,188.07013571724204,162.63144664206118
2024-04-30,175.34370570243766,188.77698420805277,162.60780682377958
2024-05-01,174.92530523118975,187.16210903670463,162.18206699376063
2024-05-02,174.36705011909078,186.61702944141638,162.26230960754236
2024-05-03,173.8541991240844,185.2979334129844,160.86859341199835
2024-05-06,173.03020748332102,185.35172520961075,159.6572243299245
2024-05-07,172.64063873681428,185.4905714835961,159.92734882907024
2024-05-08,172.38376178527844,184.56928796432183,159.61008292452073
2024-05-09,172.0335457931549,183.64196539652505,159.2670221041142
2024-05-10,171.77067396067417,183.99658837201417,159.11781778944098
2024-05-13,171.89079077905814,184.96655507023598,160.3584188674769
2024-05-14,171.85856787735088,184.1643077376822,159.30721231412087
2024-05-15,171.96841474744687,185.31557882861136,160.1505598584374
2024-05-16,171.98695400859833,183.93614372417738,159.5670436922408
2024-05-17,172.0876496603311,184.88206893990701,159.9227272702435
2024-05-20,173.2006436624666,185.24375776815788,160.7053361075467
2024-05-21,173.44746309360647,186.11942866224706,161.06451480992317
2024-05-22,173.80267385612828,186.3492217202816,160.2218273651103
2024-05-23,174.02965237604727,186.47813070430996,161.47844960216557
2024-05-24,174.29964540286102,187.43261748129981,161.49688670236304
2024-05-28,175.93830626517718,187.97258976385183,163.57424868701582
2024-05-29,176.27102978368478,189.512487196721,163.67371656735304
2024-05-30,176.44491986872364,188.80789394230203,163.573240969454
2024-05-31,176.63575931475452,188.1866857632173,163.4682330252828
2024-06-03,177.67522702380967,190.60827556585656,165.58914857212386
2024-06-04,177.80552900966228,189.96564913253252,165.73194204830781
2024-06-05,178.01224638389124,191.39801952313596,166.08743413819695
2024-06-06,178.0682808472872,190.4069805449729,165.15115837498823
2024-06-07,178.15476575959167,190.47886358129367,166.386843296769
2024-06-10,179.0071763070279,191.9729608793884,166.01694144206843
2024-06-11,179.12847428496508,191.22800261616248,166.79397129473517
2024-06-12,179.3563979264818,192.58265423184156,167.14097699847122
2024-06-13,179.46456961439813,192.38401565758952,167.31153369342732
2024-06-14,179.63387837934883,192.78886805904455,168.25520305430467
2024-06-17,180.90241399684245,193.53267863842942,169.10475900378464
2024-06-18,181.20852549496942,193.6734439826296,168.6978849755172
2024-06-20,181.95827471823915,195.00396128742528,169.84793897723483
2024-06-21,182.34618645058154,194.12554434092493,168.19369849866655
2024-06-24,184.2508838052734,196.4333145979798,172.10215432456118
2024-06-25,184.7438765527193,196.23196982546335,172.5065042377747
2024-06-26,185.33846962117488,196.52629851543173,173.37978113700606
2024-06-27,185.79873878942675,198.60954958998457,173.0098556988001
2024-06-28,186.29621299654465,199.40046298991612,174.77117441768146
2024-07-01,188.31990287137023,200.73684142176052,176.16356681519835
2024-07-02,188.77684079277668,201.0176200084913,176.64477271115436
2024-07-03,189.29676758716212,200.5980696748546,176.3999300221272
2024-07-05,189.99361030493912,203.39712677521186,177.93988387103983
2024-07-08,191.38379028773025,204.6597553091156,179.0134008649612
2024-07-09,191.5794921321478,203.7297815022583,179.6799568948349
2024-07-10,191.82070088331378,203.22531472811025,179.26663558479643
2024-07-11,191.87737861779533,204.22461842361815,179.66958022723236
2024-07-12,191.92793647919268,204.403829680894,179.11511838340502
2024-07-15,192.43079760167404,204.71439161073675,180.42933002866303
2024-07-16,192.34965056316426,204.4720159386469,181.08829152616818
2024-07-17,192.3307560326061,203.66890551978736,179.874208121089
2024-07-18,192.1477443231593,204.54390032633125,181.00328971940516
2024-07-19,191.9821254654918,204.18104411352888,179.09041019655788
2024-07-22,191.99906205673705,204.06494299047944,179.86064230883056
2024-07-23,191.8140289876451,204.36308604048423,180.41277131587552
2024-07-24,191.72060756526588,203.73389551369974,179.48930704587457
2024-07-25,191.49169689660906,203.64269941766878,178.56723983749674
2024-07-26,191.30752894267957,203.31593279778855,179.13171579748246
2024-07-29,191.41335359545653,204.3265270868843,180.05385214735367
2024-07-30,191.29789621618337,203.8787261031201,178.94501076923086
2024-07-31,191.2893495547975,203.60306878546,178.86269695012209
2024-08-01,191.1576552852194,202.74185683600828,178.71812292447123
2024-08-02,191.0801030005982,203.0389712801635,178.53720883229488
2024-08-05,191.5345159939208,204.03669542282108,178.91133283635372
2024-08-06,191.5366351174818,204.21586787977435,179.00273101407532
2024-08-07,191.64292628511436,203.54049310105208,178.73673873884914
2024-08-08,191.6217391981483,205.1123956892641,179.39202923990257
2024-08-09,191.6490994310945,203.95645647407753,179.7072344382788
2024-08-12,192.37679073853644,204.15266894253108,178.56887660382233
2024-08-13,192.45497542280842,205.48176240498034,179.75530732597213
2024-08-14,192.62980326259046,204.70132859690753,180.13534196433002
2024-08-15,192.66987467424858,205.605315181661,180.63574815135803
2024-08-16,192.75156906876944,205.51603880830163,180.188570904776
2024-08-19,193.6047199216731,206.85397058043927,181.16221280430884
2024-08-20,193.71336237691588,205.65059300945242,181.59449342047427
2024-08-21,193.91330716571207,206.27754492932266,181.69182164354035
2024-08-22,193.97315069602163,206.82100428410178,181.52906684653783
2024-08-23,194.06910193162648,206.17127739623828,182.16444808604894
2024-08-26,194.9276723511573,206.76073783585525,183.40455770664784
2024-08-27,195.0234783402117,208.00912745336686,182.73845103920561
2024-08-28,195.20186834522764,207.61360811722386,183.59585194126123
2024-08-29,195.23049672832536,207.39469468425082,183.43583693571924
2024-08-30,195.2846253246498,208.38784710354685,183.17112027332317
2024-09-03,195.94950532036904,207.88260740806004,183.17462099547856
2024-09-04,196.02239912489213,207.53091939425434,184.40791547506893
2024-09-05,195.93212137266207,208.75179225987856,184.05621714521726
2024-09-06,195.8544047720693,208.52632204961796,184.09784738414558
2024-09-09,196.0524806234772,208.9547020819833,184.35070289213348
2024-09-10,195.88482786591308,207.7840067838629,184.1111900342879
2024-09-11,195.7811627495533,208.45388056975509,183.6374379153057
2024-09-12,195.511878483703,207.99008839668647,182.6400675571363
2024-09-13,195.2555713503222,208.16583794765052,182.52791497630872
2024-09-16,194.95156286363027,207.1133925072505,182.74371379161036
2024-09-17,194.6385105824122,207.6152210619396,182.03097746843034
2024-09-18,194.40567654156686,205.7831338203905,181.01432940791713
2024-09-19,194.0263554413616,206.70705107010676,181.19100890451355
2024-09-20,193.68176186251048,206.45041623348135,180.50790126174937
2024-09-23,193.26373128468092,205.32290265685816,182.2924775532444
2024-09-24,192.96732659979546,205.8410917360868,180.97370116861987
2024-09-25,192.77928110548348,205.37885302973635,180.60771019492032
2024-09-26,192.47248741868,204.6238243034172,180.27256267552775
2024-09-27,192.22714978216555,204.58011080352665,179.56392390223633
2024-09-30,192.2483862148341,204.0650656423711,180.38133887941095
2024-10-01,192.13662815498438,204.31273211359044,179.42444128051483
2024-10-02,192.1467520340987,204.5746348575697,179.93524894107262
2024-10-03,192.04778820632154,204.20436113197792,180.21327243858164
2024-10-04,192.01586846261247,203.940227476362,179.7677453663786
2024-10-07,192.66919383448743,204.4776959201512,179.53890936397667
2024-10-08,192.75194327922844,204.89871411438025,180.74404385647017
2024-10-09,192.94233268204783,205.38022406006914,180.91398812846202
2024-10-10,193.00626347760888,204.14855247927852,180.36186306604165
2024-10-11,193.11723360075203,205.00960981600747,179.99072233184768
2024-10-14,194.06166242004724,206.7731765623902,182.4158015430202
2024-10-15,194.1929856963697,207.3590382739189,181.48606860148678
2024-10-16,194.40810573670217,206.40448913878498,182.18465292775667
2024-10-17,194.47415869789432,207.0883191230931,182.87931000120477
2024-10-18,194.5665023827152,206.82855026305506,181.92573762279548
2024-10-21,195.357265044167,207.9898878971064,182.75431231272768
2024-10-22,195.41580722196233,208.42491495497083,182.82596994842973
2024-10-23,195.55361084703034,208.0192513132015,182.83287851694513
2024-10-24,195.54176430487882,207.69700324523794,182.97121377269727
2024-10-25,195.5595523968288,208.19045854649653,183.54241875910213
2024-10-28,196.18318067255615,208.23727679643102,183.4918259963448
2024-10-29,196.2153235012409,208.98548187593,184.11671943362597
2024-10-30,196.3454418571768,207.31946415848068,183.9660464889848
2024-10-31,196.34619182941623,209.4345819927836,183.3738380788874
2024-11-01,196.3977709046173,208.93525740151267,184.5610297902676
2024-11-04,197.2487542751366,208.86063722043355,184.85070375454532
2024-11-05,197.39487240584643,208.95294159478397,184.0023383565342
2024-11-06,197.654563850339,210.86079593513895,185.16923945579902
2024-11-07,197.79754838914104,210.3721014884751,185.1602049151575
2024-11-08,198.00064049183388,210.64504774984803,185.5760835667942
2024-11-11,199.32346001698284,211.50251069840132,186.66637384927657
2024-11-12,199.61912037161215,211.48209069828172,187.34867945840176
2024-11-13,200.01780290208256,212.38749394364717,187.36580587728244
2024-11-14,200.28551298909852,212.5121533106473,186.9797237260385
2024-11-15,200.59570862383248,212.90433352298777,189.14546746206938
2024-11-18,202.10797589718612,214.79067601671403,189.4194817842928
2024-11-19,202.417149485269,215.16351562796967,190.1963100389267
2024-11-20,202.8033924059604,214.661206858021,190.54324380831702
2024-11-21,203.03311135268746,215.74733832826004,190.80524878488185
2024-11-22,203.28088603668886,215.519256790249,191.11082711818605
2024-11-25,204.4805619548834,216.86715886867162,191.3704784935671
2024-11-26,204.6537436329745,217.30784025182422,192.9093598058653
2024-11-27,204.8942301457666,216.67200345642175,192.37817712699206
2024-11-29,205.0676137968904,218.03132268108507,193.13741802780459
2024-12-02,205.84310185567531,216.5851926112911,193.74821347531264
2024-12-03,205.89912297871317,219.09475811617958,193.73343656153892
2024-12-04,206.0400323894137,218.14048494886373,194.2373058361191
2024-12-05,206.03884185742234,218.34223693055563,192.68945911200825
2024-12-06,206.076209537546,218.77897859101046,194.25922041179194
2024-12-09,206.8167074105039,219.28059839484737,195.30369292902208
2024-12-10,206.90553400598765,220.2381340149378,194.94664850811841
2024-12-11,207.09880732864497,219.9802728445843,194.8722344893135
2024-12-12,207.16687394325334,219.73517176356643,194.77588103741306
2024-12-13,207.28711747890907,219.890491848565,195.4586325230238
2024-12-16,208.31821765287992,220.5434395036129,195.7182646916355
2024-12-17,208.50318656525985,221.00384855357578,197.4145044030132
2024-12-18,208.7846268232627,221.80099046111155,196.05797178664054
2024-12-19,208.92846952025897,221.49400489091838,196.10887776048483
2024-12-20,209.1079882585431,221.97233331290352,196.669724880008
2024-12-23,210.1842243843497,223.44356983172986,197.42492117873272
2024-12-24,210.33207654635234,222.98913409954162,197.26854772129613
2024-12-26,210.5990474962972,224.1301728184663,198.88195482352845
2024-12-27,210.65855942379935,222.78383479124514,198.9025485466017
2024-12-30,211.23772358490544,224.0360755420783,198.89209155804178
2024-12-31,211.18649178967087,223.05324399034365,198.2199714490436
2025-01-02,211.0347117411136,222.82692146262298,198.94357022647392
2025-01-03,210.88617605694196,222.7494030098243,198.8337239501174
2025-01-06,210.92051760209657,223.3621477604757,198.3473565303881
2025-01-07,210.73426605497525,222.9854930644658,197.99278672540325
2025-01-08,210.64017011940692,223.75586042016496,198.00418591267277
2025-01-10,210.24157476075868,222.74705848116187,197.05421466382478
2025-01-13,210.4720590121273,222.88079608168184,197.27780056859015
2025-01-14,210.44339929661297,222.67737763784984,199.28154776839358
2025-01-15,210.5512467899465,224.09828237288497,198.40273028043936
2025-01-16,210.56907468817016,222.4180681125682,198.0345781002248
2025-01-17,210.67703294678128,223.4879232603806,198.12487883890284
2025-01-21,212.26145071205514,225.22794904644763,200.6529585462383
2025-01-22,212.74342545360716,224.68899754690833,200.90098858311012
2025-01-23,213.1302897643181,225.53199206875138,200.57784913998168
2025-01-24,213.59347994789164,225.34071054171642,201.99407879132167
2025-01-27,215.73370272173236,228.53696282671433,203.03862565905993
2025-01-28,216.29277312205429,228.4656039787633,204.50820760356402
2025-01-29,216.9393518693756,228.8470661233504,204.560303417236
2025-01-30,217.4329384859715,230.3453737725784,205.51548776052343
2025-01-31,217.94070293807397,230.53956828882576,205.66191539824084
2025-02-03,219.8184308375637,232.51030047116018,207.38918150223972
2025-02-04,220.15702452539765,232.17421312991758,208.2344900752128
2025-02-05,220.51967906920888,233.03219600641168,207.973606195996
2025-02-06,220.66975756827628,233.40136198944998,208.56711702480402
2025-02-07,220.77955272600047,233.5727079911586,209.07770117677524
2025-02-10,221.20418254523523,233.55599365894878,208.69001822395862
2025-02-11,220.99891044831173,233.40732188378036,207.981419651
2025-02-12,220.80295215033195,232.17951666442494,208.6744893690131
2025-02-13,220.38918768258966,233.22048988988297,208.3889445749108
2025-02-14,219.93947837437076,232.56684695446,207.25215732138705
2025-02-18,218.145892960621,230.18524480589593,205.96322183042614
2025-02-19,217.5433165590476,228.80743417682925,205.07903396867323
2025-02-20,216.77477339947052,228.22990153793728,204.4145566481791
2025-02-21,216.02688340752317,227.57256990036765,203.81233729052863
2025-02-24,214.36564428680188,226.68097273440148,202.08081943657797
2025-02-25,213.65923416343136,225.85337262341076,200.62104606395363
2025-02-26,213.07015704111137,225.30540227310468,200.33055258265688
2025-02-27,212.37470704804375,224.12818550197045,200.21663228346986
2025-02-28,211.75602744097583,223.0925584855469,200.2558999902362
2025-03-03,210.77182228002647,223.51183473841243,199.28353402733146
2025-03-04,210.36865272192696,222.76045222756903,197.82114943217647
2025-03-05,210.1111425046882,222.943140136193,197.9497332462686
2025-03-06,209.76906255260445,221.58479139811809,197.75518497163947
2025-03-07,209.51909643846818,221.33611118852443,197.383776966493
2025-03-10,209.67258692842822,222.4301096984016,196.82919570974383
2025-03-11,209.64126685750782,222.88529965233357,197.47700417095496
2025-03-12,209.74446017357823,221.9256903752488,197.52710120141177
2025-03-13,209.7485166466417,221.64879369642114,197.90929270482852
2025-03-14,209.82745723741346,221.4474581404605,197.68483009497731
2025-03-17,210.84902876617,222.5324890852543,198.0886392027802
2025-03-18,211.06599775501837,224.02481757523196,199.14975890497468
2025-03-19,211.39774948520855,223.92626849605165,199.17777404798431
2025-03-20,211.61187818557622,224.74025149453078,199.57897224512558
2025-03-21,211.88401138772906,223.65436758763184,198.81075853054247
2025-03-24,213.402914509847,225.64318008641476,201.30235489167632
2025-03-25,213.76474002420062,225.66604419854173,201.3144116792326
2025-03-26,214.23380871056276,226.92804952049917,200.9582240006129
2025-03-27,214.57905413390586,226.98004297859927,201.59183155586828
2025-03-28,214.97704743955967,226.3714480682744,202.8694607764793
2025-03-31,216.84430055606538,228.76140916080874,205.3028611201662
2025-04-01,217.31068873980865,230.21015447890116,205.7608808969495
2025-04-02,217.87634703031475,230.16043265052932,205.84633135169318
2025-04-03,218.30817779597814,230.61376470643728,205.45546831478023
2025-04-04,218.78032476232946,230.84418475344145,206.33538983348146
2025-04-05,220.65314220664413,233.11766200676354,208.91762149916968
2025-04-06,221.21702924675992,233.2986363845192,209.038206580172
2025-04-07,220.7670515678657,233.4230835352231,208.78077465763081
2025-04-08,221.22882970106946,233.39650136904177,208.50944278102602
2025-04-09,221.76269868914787,234.02782264642389,209.24315591926347
2025-04-10,222.1328969825008,233.79246672082772,210.39565507881238
2025-04-11,222.51128427604948,234.90730298889545,210.40132441375744
2025-04-12,224.25642487445376,236.18649300670393,211.05478335310127
2025-04-13,224.65752511236786,237.02268374183677,211.40734947950196
2025-04-14,224.00914360050837,236.32729903124934,211.85963791676318
2025-04-15,224.2371502466446,237.05635204522267,211.63255292771095
2025-04-16,224.50293622933916,236.97592095345803,213.05002530625734
2025-04-17,224.57263070024499,236.94215396499501,212.52984985101855
2025-04-18,224.62082251529017,237.64057682586628,212.7162611420121
2025-04-19,226.00962287558457,237.6498978475055,213.76571983776438
2025-04-20,226.03255742827807,238.6090142151999,213.72130327481608
2025-04-21,224.98920735671945,236.57223539775765,211.61676299852223
2025-04-22,224.81107688580602,236.63096260845407,212.9762005926206
2025-04-23,224.66569153724475,237.34633613205514,211.80146507425627
2025-04-24,224.32568568947238,236.69858635747437,212.3276304701177
2025-04-25,223.97238106691586,237.040836791139,211.63217611349498
2025-04-26,224.9746958161419,237.20936109512752,212.11298271740887
2025-04-27,224.63287684198963,236.9353702771363,211.9007566711415
2025-04-28,223.25297928471616,235.97759296210026,211.80168420779881
2025-04-29,222.7725750206815,235.52537570679516,210.69323746803397
2025-04-30,222.36469895494204,234.59006102653635,210.31478112382385
2025-05-01,221.8067959438941,234.17369370965176,208.2405748309933
2025-05-02,221.2841739818256,233.35545951410614,208.91301875850692
2025-05-03,222.16880692782715,233.15765876156112,209.6346422505429
2025-05-04,221.7629825692224,234.7733915313254,209.1245615936635
2025-05-05,220.37372243809412,233.2851379501415,207.93886741992165
2025-05-06,219.93845713662697,232.60339204230635,206.71453583092423
2025-05-07,219.62896709368027,233.18370320502183,206.46276059788795
2025-05-08,219.22035198990932,231.7678286306576,206.9122133017117
2025-05-09,218.8945341147096,230.17591507525208,206.93352935724363
2025-05-10,220.01913779840416,232.2055202211314,207.2590832305682
2025-05-11,219.89123884897407,232.4099833878387,207.52525376793506
2025-05-12,218.8119078591446,230.84480656726254,206.1773589709105
2025-05-13,218.7120279736588,231.35437617847106,206.17046399260133
2025-05-14,218.75639334492237,230.80580048091386,206.82858889380088
2025-05-15,218.71284739322644,232.66767634291602,206.87188904567313
2025-05-16,218.7559617005021,232.0027959877038,206.8246636910061
2025-05-17,220.24609305602692,232.53417653330536,207.99273575653865
2025-05-18,220.47330789578936,232.23639238945128,207.52741232311135
2025-05-19,219.73209338058456,232.33142288691488,207.86464900475607
2025-05-20,219.947331276846,232.86469980669125,208.38360531259255
2025-05-21,220.27853675961083,232.3282466486368,207.05495792831283
2025-05-22,220.48911757524368,233.00284761157016,208.48143927081722
2025-05-23,220.75015124580355,233.43372529658802,208.47993217086392
2025-05-24,222.41951530378952,234.4554093881991,210.0415876730542
2025-05-25,222.78585795541625,236.14814844880937,209.77180787389824
2025-05-26,222.14332730929357,234.03131424728326,209.95749875105167
2025-05-27,222.4175349905822,234.85820761902303,209.19191306585103
2025-05-28,222.76975668728468,235.2768232775881,210.08967256920258
2025-05-29,222.96612625073394,235.0609118366164,211.29514128902846
2025-05-30,223.18132293833898,235.51558154434605,211.18450628794864
2025-05-31,224.77758935983022,237.62159482718693,212.44213223329638
2025-06-01,225.04857069028947,237.6257911664498,212.8145189397321
2025-06-02,224.29389695481746,237.21882030307916,211.30701930539067
2025-06-03,224.44498827186692,237.42461064806423,211.9684950233135
2025-06-04,224.66908995406007,237.10954746455002,212.02618339025256
2025-06-05,224.7382986041753,236.99164639300278,211.58021380858725
2025-06-06,224.8330833480324,237.38099201638292,212.39341034850014
2025-06-07,226.32114423166286,238.2771109392877,213.3935680449312
2025-06-08,226.50110260202158,238.70440772412599,214.10268886346896
2025-06-09,225.67694920605484,237.5229775444492,213.6346299864544
2025-06-10,225.78373339309866,237.88037675762737,212.33311314544827
2025-06-11,225.99150329225313,238.74377081424072,213.6014300653615
2025-06-12,226.07426047216356,238.10847962107667,213.32988087015224
2025-06-13,226.21343493130843,238.85322967107916,214.245119686163
2025-06-14,227.7767234477648,239.88134469457535,215.47237072555677
2025-06-15,228.0617863831969,240.74638525496846,216.58034205635877
2025-06-16,227.3707282244296,239.86523610099374,214.83428785035355
2025-06-17,227.6358440888038,240.72162564589942,214.31507229310452
2025-06-18,228.02364023789076,240.68624839139468,215.7720168684452
2025-06-19,228.30388966931537,240.2221163234178,215.28882731060978
2025-06-20,228.65322566056147,240.87084039696967,215.93076253024333
2025-06-21,230.43411287131673,243.00209606443866,216.4288916035072
2025-06-22,230.93868732866562,244.5585052217363,217.53124704048727
2025-06-23,230.4633865689855,243.09856920857803,217.65124397878478
2025-06-24,230.9348480281639,243.4595668904454,218.83864078840526
2025-06-25,231.5140795821608,244.34682453901124,218.54170087942705
2025-06-26,231.96565927219982,245.39403478347245,219.89503094704307
2025-06-27,232.4614632714036,244.90452531247766,219.4674511853758
2025-06-28,234.3597582043116,246.87390703034427,221.2113259121972
2025-06-29,234.94914606347623,247.9144724606243,222.00213800533214
2025-06-30,234.52328041226943,247.12314866433871,222.2137541006225
2025-07-01,235.00682994114106,246.58352300813576,222.98882834654816
2025-07-02,235.55969186379633,247.81043803890134,222.90976193805926
2025-07-03,235.9462114110311,248.7754647123615,222.25553697561597
2025-07-04,236.3389063534272,249.32545685839992,223.9438703839162
2025-07-05,238.0975331823921,251.09725670095628,224.7061201608609
2025-07-06,238.51298433039562,251.54633051677757,225.84682180483702
2025-07-07,237.8819368318916,250.9784357758992,224.71944453556242
2025-07-08,238.13273072192513,251.01689771826054,225.35816929279747
2025-07-09,238.42948233336466,252.56127676599806,225.8056487136949
2025-07-10,238.5411917858213,251.50841991118938,225.8449157011114
2025-07-11,238.6453469000326,252.622821753206,226.79441476093663
2025-07-12,240.10686363809748,253.00806674443461,227.71700411666114
2025-07-13,240.22185598666152,254.37962018186417,227.48376214532317
2025-07-14,239.29215918348265,252.0849598018435,226.5316906122172
2025-07-15,239.25108794630938,252.0630639054259,226.22452772375186
2025-07-16,239.26743799535322,251.29373087497802,226.02310653374886
2025-07-17,239.11449297598926,252.63214218952552,226.40155624000286
2025-07-18,238.9735414370624,252.83823161405718,226.02328938548393
2025-07-19,240.21274593313373,253.32469868814837,227.95871545239268
2025-07-20,240.13085863459017,253.13161848387014,227.07342758619123
2025-07-21,239.0317082802938,252.0740000143931,225.02442512232145
2025-07-22,238.84994051816867,251.95719557552638,225.45742771746353
2025-07-23,238.75501976520096,252.49124609988834,225.70223572316326
2025-07-24,238.52025400537357,253.0331301734631,224.340525982165
2025-07-25,238.32634599788074,250.8846942124293,225.55986805694127
2025-07-26,239.5403113336939,252.9123685209493,226.14672026800002
2025-07-27,239.4592557074167,252.62044282721507,226.0314063754099
2025-07-28,238.38493390623253,252.0155948240913,225.9696165473577
2025-07-29,238.24956999184286,251.05561281279424,225.0358256259983
2025-07-30,238.21994408588404,251.43973806431563,223.90838533802446
2025-07-31,238.06650439242776,251.59696707105206,225.731218832959
2025-08-01,237.96700516977077,250.7209362693401,224.5458985347489
2025-08-02,239.2855084395924,253.64905098649797,226.37531302260282
2025-08-03,239.31623934141203,252.68937922361928,226.76472256179244
2025-08-04,238.35821543916444,251.84742614320953,225.43911846217193
2025-08-05,238.34112758820692,252.14541863774062,224.23168672467136
2025-08-06,238.42947628503256,251.82497183244627,224.8679181698182
2025-08-07,238.39172106302445,251.76810912161338,224.8954365068685
2025-08-08,238.4039430191014,252.62476663799342,225.11849942785307
2025-08-09,239.82885808476766,253.08061841620412,226.21151272974072
2025-08-10,239.95967122308085,252.94866919617283,225.76885863400298
2025-08-11,239.09469256088187,252.80631971103338,225.55722686921246
2025-08-12,239.163194163074,252.9400894349219,224.32275699164975
2025-08-13,239.3295128203951,254.0607254995618,225.2884463440707
2025-08-14,239.36215815771075,252.67278373285484,225.80750358746454
2025-08-15,239.4374281205102,253.48328075912792,226.2132254449346
2025-08-16,240.91837158345052,255.63935881796957,226.88005617473982
2025-08-17,241.09859047384805,256.48665787876126,228.17533889130044
2025-08-18,240.27680463379235,253.90720579736225,226.36764859466376
2025-08-19,240.3826602677529,254.73622684875946,227.16004996880758
2025-08-20,240.58078933849862,253.97837072532778,226.41878546097985
2025-08-21,240.63988099274636,254.2293627426973,225.95667100643865
2025-08-22,240.7362685708689,254.34185725008243,226.4700950034327
2025-08-23,242.23287311244093,256.3926314744986,227.40499209556438
2025-08-24,242.4229965503825,257.4680340055492,228.78067380557988
2025-08-25,241.6048882221876,254.90424630658805,227.35836695895424
2025-08-26,241.7075655417117,256.6383296197883,227.55366795541482
2025-08-27,241.89489578305444,257.0113715549133,228.4805044977227
2025-08-28,241.93469925348705,256.5672213758863,228.70591438490803
2025-08-29,242.0023762396174,256.80773855129036,228.39318044483025
2025-08-30,243.45989714315994,257.90964629165046,229.75991746217431
2025-08-31,243.59964722964583,257.77347196660764,229.11169957902
2025-09-01,242.71904763589998,256.73109527817513,228.47298475162117
2025-09-02,242.74643135210638,257.00827061854505,228.87595566078076
2025-09-03,242.84517893081846,257.38195550289674,227.46523368766756
2025-09-04,242.78287200549696,256.90358475953593,229.12107634645545
2025-09-05,242.73496488960112,256.97950590607996,228.13174262620126
2025-09-06,244.06381171558752,258.74016410335634,229.08453080451426
2025-09-07,244.06253880550446,258.08666063187815,230.78723846649734
2025-09-08,243.029682476259,257.10410851892743,228.74718019014765
2025-09-09,242.89506989492483,257.0384865830807,228.54891509043895
2025-09-10,242.82394702179258,257.04760463272936,228.25300373439933
2025-09-11,242.58611142527747,256.88926015578943,228.8361011779689
2025-09-12,242.3595503752175,257.08898609890196,227.79020865397766
2025-09-13,243.50942224630882,258.64790546062386,229.03452824749382
2025-09-14,243.33187192207959,258.2651733094615,228.00955399967097
2025-09-15,242.12860180231513,256.36208730192396,227.3337619062795
2025-09-16,241.83267779187506,257.6956755663843,226.56098095763568
2025-09-17,241.61257638349258,257.037026490716,226.82338529038833
2025-09-18,241.24123294423762,256.4795631359272,226.44994398787586
2025-09-19,240.89959411843316,256.00862002962384,226.5474032820357
2025-09-20,241.95551498839018,256.1094921592093,226.84959920698716
2025-09-21,241.70749431523484,256.64026179129286,226.03543968117313
2025-09-22,240.45917203327448,254.9862928367971,225.419874712822
2025-09-23,240.1450708029876,255.23885334032838,225.27443135643372
2025-09-24,239.93458993938722,254.37418252442265,224.6357244663377
2025-09-25,239.60101373379956,254.48405860487776,225.1611278905309
2025-09-26,239.32503862923323,256.29142432173296,223.32837279503275
2025-09-27,240.47366102263405,256.31849418556027,226.39146730207062
2025-09-28,240.3439196903289,256.364144977757,224.3733534410665
2025-09-29,239.23741719756583,255.35911110868548,224.27233986738221
2025-09-30,239.08610178403245,255.1695864740108,222.85767243903098
2025-10-01,239.05631722956835,255.20972926780485,223.43380633522963
