Price,Close,High,Low,Open,Volume
Ticker,GOOGL,GOOGL,GOOGL,GOOGL,GOOGL
Date,,,,,
2020-01-02,68.1083755493164,68.1083755493164,67.00415768648521,67.09970156760528,27278000
2020-01-03,67.7520751953125,68.36066912200879,67.04545444931702,67.07929686090621,23408000
2020-01-06,69.55794525146484,69.58332136437583,67.22858209701914,67.25992638011208,46768000
2020-01-07,69.423583984375,69.84109012983315,69.24693070667955,69.68981296449783,34330000
2020-01-08,69.917724609375,70.25660431481994,69.30017841973043,69.40915447916457,35314000
2020-01-09,70.65171813964844,71.09409928302898,70.17499344034695,70.75820366435225,33200000
2020-01-10,71.10802459716797,71.4056054391935,70.642256782346,71.13340830145955,26258000
2020-01-13,71.65890502929688,71.73105459235768,70.92939109321708,71.42103622672836,30730000
2020-01-14,71.18914794921875,71.78828087353631,71.04881242286127,71.65740633981173,26076000
2020-01-15,71.61759948730469,71.69622595906601,71.24239441964515,71.31007165217136,21550000
2020-01-16,72.16299438476562,72.18986633810621,71.65740833978604,71.92861081434542,26080000
2020-01-17,73.62400817871094,73.67526155402983,72.48097438508057,72.77904882974998,52424000
2020-01-21,73.7598648071289,74.13954981671559,73.16072423104607,73.59813193167503,48930000
2020-01-22,73.84046173095703,74.67198878267989,73.78025610784053,74.13207441298364,28458000
2020-01-23,73.88127136230469,74.31968130965106,73.66381279979728,74.02359627922354,26650000
2020-01-24,72.95967864990234,74.35450680018036,72.8108844266279,74.28583487962034,29786000
2020-01-27,71.24588012695312,71.48722657038118,70.63728617423324,71.2364267268566,34132000
2020-01-28,72.17991638183594,72.39388973398827,71.17770407698895,71.74399693020122,29724000
2020-01-29,72.4884262084961,72.85865775027906,71.92561868355719,72.57600492428035,21566000
2020-01-30,72.36652374267578,72.41628127877416,71.40860195394337,71.56286322410585,27110000
2020-01-31,71.29812622070312,73.13384738601565,71.01348397202851,73.04377812590472,43822000
2020-02-03,73.77726745605469,73.96139234126558,72.48395130082353,72.73475112590975,71636000
2020-02-04,71.92662048339844,73.01789968192739,70.76318413051645,72.37846261578684,95880000
2020-02-05,71.9584732055664,72.8805632190907,71.14387101489368,72.83229392763356,36376000
2020-02-06,73.44735717773438,73.72553013530305,72.17892341944845,72.25356352243467,37822000
2020-02-07,73.60359954833984,73.90913797820706,72.9218613742501,73.02038933632561,28360000
2020-02-10,75.07408142089844,75.08503066123686,73.40904517323618,73.51006368465248,38302000
2020-02-11,75.14374542236328,76.1300350378507,74.91434289980158,75.30348131760789,34852000
2020-02-12,75.57020568847656,75.65330449075212,75.07457418082535,75.4323606906229,31042000
2020-02-13,75.30945587158203,75.93446611705389,74.84218453538855,75.14076012943136,22914000
2020-02-14,75.57518005371094,75.64086789608571,74.91931151125273,75.36618018532974,23198000
2020-02-18,75.61051177978516,76.16386598952577,75.19101619789893,75.35672784883174,25642000
2020-02-19,75.8807144165039,76.17282066551604,75.6871437222989,75.99666093125346,22746000
2020-02-20,75.48859405517578,75.99019372622803,74.85511755870975,75.58911140978356,25962000
2020-02-21,73.820068359375,75.18803231655097,73.57275374256885,74.8710434826863,42520000
2020-02-24,70.65519714355469,71.47727087720753,70.00481082046124,70.81393833170006,49560000
2020-02-25,68.9861831665039,71.50065850081133,68.692588654975,71.20955452359632,51580000
2020-02-26,69.19269561767578,70.3471798136507,68.50000813732794,69.41712466045571,49776000
2020-02-27,65.43466186523438,68.14421147810332,65.39933120436106,67.63365191714865,62290000
2020-02-28,66.64387512207031,66.80310984869047,63.10877459262059,63.41232362061609,80198000
2020-03-02,68.9861831665039,69.04340471098438,65.94472443894038,67.24799522889303,55430000
2020-03-03,66.56774139404297,70.074474248836,66.14575530731636,69.55147725951427,56602000
2020-03-04,68.75130462646484,68.81002200894605,66.53191209538853,67.6246871548153,47598000
2020-03-05,65.42520141601562,67.35945807850705,64.77232458674723,66.95737348484228,54380000
2020-03-06,64.4787368774414,64.82756356054318,62.56140121868282,63.19537131559653,64640000
2020-03-09,60.50025177001953,62.338463471328105,59.61697392511775,59.96132825146764,69252000
2020-03-10,63.45512390136719,63.48896251764609,60.436554559183975,62.421070002563646,54872000
2020-03-11,60.25691604614258,62.54746738339037,59.27361813002025,62.11652899829391,54732000
2020-03-12,55.31304931640625,59.15468318742386,55.1597827507668,55.863916764377194,94326000
2020-03-13,60.42461013793945,60.431079452205324,55.34986969914513,58.46995466898505,79400000
2020-03-16,53.39472579956055,57.00098160092461,53.10013278981946,54.22127189339046,96520000
2020-03-17,55.63700485229492,56.03211522774084,52.20541290761247,54.27252988977044,83194000
2020-03-18,54.29990005493164,54.986615573524475,51.60328906887955,52.744834644266916,93044000
2020-03-19,55.31902313232422,57.35628400103994,52.526374852540556,54.15210150102109,74064000
2020-03-20,53.1563606262207,56.6531428302749,52.85231423228287,56.275944586197916,82878000
2020-03-23,52.455711364746094,53.09167079517627,50.20347875276499,52.5671779570536,83672000
2020-03-24,56.23166275024414,56.39687326439122,54.06302987481948,54.936357041615146,72468000
2020-03-25,54.81891632080078,57.035814603942825,53.89284377087498,55.9614527530944,90324000
2020-03-26,57.869327545166016,58.29529241748378,54.34169466002882,55.47079504467959,76562000
2020-03-27,55.248863220214844,57.27866022817541,54.93735278371764,56.10526919592331,62794000
2020-03-30,57.042781829833984,57.276166921251175,54.663159753328635,56.36253564444081,58736000
2020-03-31,57.82106018066406,58.39083443927487,56.56556134705665,57.163206051055234,65228000
2020-04-01,54.842796325683594,56.20229768361806,54.41434472078375,55.932587259759686,51970000
2020-04-02,55.58574676513672,55.87137990575334,54.396433162480456,54.73829694635717,56410000
2020-04-03,54.37503433227539,55.6733278436525,53.49822958250269,55.47029994298398,51374000
2020-04-06,58.87800598144531,59.25420573274645,55.98234991206004,56.38044814116423,63320000
2020-04-07,58.846656799316406,60.748567018759054,58.58242097642709,60.560960685506046,61620000
2020-04-08,60.06283950805664,60.45596046414816,58.91582321231339,59.86876766596092,40334000
2020-04-09,60.04144287109375,60.80877419619722,59.33730885263395,60.6191822762662,54028000
2020-04-13,60.23252868652344,60.43705241572804,58.83520993369254,59.7891490626969,38702000
2020-04-14,62.96049499511719,63.483989395188374,61.134720622102805,61.70350402475182,63358000
2020-04-15,62.56587600708008,63.45213792906103,61.40641842523156,62.028941883647406,42236000
2020-04-16,62.57234191894531,63.365053153788786,61.61541867517127,63.05553213901334,57896000
2020-04-17,63.645713806152344,64.19309603629993,62.99880511817582,63.7800697785387,51050000
2020-04-20,62.75746154785156,63.53723420122594,62.52308175937078,63.192382507258586,35292000
2020-04-21,60.319618225097656,62.20261405697776,59.96331995092656,61.839850264512044,49648000
2020-04-22,62.62111282348633,63.689502669146925,61.56565781052298,61.76022700362581,46296000
2020-04-23,63.25606918334961,64.10103222735762,62.72660289717478,62.9858614211265,34202000
2020-04-24,63.526283264160156,63.581519212126466,61.904038134854936,62.45142034269284,37402000
2020-04-27,63.24065017700195,64.39712372198137,62.95202913831528,64.29261999002367,44186000
2020-04-28,61.33625411987305,63.93233991292163,61.22627956997814,63.854715732055425,80700000
2020-04-29,66.78968811035156,67.68391147672108,66.02086467346707,66.93001606050674,108358000
2020-04-30,67.01461029052734,67.1788261099673,65.76060341040862,66.25126147839727,55842000
2020-05-01,65.55259704589844,67.24998736729863,65.17142379081537,65.88948738417584,48872000
2020-05-04,65.83026123046875,65.90839414561984,64.49216102586087,65.09528031161895,30806000
2020-05-05,67.13004302978516,68.22431380913744,66.43387803447494,66.55678740556571,39666000
2020-05-06,66.95140075683594,68.1088688429485,66.936472738984,67.57691203996187,31732000
2020-05-07,68.13822937011719,68.47263673969645,67.30521401409817,67.74162698307182,30652000
2020-05-08,68.88764953613281,69.49972107273517,68.2740821604466,68.76224962511807,33326000
2020-05-11,69.84556579589844,70.43972524742269,68.44775348367992,68.51194548372064,32718000
2020-05-12,68.43183135986328,70.38001377865767,68.39849009246208,70.07597118487982,33918000
2020-05-13,67.095703125,68.93690620074537,66.08453879088339,68.48058421148806,40368000
2020-05-14,67.52017974853516,67.54555585864723,65.85016290773919,66.35873295653832,36660000
2020-05-15,68.32633209228516,68.40196688173432,66.63143246758034,67.09223444201076,41544000
2020-05-18,68.92945098876953,69.30664542495049,67.38781793513687,67.75506542085085,47094000
2020-05-19,68.39302062988281,69.29321213831301,68.36117519922374,68.9443854610412,31586000
2020-05-20,70.12274169921875,70.26556016251162,69.04091594784161,69.12749997341068,38262000
2020-05-21,70.00282287597656,70.48600931605345,69.38775960567644,70.21381213676726,30894000
2020-05-22,70.3257827758789,70.51288417543044,69.46539424513811,69.86100197282914,28544000
2020-05-26,70.73033142089844,71.9116873877713,70.63230460863535,71.75493560524927,44590000
2020-05-27,70.67610931396484,70.9284050225862,69.39822209639657,70.66217598789508,31684000
2020-05-28,70.5745849609375,71.87934390822512,69.6211431898544,69.66692194094234,35170000
2020-05-29,71.33495330810547,71.49468919080876,70.462127348285,70.68356469901353,37044000
2020-06-01,71.40213012695312,71.73603636424069,70.77562407491,70.94581564745266,25162000
2020-06-02,71.7723617553711,71.8066977191186,70.74228284294568,71.40859947866784,23442000
2020-06-03,71.62008666992188,72.10576361612307,71.24040169551722,71.79176648096278,27732000
2020-06-04,70.3785171508789,71.72309429138843,69.96599205492319,71.4971694316438,26982000
2020-06-05,71.65840148925781,71.9709103787135,70.0461071028752,70.44520002096422,42642000
2020-06-08,72.0574951171875,72.10526325973755,70.88509891401527,70.9746746217983,33878000
2020-06-09,72.25852966308594,73.04079279119881,71.77484210279437,71.91816171630913,33624000
2020-06-10,72.88652801513672,73.28810385800969,72.37198974644225,72.72778683921254,31762000
2020-06-11,69.761474609375,72.23465106938366,69.58780540266814,71.70866238072514,47144000
2020-06-12,70.30985260009766,71.38421437179544,68.96030198853704,70.95376958003494,36676000
2020-06-15,70.6989974975586,70.91098145927349,69.0299749795907,69.14393211467979,30468000
2020-06-16,71.9793701171875,72.51182051857924,71.10952825884952,72.10526358516627,30648000
2020-06-17,72.28142547607422,72.76212896872691,71.415068821233,72.30133456430534,30610000
2020-06-18,71.36480712890625,72.30281975696262,70.97267707547431,72.14756380354159,34862000
2020-06-19,70.89306640625,71.88133775111594,70.61240293282405,71.65740986390969,52784000
2020-06-22,72.18787384033203,72.2023083095252,70.62186681199631,70.91148255316699,29442000
2020-06-23,72.8507080078125,73.4090433200451,71.90622595261644,72.25455909259183,37752000
2020-06-24,71.29414367675781,73.43838725263467,71.15978391672346,72.8158676184772,31592000
2020-06-25,71.71214294433594,71.77284971319233,70.63926944685834,71.22049025097112,23958000
2020-06-26,67.8028335571289,71.5091128593862,67.42762851107032,71.29065960372779,97640000
2020-06-29,69.5261001586914,69.56740658298106,67.2609287443365,67.69336296671155,45074000
2020-06-30,70.56512451171875,70.86120953969471,69.01652859220182,69.51166652596817,40286000
2020-07-01,71.7569351196289,72.07939857823143,70.37255487483583,70.62087178372437,42182000
2020-07-02,73.14678955078125,74.07187120886894,72.20827571187772,72.24659805024832,57218000
2020-07-06,74.62571716308594,75.14075662187608,73.49761142237459,74.05345615982517,44712000
2020-07-07,74.14153289794922,75.70406216918913,74.13058365914364,74.45055656016098,42364000
2020-07-08,74.82227325439453,75.19897413072191,74.25995924949038,74.68294002022051,31766000
2020-07-09,75.57169342041016,76.09320218311657,74.42368620829713,75.13726983285122,41836000
2020-07-10,76.58435821533203,76.70030474090636,74.67897031172721,75.30248471212418,35918000
2020-07-13,75.2517318725586,78.44297203416643,74.96958014308842,77.12825841563946,42954000
2020-07-14,75.68116760253906,75.77770617369718,73.94297977071558,74.28434999897787,38108000
2020-07-15,75.48312377929688,76.45099251906724,74.53515653534063,75.79911032958475,31026000
2020-07-16,75.3855972290039,75.43486121845835,74.05943310844663,74.71778467158745,26484000
2020-07-17,75.48162078857422,75.80905769154303,74.5485816531521,75.48460487369971,34264000
2020-07-20,77.81995391845703,78.07722309236132,74.77750030048323,75.38957192669334,30166000
2020-07-21,77.42582702636719,78.97492413472274,77.26161122175375,78.87440678042151,27486000
2020-07-22,77.87020111083984,77.97619307910186,76.7943435285577,77.4153749127673,24482000
2020-07-23,75.47665405273438,78.14390246974544,75.0705906466516,77.92395335639043,33910000
2020-07-24,75.05168914794922,75.41097153590187,74.02559650691151,74.6028386333552,29902000
2020-07-27,76.10763549804688,76.51220308106483,75.25670794866738,75.30298784991724,27124000
2020-07-28,74.82476806640625,75.93744461336621,74.6690109658058,75.88718593599701,30910000
2020-07-29,75.81303405761719,76.30169506581362,74.79290978342082,74.89193888511915,22676000
2020-07-30,76.5525131225586,76.67791304910183,74.40278707937269,74.5421203310874,36042000
2020-07-31,74.04350280761719,74.89294207022046,72.35407768262465,74.49633966059952,91468000
2020-08-03,73.78524017333984,74.53017571563687,73.23586473268551,74.1952823635518,45482000
2020-08-04,73.31449127197266,74.3002797145422,72.85319570585015,73.98180262852239,37212000
2020-08-05,73.60260772705078,74.14551382781045,73.21097880454894,73.4896528857235,29134000
2020-08-06,74.88945007324219,74.9551379108816,73.24481674977106,73.45630713721422,33306000
2020-08-07,74.5620346069336,75.64286587460231,73.9599099041371,75.09299683965341,27718000
2020-08-10,74.4848861694336,74.99892327445139,73.5229781582979,74.18531593243594,20546000
2020-08-11,73.67475891113281,75.1626480095728,73.55781770581788,74.34455312332905,31098000
2020-08-12,75.00341033935547,75.22386058442733,73.8967019688904,74.00220039154834,22512000
2020-08-13,75.4716796875,76.48285191890565,75.05169051228404,75.05169051228404,22388000
2020-08-14,74.87353515625,75.62793168989649,74.59337281689483,75.3203962515529,21942000
2020-08-17,75.4512710571289,75.82648373152185,74.891948664715,75.43783887619192,19990000
2020-08-18,77.41886138916016,77.4979814068608,75.72147884435643,75.9429161837234,28378000
2020-08-19,76.86302185058594,78.06975406339483,76.63361934240044,77.25514432932671,30472000
2020-08-20,78.43749237060547,78.63255890802547,76.357934257102,76.6321208147601,26382000
2020-08-21,78.4036636352539,79.21528172540805,77.74381628283706,78.21605349977197,34838000
2020-08-24,78.88037872314453,80.05626022081937,78.37728319040286,79.2446345587043,25638000
2020-08-25,79.91045379638672,80.06122982776336,78.51860203471604,78.62907393281236,25150000
2020-08-26,81.81533813476562,82.2462840692637,79.66811043713714,79.93284358851191,52188000
2020-08-27,81.03855895996094,82.00742232920561,80.55536494935534,81.93875040400734,31350000
2020-08-28,81.58145141601562,81.67699528718069,80.89374511295442,81.08582755027957,22418000
2020-08-31,81.08882904052734,81.8337646346118,80.87982915033425,81.78748473158811,26422000
2020-09-01,82.36023712158203,82.56625290159603,81.08881937616468,81.21969391487622,22652000
2020-09-02,85.4609146118164,85.89434350737906,82.61452246781315,83.00366085589854,49522000
2020-09-03,81.08782958984375,84.59555749578361,80.0030120217837,84.57166962599298,63726000
2020-09-04,78.68431854248047,81.36051923220332,76.53260313427657,80.06720294777561,55850000
2020-09-08,75.81752014160156,77.40741495849956,75.4642059639063,75.88718676343119,54032000
2020-09-09,76.99340057373047,77.56516041610428,75.89564445564935,77.07649937472567,39242000
2020-09-10,75.9394302368164,78.30860397286067,75.63837173852811,77.14019418699958,33024000
2020-09-11,75.42738342285156,76.56892127073058,74.29579252540272,76.04393489459162,30706000
2020-09-14,75.08252716064453,77.47956754747086,74.89741517443528,76.21809682607592,42660000
2020-09-15,76.39077758789062,77.18050476355,75.7428817865187,76.03100168037477,23042000
2020-09-16,75.24475860595703,77.34869819515173,75.21987604229885,76.75702925240749,22128000
2020-09-17,73.99822235107422,74.57645916447423,72.77507377439086,73.93701442817141,40008000
2020-09-18,72.20926666259766,74.40427775863802,71.24040328279774,74.06091812890595,63056000
2020-09-21,71.16675567626953,71.66039017863206,69.80028765833156,71.24040107533145,56908000
2020-09-22,72.64369201660156,72.85020894355684,71.13490659228187,72.17095367719028,33950000
2020-09-23,70.13419342041016,72.30830088742725,69.80029475994638,72.25903690168364,37726000
2020-09-24,70.80448150634766,71.5573821324961,69.7739091004015,69.80028750186223,34552000
2020-09-25,71.61063385009766,71.95299118680184,70.04909927309517,70.91346650564168,30326000
2020-09-28,72.58596801757812,73.29905809078035,71.96991766342995,73.2493005572153,30784000
2020-09-29,72.95221710205078,73.24979037245576,72.35407128995197,72.84721982766548,31816000
2020-09-30,72.93131256103516,73.95641032525084,72.4416568506786,72.69941953772366,40924000
2020-10-01,74.04100036621094,74.39779972735059,73.48864093811763,73.8300111376945,32884000
2020-10-02,72.43370056152344,73.5996275418768,72.02316481739436,72.63424173336936,31222000
2020-10-05,73.7887191772461,73.88177252003113,72.65712826562542,72.78451757055439,21602000
2020-10-06,72.20579528808594,73.87282086187555,71.90672613927885,73.4239703631467,26096000
2020-10-07,72.60985565185547,73.09901783970815,71.32051821827476,72.61831435660335,36108000
2020-10-08,73.8185806274414,74.04748199645591,72.9238561559873,72.9238561559873,26076000
2020-10-09,75.16314697265625,75.23281359404584,73.99622536956137,74.28783048431298,32966000
2020-10-12,77.85726928710938,79.04309772139084,76.10116164428408,76.53409699657146,55344000
2020-10-13,77.98067474365234,78.88087376061287,77.56068564132751,78.4753115330063,39072000
2020-10-14,77.800048828125,78.81569339459685,76.92722275349871,78.35540007886091,33174000
2020-10-15,77.4034423828125,78.19615368912379,76.68985869767641,76.8575521545092,31210000
2020-10-16,78.01203918457031,78.5101536902644,77.51242883951979,77.71993288993987,34194000
2020-10-19,76.13350677490234,78.8196694818718,75.78368541921667,78.42157124529685,29734000
2020-10-20,77.18498992919922,78.31757567925243,75.66326575661667,75.79314561217218,41670000
2020-10-21,78.92217254638672,80.37274164690493,77.98415993197221,78.11901324505759,60322000
2020-10-22,79.95075988769531,80.28714906559912,78.49870246258452,78.87291283355273,30512000
2020-10-23,81.26050567626953,81.31723367329468,80.21201344374147,80.36827170244585,30548000
2020-10-26,78.83758544921875,81.09130647352727,78.01601282132575,80.36577887493387,35826000
2020-10-27,79.56361389160156,79.7188698570278,78.47432400613587,79.0684835060431,25902000
2020-10-28,75.1805648803711,77.32082977436303,75.06511950680083,77.13173899969712,45174000
2020-10-29,77.47360229492188,79.05901715361654,75.46669489176469,75.49008161554319,55406000
2020-10-30,80.42100524902344,83.66599669620678,79.6974670927325,82.9752986633924,99878000
2020-11-02,80.8295669555664,82.51749631331757,80.32795964779757,80.79075106483944,44228000
2020-11-03,81.8914794921875,82.55530560123552,80.22196347188766,81.15002919883526,31432000
2020-11-04,86.87715148925781,88.08039850699622,84.74484402888567,84.87322803918391,71342000
2020-11-05,87.7056884765625,89.16471643777604,86.63729476579961,88.10129620277502,39758000
2020-11-06,87.5678482055664,88.00426119806104,86.42082805664543,87.15034201344257,28622000
2020-11-09,87.65193939208984,90.4122410562724,87.4593633847204,89.37172165047352,53440000
2020-11-10,86.47257995605469,87.55042699948584,85.39771699789287,86.07697225473657,43022000
2020-11-11,86.9458236694336,87.72558872689356,86.73831204017266,87.00403991084542,31838000
2020-11-12,86.72636413574219,87.82909374585917,86.4850176966425,86.68555885766379,26474000
2020-11-13,88.19136047363281,88.43370160863206,86.38599646743025,86.98413472311488,29744000
2020-11-16,88.2794418334961,89.29011281284569,87.64746115461156,87.78729554543153,25468000
2020-11-17,87.66387939453125,88.43419857564439,87.55589803351981,87.97240190775933,21314000
2020-11-18,86.61788177490234,87.83008859204216,86.51487388443644,87.41407824980085,20108000
2020-11-19,87.51011657714844,87.75494824854572,86.0894110233465,86.24914690819902,20106000
2020-11-20,86.40589904785156,87.99728973201321,86.33722711990116,87.68080204637623,27694000
2020-11-23,85.96699523925781,86.88411171935121,85.10213442110361,86.59698652310462,22530000
2020-11-24,87.77535247802734,87.90373648667953,85.6271223299394,85.96401265971706,27984000
2020-11-25,87.78679656982422,88.09780964483882,87.00205044426856,87.96992677839849,19600000
2020-11-27,88.92584991455078,89.42297727421509,87.80719756064533,87.80719756064533,14790000
2020-11-30,87.30261993408203,88.5934457515626,86.97617767793425,88.36006444376211,32418000
2020-12-01,89.34086608886719,90.65259560668585,87.73205682491009,87.91269649674737,37350000
2020-12-02,90.81431579589844,91.20097123321783,88.83378679699169,89.34086108236198,29424000
2020-12-03,90.6585693359375,91.75283265847874,90.41771644555975,90.5938761888373,24728000
2020-12-04,90.75411987304688,91.0397492501524,90.24803263553564,90.57796011685025,20544000
2020-12-07,90.4192123413086,91.02929453535916,89.72303966576968,90.3455593451508,22288000
2020-12-08,90.13556671142578,90.36646506277663,89.13784194345742,89.99573991211881,19936000
2020-12-09,88.47003173828125,90.98352007834363,87.680805678261,90.08729974843936,31728000
2020-12-10,87.96195220947266,88.32720270620507,86.26406853644107,87.71065124196843,28688000
2020-12-11,88.31775665283203,88.44266302397321,87.22000808817418,87.58127983483229,18628000
2020-12-14,87.19612121582031,89.06418903296934,87.040364108191,88.11473355341082,33050000
2020-12-15,87.63502502441406,87.78032644405529,86.6691456825734,87.5743106561317,21352000
2020-12-16,87.44145202636719,88.03461686172969,87.03689202907954,88.03461686172969,24676000
2020-12-17,86.61141204833984,87.91518395961303,86.14564417431515,87.77684541122197,34880000
2020-12-18,85.90031433105469,87.00204928080858,85.34198664274719,86.89307321652835,85256000
2020-12-21,86.3153305053711,86.43675164906524,84.29698019019894,85.04988087959532,33974000
2020-12-22,85.60174560546875,86.21829712216855,84.88318089123128,86.05507600610828,20370000
2020-12-23,86.00033569335938,86.7905564056755,85.65050674333652,85.78636235138065,22974000
2020-12-24,86.29542541503906,86.70596113529743,85.80725791931836,86.03864981343406,9312000
2020-12-28,88.27595520019531,88.92485327877053,86.67660697371885,86.83036709367283,27650000
2020-12-29,87.46981048583984,88.99800382149073,87.33794125305134,88.93630235401565,19726000
2020-12-30,86.39942932128906,87.96743327328805,85.9888935947524,87.83008941804188,21026000
2020-12-31,87.21503448486328,87.45687447969729,86.39146489743216,86.45018987451368,21070000
2021-01-04,85.89583587646484,87.70517858508398,84.95085279667997,87.58127450968259,37324000
2021-01-05,86.58853149414062,86.92591538334669,85.4365378377414,85.84408949685165,20360000
2021-01-06,85.7341079711914,86.78359483694405,84.40148228115612,84.60849276055802,46588000
2021-01-07,88.29486083984375,88.46802888665995,85.92717542695797,85.92717542695797,41936000
2021-01-08,89.46378326416016,89.53991920335396,87.64198775015869,88.43520016542561,35484000
2021-01-11,87.39665222167969,88.79447206113275,87.19014290740792,88.42821928421255,34796000
2021-01-12,86.45814514160156,87.97439454842011,85.4106552853316,86.85275814625061,29528000
2021-01-13,86.94681549072266,87.40164172592644,85.95505131902136,85.95505131902136,23432000
2021-01-14,86.13419342041016,87.95698355407666,85.89284698308188,87.02742201402309,29212000
2021-01-15,85.96997833251953,86.9652201288953,85.17826937574225,86.03964495454214,31444000
2021-01-19,88.79895782470703,89.76284772453106,86.22924282649801,86.73532241988458,41660000
2021-01-20,93.55621337890625,94.53403661408476,90.54262136383335,90.88398401260814,64152000
2021-01-21,93.75923919677734,96.14433582290614,93.52336737446421,94.23198512960039,58634000
2021-01-22,94.177734375,94.76641920003334,93.37855385519987,94.12299577520295,32744000
2021-01-25,94.26332092285156,95.63377526738347,92.51567974733115,95.181933158644,50586000
2021-01-26,94.9435806274414,95.33172432985599,93.36015508295559,93.85080553412007,31462000
2021-01-27,90.5142593383789,93.576120836045,89.4364122301707,93.29944372261227,82512000
2021-01-28,92.2191162109375,93.95033381128779,91.11439711710392,91.11439711710392,55278000
2021-01-29,90.9332504272461,91.9374520917969,89.64939516724566,91.26466613402292,44530000
2021-02-01,94.203125,95.32127620814629,91.79065524466398,91.79065524466398,40252000
2021-02-02,95.49942016601562,97.00472029972896,94.864948984388,95.20134574308125,66332000
2021-02-03,102.45417785644531,104.8298211991322,100.19845982100969,102.78907880627591,97882000
2021-02-04,102.19292449951172,102.9726895274493,101.27082695508153,102.54075646793045,48596000
2021-02-05,103.94454193115234,104.29834965416165,102.01228220670131,102.48800461768037,29866000
2021-02-08,103.73007202148438,105.24682262275905,102.67661395971716,104.5003912566402,28828000
2021-02-09,103.27574920654297,104.42624701601513,103.00753080078664,103.24638671715729,21892000
2021-02-10,103.82760620117188,104.44465886939685,102.12375419248004,103.66140099776602,25102000
2021-02-11,103.94055938720703,104.2018073071374,102.95079226487827,104.05252712037256,20480000
2021-02-12,104.2530746459961,104.47550669373334,103.18517454270486,103.49370466476765,18990000
2021-02-16,105.03285217285156,106.74665875822036,104.0898583949124,104.0898583949124,31004000
2021-02-17,105.42696380615234,105.61705688193443,103.92066885530663,104.20082360362122,20294000
2021-02-18,104.78949737548828,105.59465365398893,104.16846598238119,104.74919324370269,22546000
2021-02-19,103.94355010986328,105.42497002735199,103.67583285853799,104.88803968550147,37938000
2021-02-22,102.22427368164062,103.521576354631,101.91276705220227,102.19143355556334,29466000
2021-02-23,102.515869140625,103.13192706841954,99.03799761049386,100.22034834099647,34658000
2021-02-24,103.69474029541016,103.91916932842446,100.89413445514002,101.01903323255493,22608000
2021-02-25,100.31788635253906,103.65443541183306,99.8471374044302,102.30737526556467,41548000
2021-02-26,100.61446380615234,102.33672899960698,99.57443795504803,101.01455143205975,40042000
2021-03-01,102.99061584472656,103.31755164395297,101.23699864205244,101.91276872031038,26060000
2021-03-02,102.73284149169922,104.23864286356981,102.34420423517186,102.7507535970496,25564000
2021-03-03,100.09196472167969,103.30559666179923,99.22560051221559,102.10932019598754,33892000
2021-03-04,101.21261596679688,103.23593980274953,99.79439328636663,100.26414756335588,49216000
2021-03-05,104.35458374023438,104.80890881591917,100.90656818815047,102.56713188273565,53100000
2021-03-08,99.89739227294922,105.1841130113127,99.78244045183496,103.70718066935261,36868000
2021-03-09,101.53257751464844,102.70497377307522,101.29571099468689,101.99984883286976,33920000
2021-03-10,101.3250732421875,102.57957360663178,100.4860820835291,102.57957360663178,27100000
2021-03-11,104.52725982666016,105.06120607468662,102.3332510030716,102.42133087333761,27702000
2021-03-12,102.01228332519531,103.3862154039543,101.13746797988055,103.3265033264315,33818000
2021-03-15,102.23323059082031,102.2605960962489,100.90707420357886,101.76248163409007,26168000
2021-03-16,103.69872283935547,105.18112981321325,102.47457211575943,102.80797719904601,31900000
2021-03-17,103.61561584472656,104.45062059070729,101.71968149019554,102.93138712872644,26382000
2021-03-18,100.58609771728516,102.94531691253769,100.47860990910638,101.92170738689737,31700000
2021-03-19,100.86576843261719,101.36736812748497,99.66998543614636,101.00361343504876,46072000
2021-03-22,101.05138397216797,101.92968460308444,100.2208514877108,100.89911209025807,33536000
2021-03-23,101.58084106445312,102.71442137006943,100.91751613583496,101.51216913992992,28510000
2021-03-24,101.1429443359375,102.88809513209712,100.96727814351534,102.09986380427559,25218000
2021-03-25,101.13945770263672,101.79531864173497,99.3296061913516,100.96976727628024,35616000
2021-03-26,100.75479888916016,101.48430522777333,99.71576014468108,101.10611608171759,27978000
2021-03-29,101.80278015136719,101.97297171763482,99.79537920743458,100.62690631609587,26492000
2021-03-30,101.83662414550781,102.64276755981645,101.32308053971381,102.16057583177923,27312000
2021-03-31,102.63529968261719,103.816655704226,101.86299111632219,102.23123329560889,42570000
2021-04-01,105.98230743408203,106.27938718606731,104.07393544516293,104.11474072534617,39880000
2021-04-05,110.42008209228516,110.91919881705677,106.75012806081834,106.8466666341186,48510000
2021-04-06,109.93738555908203,110.86993113753334,109.56566574641188,110.0199908055745,35240000
2021-04-07,111.41880798339844,111.69100514725001,110.12847588567706,110.12847588567706,24134000
2021-04-08,111.9861068725586,113.04902597144466,111.61686995474146,112.66137580353075,28664000
2021-04-09,112.99329376220703,113.15750958228622,111.3307405138942,111.73779863099902,26146000
2021-04-12,111.69698333740234,112.30755906868903,110.86097629130978,112.1697216656889,25024000
2021-04-13,112.18514251708984,112.63499526255416,111.6188497032367,112.01396384726543,25682000
2021-04-14,111.5621109008789,112.83204025665039,111.26901757161471,112.83204025665039,21002000
2021-04-15,113.71881103515625,114.25375956725094,112.02292426332264,112.5593610414897,29174000
2021-04-16,113.59440612792969,114.16617356571902,113.00572128065846,113.91736311962295,26282000
2021-04-19,113.9432373046875,114.6563273557735,112.96889932948382,112.96889932948382,30290000
2021-04-20,113.40829467773438,114.40303527628278,112.31900489874292,114.3278940387575,22288000
2021-04-21,113.37545776367188,113.45756186880061,111.706928921232,113.06195417608703,23204000
2021-04-22,112.0901107788086,113.89946129581591,111.48301262808907,113.22866468865412,24146000
2021-04-23,114.44932556152344,114.75735454893425,112.52452973965524,112.81066024801429,29066000
2021-04-26,114.94694519042969,115.67347506131698,114.31944443209228,114.67773209539389,32038000
2021-04-27,114.00395965576172,115.37092132902323,113.76410145506594,115.33011604963677,44386000
2021-04-28,117.39076232910156,120.99054864114056,117.10114660558713,119.05579837072018,81106000
2021-04-29,119.06874084472656,119.63602837600928,118.12773648841575,118.89308224360096,41234000
2021-04-30,117.11508178710938,118.52583278569314,116.76973276121194,117.83762526818644,44856000
2021-05-03,116.5965576171875,118.51090528759072,116.21936316034822,117.68286337787097,28242000
2021-05-04,114.79268646240234,115.69636320160089,112.29711784271197,115.12708626405683,44818000
2021-05-05,115.18779754638672,116.19448215391392,114.86484054405638,115.87750091536309,26636000
2021-05-06,116.31141662597656,116.31141662597656,114.10645862940969,114.767794166539,25190000
2021-05-07,117.03694915771484,117.9983561400744,116.74982396318221,117.63211092314187,28898000
2021-05-10,114.04227447509766,115.99543808100397,113.6834856654911,115.85311315407462,30914000
2021-05-11,112.96292114257812,113.47149124913393,111.16452011496574,111.61984746140375,34186000
2021-05-12,109.4890365600586,111.86418624163223,109.15911669437793,110.7798698646749,46376000
2021-05-13,110.92169189453125,111.43921428648419,109.8109971320314,110.77638288716878,33204000
2021-05-14,113.376953125,113.69244612252074,111.96470623927483,112.38967644589917,31996000
2021-05-17,113.90144348144531,113.94423815039278,112.2388903348768,112.63997266332655,21598000
2021-05-18,112.58523559570312,114.83498539001295,112.5713022709001,114.56975107464842,22204000
2021-05-19,113.03458404541016,113.20825325301088,110.74254838311828,110.89133502717809,23684000
2021-05-20,114.79866027832031,115.04995367632121,113.63273332390318,114.0049543138836,32352000
2021-05-21,114.16070556640625,115.39282152735618,113.9203538111131,115.31916852848262,40632000
2021-05-24,117.49028015136719,117.71470157582718,115.04795454577173,115.19375709660679,31832000
2021-05-25,117.58135986328125,118.63282859249178,117.18973090940088,118.03568498545737,22440000
2021-05-26,118.44920349121094,118.8811365497892,117.7599936843896,117.76297776968487,21572000
2021-05-27,117.57189178466797,118.88411475425364,117.25242003275355,118.88411475425364,35224000
2021-05-28,117.28178405761719,118.23820999772704,117.08273872898874,118.15610588776825,21482000
2021-06-01,118.49249267578125,118.7179164034337,117.15389122754267,118.15709819066481,23354000
2021-06-02,117.96551513671875,119.11252766020083,117.05834561985145,118.88909332605556,21158000
2021-06-03,116.82048797607422,117.29024223890825,115.92178472969479,116.7284293221674,18696000
2021-06-04,119.10904693603516,119.3807505682356,117.55846149793184,117.89983175465898,24458000
2021-06-07,119.54346466064453,119.65344300832813,118.48353732486014,118.90352644161484,24120000
2021-06-08,119.35138702392578,120.40037275616211,119.16925910663717,120.02666352139211,24240000
2021-06-09,119.82412719726562,120.06994596281687,119.27475179338707,119.9977964011233,17942000
2021-06-10,121.17715454101562,121.22045035217171,119.61711580354225,119.77336645278285,25904000
2021-06-11,120.93183898925781,121.50509470935228,120.37250900118785,121.41950536835986,21958000
2021-06-14,121.86288452148438,121.86337807249288,120.32473660004977,121.0343414607894,22098000
2021-06-15,120.84176635742188,122.19130946590856,120.47999346547807,121.86735776768438,21562000
2021-06-16,120.19783782958984,121.30604205013579,118.9015375278692,120.99353315247284,26472000
2021-06-17,121.16421508789062,121.93950775152115,119.92663220106029,120.12319457492448,25842000
2021-06-18,119.53948974609375,121.02438731514766,119.44394586362654,120.78951018597671,46116000
2021-06-21,121.2328872680664,121.41949509864834,119.3279930756123,119.9271335980691,27414000
2021-06-22,121.74842834472656,121.81760141803291,120.48795979203726,121.17069271040606,22390000
2021-06-23,121.5458984375,122.50978839268653,121.25479445301924,121.51255716784965,19148000
2021-06-24,121.9171142578125,122.46996728323248,121.71806894524062,122.1161595703844,21362000
2021-06-25,121.92557525634766,122.0494869263323,120.98656792867304,121.41949566786325,34594000
2021-06-28,121.95294952392578,122.20076527318163,120.82782790498153,122.09476570644414,28526000
2021-06-29,121.69070434570312,122.43564746347714,121.1119740224828,122.08681320150404,23108000
2021-06-30,121.50857543945312,121.67528178366047,120.7770721013412,121.41402625256768,24474000
2021-07-01,121.86189270019531,122.00370889101198,120.95323489975411,121.14581091471862,18110000
2021-07-02,124.6614990234375,124.80730158215873,122.47395949852594,122.56402875962121,25982000
2021-07-06,125.58956909179688,125.8264356149296,123.9897120776106,125.05064175261214,26404000
2021-07-07,125.8722152709961,126.67835873013823,125.55274349136431,126.556945178864,24060000
2021-07-08,124.44901275634766,124.99788702259595,123.43188008424947,123.4358588645875,23790000
2021-07-09,124.92125701904297,125.1362250527908,123.95885535984911,124.43010544209602,18632000
2021-07-12,126.37133026123047,126.46488475430863,125.01332084819249,125.57762429893366,17668000
2021-07-13,126.73558044433594,127.44816936734279,126.07175435939051,126.43402078790348,19240000
2021-07-14,127.62681579589844,128.711139700719,127.30584820549012,127.34914401586859,23742000
2021-07-15,126.40068054199219,128.0876150688026,125.92794221134592,128.03686284017635,24218000
2021-07-16,126.36585998535156,127.20335534106535,125.55324719471818,127.05556338295577,20424000
2021-07-19,123.9852294921875,125.60448672400716,122.91732944651262,125.489534904897,27968000
2021-07-20,125.60897827148438,126.4385084581694,123.75882253519414,124.93021653261364,26312000
2021-07-21,126.94210052490234,126.9888739739733,125.4238541100995,125.5333313160581,20746000
2021-07-22,127.8104248046875,127.87164030868064,126.89232132734656,127.23568092677225,14302000
2021-07-23,132.38209533691406,132.7642708837393,129.18289754735918,129.80988959225203,41506000
2021-07-26,133.39723205566406,133.5982667591998,131.67197525217534,132.6940965511764,30572000
2021-07-27,131.27236938476562,133.75948644247185,129.4849253186619,133.61169451326654,54710000
2021-07-28,135.44644165039062,137.6389624126458,134.63382884778994,135.66340668703342,95130000
2021-07-29,135.13145446777344,136.01074984273308,134.89807315618333,135.50217964857367,31716000
2021-07-30,134.08544921875,134.66070190945484,133.61619609988043,134.39248350863042,25576000
2021-08-02,134.2128448486328,134.69254605827192,133.15738980965833,134.47409278802186,21634000
2021-08-03,134.98464965820312,135.08615411628443,132.68514239501812,134.4919946425515,20762000
2021-08-04,134.48252868652344,135.00403737483978,133.84706288580134,134.7054618435219,19676000
2021-08-05,135.6031951904297,135.7012372072588,134.20438041159676,135.03491292404775,17870000
2021-08-06,135.09262084960938,135.8231370611958,134.56664735492504,135.39468924235564,20488000
2021-08-09,136.2615203857422,136.53124218318524,134.6955060017478,135.29564877035045,17760000
2021-08-10,136.15603637695312,137.11694210496884,135.71563707055319,136.68847913839065,19414000
2021-08-11,135.6305694580078,137.02737959411166,135.6230978548488,136.52877157272962,15352000
2021-08-12,136.54119873046875,136.64669715164672,134.78111998935373,135.3284908102748,16506000
2021-08-13,137.07215881347656,137.2005580055058,136.3809748009373,136.59693753421325,15948000
2021-08-16,137.65139770507812,137.7041545137353,134.65522403759903,136.87063034656046,22384000
2021-08-17,136.01123046875,137.60760213542056,135.4344895711395,137.09455209368923,21716000
2021-08-18,134.80450439453125,136.4521294137989,134.67760864209106,135.8504983673145,19258000
2021-08-19,135.03440856933594,135.70370932909012,133.61121999580743,133.79583845464464,21782000
2021-08-20,136.77560424804688,136.89950834428095,134.60647010296915,135.35290154531467,31194000
2021-08-23,139.3751678466797,140.20419691127913,136.95274343167395,137.31302050167736,28454000
2021-08-24,140.58935546875,141.4039576066751,139.67074315124864,139.94243918319472,19268000
2021-08-25,141.4029541015625,141.51293245081183,140.70331138846305,140.9511195496134,15848000
2021-08-26,140.7675018310547,141.73984285117388,140.68438784337567,141.07552321093658,20610000
2021-08-27,143.3188018798828,143.82488149852614,140.8237268532217,140.97848926563262,28780000
2021-08-30,143.9025115966797,145.2759501615927,143.47704025354426,143.7129120778502,24434000
2021-08-31,144.00900268554688,144.48074635237265,143.59449575192565,144.4563725246217,22448000
2021-09-01,144.5245361328125,145.55809268141408,144.19411512479778,144.31006164544272,21936000
2021-09-02,142.605224609375,144.82710026541315,142.50370495740134,144.5250470301467,32342000
2021-09-03,143.05555725097656,143.4690770503106,141.72292401737542,142.3996963220879,19850000
2021-09-07,143.593994140625,143.87714056862364,142.93564262833766,143.15011712566266,20124000
2021-09-08,143.0072784423828,143.71290448780815,142.31957209422643,143.41434410788645,18344000
2021-09-09,142.85801696777344,143.62385633358934,142.4962516421247,143.15609142885285,15314000
2021-09-10,140.20567321777344,144.0298881380867,140.0683293807008,143.5262839446984,36840000
2021-09-13,141.65525817871094,142.26981270269945,140.5779046748235,141.2740697555955,22094000
2021-09-14,141.86624145507812,142.68085878606388,141.075527179142,142.31509952248697,19674000
2021-09-15,143.74227905273438,143.76317524274404,140.67494311484762,142.09216342027784,27408000
2021-09-16,142.9266815185547,143.6134008192354,141.72393564031694,143.2655612442223,26190000
2021-09-17,140.1300506591797,142.7674353957721,139.80161903772358,142.34993679970833,53384000
2021-09-20,138.0594482421875,138.33861588686366,135.6733644328631,137.50410463134253,46518000
2021-09-21,138.3714599609375,139.3453044410875,137.62004753126166,139.08454245988372,25332000
2021-09-22,139.61599731445312,140.21662611033688,137.89224384770964,138.64116573837745,25056000
2021-09-23,140.5440673828125,141.0222803318082,139.73344404192838,140.31665427035742,20952000
2021-09-24,141.53831481933594,141.65327424223068,139.57370839647646,139.869793451718,22984000
2021-09-27,140.4007568359375,141.26313470256505,139.40103511550925,140.13452783317547,21882000
2021-09-28,135.18370056152344,138.43465279850446,134.71593568317124,137.99525571421634,45772000
2021-09-29,133.71421813964844,136.4984076534218,133.2280476280008,136.3282160833576,30848000
2021-09-30,133.03993225097656,134.89755184426153,132.92050809949572,133.622656505888,37996000
2021-10-01,135.89329528808594,136.25905453272804,133.43504691909288,133.80776143606408,35360000
2021-10-04,133.0235137939453,135.31355994072126,130.4264333828189,135.31355994072126,51202000
2021-10-05,135.37576293945312,136.57155342877454,133.40319914581136,133.40319914581136,32404000
2021-10-06,136.9104461669922,137.09456347762622,133.90979262645382,134.10883795724234,24364000
2021-10-07,138.5625457763672,139.37565966392003,137.99127188020964,138.23112248140887,25110000
2021-10-08,139.12039184570312,139.66328280927024,138.55508607158956,138.91287261391636,26526000
2021-10-11,138.2530059814453,140.04245467587032,138.1982597915222,138.62921329433456,17954000
2021-10-12,135.79974365234375,138.84319152031614,135.1140115321381,138.81631197535404,36332000
2021-10-13,136.92733764648438,137.34334792793805,135.86939224758427,136.74868739639234,19654000
2021-10-14,140.47938537597656,140.66499093729985,138.16444879019394,138.81036282552063,31894000
2021-10-15,140.69534301757812,141.04368373195877,140.08526840258062,140.9406758382608,30274000
2021-10-18,142.0986328125,142.11655251033784,140.39826609427354,140.4052365530088,20396000
2021-10-19,142.55545043945312,142.97893238940557,141.92148796786472,142.7052317803547,20164000
2021-10-20,141.09442138671875,142.8629739512192,140.70378718712195,142.65595589699134,23288000
2021-10-21,141.21087646484375,141.47959599698243,139.8314697814444,141.0944288032196,26292000
2021-10-22,136.91192626953125,139.91406787765993,135.4086155032677,138.48788774197112,50588000
2021-10-25,136.79299926757812,137.34336176040858,134.77961499839506,136.89550600929624,34412000
2021-10-26,138.64564514160156,139.4164503216993,137.6464245564592,138.60086108273072,49236000
2021-10-27,145.52175903320312,147.9426797249673,138.7416746268211,138.7416746268211,85782000
2021-10-28,145.155029296875,146.45780660368192,143.93884362054138,146.43441987780875,36206000
2021-10-29,147.34156799316406,147.53663452924428,143.96122969299242,144.38768811776507,43320000
2021-11-01,142.81419372558594,147.34155944199966,142.54398596575396,147.34155944199966,46924000
2021-11-02,144.74049377441406,145.91139413679633,143.6487134318496,143.8915557038086,33482000
2021-11-03,145.90048217773438,145.97114350363844,143.90302787782312,145.20629121927178,27494000
2021-11-04,147.56201171875,149.0210395628188,145.61183230162575,146.42444502422165,38412000
2021-11-05,148.1437530517578,149.61222689434263,147.49187081875615,148.45973203004758,38354000
2021-11-08,148.32186889648438,149.89833135582407,147.72421666895772,149.112081923021,23052000
2021-11-09,148.20993041992188,149.1215723447412,146.54438548306328,148.5229328971828,19530000
2021-11-10,145.19931030273438,147.3654677927579,143.84977474813238,146.7981726497593,29970000
2021-11-11,145.07290649414062,146.83350160452082,144.9076959932882,145.79247347289703,16518000
2021-11-12,147.97056579589844,148.14175966941576,144.71911228012596,145.91787942176632,22360000
2021-11-15,147.7456512451172,148.83793291081147,146.87282516364763,148.19201883124393,23508000
2021-11-16,147.17237854003906,148.05465028259903,146.61155275810987,147.4445757053599,18904000
2021-11-17,147.34255981445312,147.8526181995971,146.53940806481458,147.3231518704208,19594000
2021-11-18,149.1255645751953,149.8640384889797,147.18086699401806,147.53616303101114,35608000
2021-11-19,148.21788024902344,150.24818207871883,148.19051474348757,149.261884915546,33682000
2021-11-22,145.6058807373047,149.11659285483776,145.4521206035981,148.62196358916296,30594000
2021-11-23,145.08834838867188,145.96217670595368,143.4292879620821,145.45758531028238,27218000
2021-11-24,145.4247283935547,145.5536135443126,143.6860469047569,144.7813049279646,18040000
2021-11-26,141.50645446777344,143.86965244762047,141.16757477802446,143.66164728918483,30470000
2021-11-29,144.83804321289062,145.6013919944029,143.20882371408464,143.31482328625978,32596000
2021-11-30,141.2223358154297,145.30530878621673,140.9277390064455,144.31852565043738,42068000
2021-12-01,140.38034057617188,145.2560319905602,140.24150848223852,143.31481246492976,34020000
2021-12-02,142.28573608398438,143.17995934258195,139.54731782673127,140.57789783145594,29194000
2021-12-03,141.32583618164062,143.7129223894223,139.6334268670618,142.99734930425885,41230000
2021-12-06,142.47384643554688,143.1680221618852,139.48313980383537,142.35988929939927,30618000
2021-12-07,146.56875610351562,146.82901692453825,144.53646503259998,144.90371251975077,32240000
2021-12-08,147.4813995361328,147.6869293703325,145.7093842979604,146.8942104886106,24270000
2021-12-09,146.93601989746094,148.39056794652467,146.41501223970755,146.88874530148956,23270000
2021-12-10,147.29727172851562,148.26862564075446,146.00594491114614,147.99244969140912,24458000
2021-12-13,145.1326446533203,147.2659392631252,144.82510920852434,147.07832912609447,27070000
2021-12-14,143.22225952148438,143.79253112951932,140.543067257308,143.2829738879342,38446000
2021-12-15,145.7441864013672,146.02285286691162,141.00384962279682,142.7266158271978,36370000
2021-12-16,143.75770568847656,146.97432176442135,142.92368044490732,146.4702315616712,33650000
2021-12-17,141.05064392089844,143.15010348909559,140.62766313742964,141.82195020720084,50416000
2021-12-20,140.93319702148438,141.09991095324537,138.65807881354345,139.33384883079916,27192000
2021-12-21,142.7898406982422,143.18445372931458,139.8339711737475,141.37758618842463,28756000
2021-12-22,145.7183074951172,145.80290972192765,142.386747430513,142.386747430513,26322000
2021-12-23,146.21746826171875,147.5381502025816,145.75517035628735,145.8029461006697,26384000
2021-12-27,147.20272827148438,147.6381465673,146.46923553683405,146.55532601949932,15976000
2021-12-28,145.98902893066406,147.59335821023151,145.35954639528723,147.53065445426495,18200000
2021-12-29,145.95716857910156,146.71555137131918,144.95447047497947,145.9467204852061,17788000
2021-12-30,145.5048370361328,146.59910785453053,145.2998235600185,145.99598858016904,15688000
2021-12-31,144.1627655029297,146.0004760251165,144.1627655029297,145.35506319669503,18136000
2022-01-03,144.30160522460938,145.15701265332763,143.02918515577247,144.36479494039722,28646000
2022-01-04,143.71241760253906,145.78798930459803,143.03266881925126,144.70416653668696,28400000
2022-01-05,137.11944580078125,143.81195246481798,137.03286935371747,143.73283243513856,54618000
2022-01-06,137.09207153320312,139.2741441048197,135.9087336140623,136.34664244900424,37348000
2022-01-07,136.36505126953125,137.7897432622947,135.12049780917903,137.48817599061857,29760000
2022-01-10,138.0096893310547,138.1589847256294,132.5308930765843,134.43528635965367,44408000
2022-01-11,139.07110595703125,139.54883297337483,136.0420998146872,137.35034411747029,28730000
2022-01-12,140.75753784179688,141.9294404967946,140.02504742905134,140.4783702161075,26108000
2022-01-13,137.92758178710938,142.1702980929826,137.75041975538085,140.86651857043935,31436000
2022-01-14,138.81683349609375,140.07233622287117,136.34664851003265,136.42675564025197,29662000
2022-01-18,135.35089111328125,136.47899680734477,134.79405929684148,135.52705085012096,34872000
2022-01-19,134.4735870361328,137.30306172956688,134.37306968151069,135.87388991456638,28648000
2022-01-20,132.67318725585938,136.97115074107518,132.3318170208066,135.60169102059876,29908000
2022-01-21,129.73126220703125,134.22377601264574,129.46752373899022,131.96259868346377,55652000
2022-01-24,130.18161010742188,130.5787136535352,123.90760490884027,125.37856914011597,76622000
2022-01-25,126.33101654052734,128.78329685194453,125.8985899276899,128.12743590180497,46960000
2022-01-26,128.61807250976562,132.3671462984334,126.53701871024086,130.49509993814254,49130000
2022-01-27,128.39117431640625,132.02131030726912,128.31900956615908,130.6792312241268,31950000
2022-01-28,132.71649169921875,132.72197391207828,127.87364760924652,129.04205751284695,34362000
2022-01-31,134.65969848632812,134.82840181492318,131.58042613665086,133.5236351765011,39986000
2022-02-01,136.9890594482422,137.13735254168026,133.72914748544642,136.93979546512767,68644000
2022-02-02,147.29579162597656,150.82541035596324,144.83008666091592,150.5303275907362,123200000
2022-02-03,142.40914916992188,148.96282327293622,141.98666950094375,145.01221315480836,71518000
2022-02-04,142.61117553710938,144.18564871656986,139.84639407354533,142.76195915753863,57998000
2022-02-07,138.53866577148438,143.56363789927013,138.23908788884378,143.56363789927013,54974000
2022-02-08,138.7357177734375,139.33385604729077,136.36207147851567,138.36499262195844,54284000
2022-02-09,140.91827392578125,141.8463472422032,139.51996039462585,140.2927701568597,40144000
2022-02-10,137.96041870117188,140.81129088948327,137.30057895120314,139.03877453098843,39330000
2022-02-11,133.64356994628906,138.4943718586001,132.7652616913773,137.94053165428735,39958000
2022-02-14,134.88111877441406,135.65143786509626,132.6224171552218,132.6224171552218,34302000
2022-02-15,135.95849609375,137.45135880950014,135.17523823760737,136.91590911778226,26680000
2022-02-16,137.08262634277344,137.42896248282813,134.28200525127366,135.99631295565902,25022000
2022-02-17,131.90834045410156,136.4610670268482,131.84812723815682,135.59471046784896,38950000
2022-02-18,129.7825164794922,133.43207557532537,129.5770018418038,132.83193274174764,45620000
2022-02-22,129.19583129882812,131.5515578787969,127.61338526044253,129.22020512579672,44990000
2022-02-23,126.98091125488281,131.42267296291416,126.92069803114178,131.02209177354695,32786000
2022-02-24,132.05963134765625,132.36716679103367,124.35895204602602,124.35895204602602,54456000
2022-02-25,133.81971740722656,134.62785022225833,131.12459484875018,132.9165342626019,36406000
2022-02-28,134.41439819335938,135.10558230427316,131.96161640116074,132.41694384321215,38864000
2022-03-01,133.42359924316406,135.6071599580106,132.58462329799266,134.23671311624648,26496000
2022-03-02,133.93118286132812,134.61888922639284,132.43832018027874,133.9874173025302,23520000
2022-03-03,133.2623748779297,135.79028217623375,132.3925254709241,135.362821481941,24604000
2022-03-04,131.27886962890625,133.21462241050293,129.7173348474673,132.2950229056108,30430000
2022-03-07,125.77716064453125,131.10817177136278,125.69405425346693,130.86235301354495,45112000
2022-03-08,126.49970245361328,130.62547723294597,125.07650647413256,125.6492685764528,40428000
2022-03-09,132.78515625,133.09916098406526,129.28240208203147,130.62548341324316,37026000
2022-03-10,131.79937744140625,132.6378674373792,130.28959734180035,130.64141568020557,27102000
2022-03-11,129.25254821777344,133.15887530088736,129.01468700810108,132.85332926637238,31526000
2022-03-14,125.35169219970703,129.78848017881063,124.67891386783609,129.63024013957775,38812000
2022-03-15,128.583251953125,129.23663756892861,125.12229757961958,126.37182448632802,30920000
2022-03-16,132.64633178710938,132.69857226432342,128.12195717811286,130.1109526032966,35576000
2022-03-17,133.20216369628906,133.44251542685555,131.55602693390728,132.51544446609907,28264000
2022-03-18,135.47776794433594,135.5957038344394,131.62916418987535,132.78961629420914,44566000
2022-03-21,135.4539031982422,136.39789162419223,133.4544597507842,135.51560466660072,26832000
2022-03-22,139.20248413085938,140.37886680791058,135.45391090476724,135.45391090476724,35496000
2022-03-23,137.61753845214844,138.92429430194807,137.1791437250509,138.0425085935887,25154000
2022-03-24,140.89837646484375,140.94514991308523,137.09505730306245,138.53765371288432,26396000
2022-03-25,140.99888610839844,141.35916312962928,139.07259464161262,141.24072608323831,24126000
2022-03-28,140.78244018554688,141.32683456688196,139.1462501767931,140.23007305677257,35050000
2022-03-29,141.82742309570312,143.10930412787826,141.36264991460445,141.96876091620584,34318000
2022-03-30,141.26312255859375,142.04139926782997,140.9262322677062,141.78214074610113,19884000
2022-03-31,138.4058074951172,141.43183732694075,138.36301282244463,141.3770911257397,37524000
2022-04-01,139.48362731933594,139.80259792884758,137.6493944528036,138.83622510765764,25942000
2022-04-04,142.2912139892578,143.02819955507672,139.6428799730055,139.69065571151913,25942000
2022-04-05,139.9220428466797,142.3101159402801,139.7145388197234,142.18920353815585,21418000
2022-04-06,135.89828491210938,138.69740254618586,134.87218475857597,138.08980328110664,32468000
2022-04-07,135.24191284179688,136.5118422894148,133.58880560045588,135.36282523850036,26234000
2022-04-08,132.65328979492188,135.0244453490223,132.33281575795365,134.93835487299648,25142000
2022-04-11,128.2105255126953,131.46396795737343,128.0562642583226,131.19625072432203,36884000
2022-04-12,127.1068115234375,130.97382925450697,126.1857162540227,130.97382925450697,32710000
2022-04-13,129.27593994140625,129.71384877798675,127.13318439512136,127.39095470279639,27928000
2022-04-14,126.12699890136719,129.8586621668281,125.99860730059869,129.8586621668281,31598000
2022-04-18,127.0689926147461,127.60243774339565,125.58160448146151,126.39571309247896,20808000
2022-04-19,129.39039611816406,129.7128443833924,126.39520967257236,127.0839183466349,26490000
2022-04-20,127.43075561523438,130.77378162705162,126.89333171577131,130.2691902594668,31696000
2022-04-21,124.22061157226562,129.47946605426276,123.93397991770688,128.63500784795013,36446000
2022-04-22,119.06624603271484,124.8053101263878,118.35913172906152,124.40522250559663,56884000
2022-04-25,122.48838806152344,122.69091861575488,117.94710375134851,118.53429277469893,46128000
2022-04-26,118.08544158935547,121.92707556109316,117.94710303931359,121.71260107377317,73054000
2022-04-27,113.75066375732422,116.68413343389656,112.20007840202844,113.92482651279367,91820000
2022-04-28,117.95854187011719,119.08017825241917,113.57201255036027,115.86107166046905,48884000
2022-04-29,113.56653594970703,117.35890574463856,113.27294145478096,116.17904555251677,42676000
2022-05-02,116.02828216552734,116.19000744946392,112.0642321288155,112.86540213135079,35534000
2022-05-03,116.77569580078125,117.87842536696783,115.48237962518544,115.8764914727861,24968000
2022-05-04,121.67925262451172,122.2699268388617,114.56824610086612,116.4746360987147,49916000
2022-05-05,115.95114135742188,120.46307061064945,114.45827869555946,119.63204464005044,45840000
2022-05-06,115.19575500488281,117.01207587544798,113.47299621973782,114.63643262732876,39710000
2022-05-09,111.97565460205078,114.52944700923064,111.4675855939926,112.71113673169168,40802000
2022-05-10,113.85067749023438,115.6968542910652,112.36328947356759,114.95788698251471,39900000
2022-05-11,113.06195068359375,115.81080940223326,112.69769487950897,112.69769487950897,37534000
2022-05-12,112.30706787109375,113.7511601444871,109.30193451554294,110.84754643399383,53836000
2022-05-13,115.4983139038086,117.31413370158947,113.06445432012579,113.98803256594428,35038000
2022-05-16,113.90045166015625,115.61724230928375,113.34759858622417,114.40852067379373,25990000
2022-05-17,115.9188003540039,116.34377055599607,114.32343087143941,116.28455202745589,23054000
2022-05-18,111.36705780029297,114.8509052445683,111.02469285947781,114.4528070059292,35126000
2022-05-19,109.85877227783203,112.4722766682842,109.47659675819857,110.90128865895407,34144000
2022-05-20,108.3897933959961,111.64971302278167,105.29310247883514,111.41831352862852,48962000
2022-05-23,110.95751953125,111.61388163619868,108.22358859840143,109.06606499448633,37184000
2022-05-24,105.46578216552734,105.95196030949565,101.3997188941299,105.26872621912392,76780000
2022-05-25,105.30155181884766,105.99324451926378,103.36232172356168,104.4859474528287,40258000
2022-05-26,107.27960205078125,108.1325189038604,104.7243139415563,105.17416668495665,37948000
2022-05-27,111.78206634521484,111.78356218431206,108.61918670851493,108.9620527716367,37914000
2022-05-31,113.22069549560547,115.18430708649075,111.54520378568205,112.21002456042172,50012000
2022-06-01,113.3500747680664,116.54430641015415,112.71113124806907,114.30849764115457,36606000
2022-06-02,117.06282806396484,117.33851047218953,112.40908243525307,113.45756701556255,37992000
2022-06-03,113.99598693847656,115.76801720266153,112.97835314878134,115.51024691373239,26136000
2022-06-06,116.2646484375,118.77912375848886,115.61127043127397,116.14919546785866,33542000
2022-06-07,116.59207916259766,117.13100649382692,114.50456340116364,114.93102184671086,31590000
2022-06-08,116.63636779785156,118.00632111258021,116.04519240682265,116.20592298566977,26108000
2022-06-09,114.28909301757812,117.73611398435301,114.22987449001698,115.77399057256335,25798000
2022-06-10,110.632568359375,112.73999313613125,109.84085182107376,111.90996185455049,41452000
2022-06-13,105.88626098632812,108.27384044560415,105.61406382229377,106.27838344629973,47252000
2022-06-14,106.20773315429688,107.41098020496892,105.29659238534681,106.02809576378536,33706000
2022-06-15,109.24222564697266,110.89332844630779,107.15719279182463,108.0285229467679,39698000
2022-06-16,105.52896881103516,108.1315239116339,104.63772962441162,106.71081841205395,51684000
2022-06-17,106.6336898803711,108.18228586085846,104.54616658355276,105.528970887289,51376000
2022-06-21,111.01325225830078,111.95425661827566,108.08326009819567,108.41119057692619,47416000
2022-06-22,110.95703125,112.80717945124134,109.85728564039822,110.0304613100788,30774000
2022-06-23,111.70791625976562,112.20603825643137,109.97470957276036,111.69746816569209,28362000
2022-06-24,117.41365051269531,117.51715954815482,112.41504945457397,112.45735057227827,41164000
2022-06-27,115.28234100341797,118.01526949121953,114.6314459624472,117.71023220229814,36420000
2022-06-28,111.47455596923828,116.7513304270468,111.31581476589679,115.25149712889171,35792000
2022-06-29,111.17000579833984,112.62206327148687,110.34494794788081,111.02121914854789,24716000
2022-06-30,108.44452667236328,110.36037012107478,106.24205918177555,109.47659494140807,43170000
2022-07-01,108.22010803222656,108.73016641639377,106.22265397774427,107.41943163222562,35476000
2022-07-05,112.72406768798828,112.8375236690026,105.22840262829631,106.59089187479918,39342000
2022-07-06,114.02684020996094,115.0395005469071,110.94557098037903,112.76288648601033,37432000
2022-07-07,118.21780395507812,118.62237150865167,114.28710302372731,114.53242824450783,40936000
2022-07-08,118.78558349609375,119.11550333341472,116.34524732585783,116.69209216472974,38238000
2022-07-11,115.12609100341797,117.4365476052986,114.78173665895066,117.4365476052986,31196000
2022-07-12,113.47797393798828,116.41741959811824,113.14904875296558,115.66202835855137,29960000
2022-07-13,110.82366180419922,113.65263549932013,110.67238462038537,111.16950439272351,43722000
2022-07-14,109.84235382080078,110.56440377859388,107.85734476528513,109.68610316058955,37004000
2022-07-15,111.24563598632812,112.60215711200841,110.3723164753788,111.4675820742736,46770000
2022-07-18,108.5112075805664,113.13908327050366,107.85435196917416,112.10403093176883,43164600
2022-07-19,113.26846313476562,113.4774629947795,109.03868562268973,110.32254841399676,36530900
2022-07-20,113.35804748535156,114.85091025049731,111.94480589002251,112.63151759868653,35600400
2022-07-21,113.79594421386719,114.00495167460863,110.58131743938425,113.73623213542243,32676200
2022-07-22,107.38658905029297,111.80545736836784,105.9932490465555,110.47183703443812,48901200
2022-07-25,106.99844360351562,109.34721476148648,105.79420198666402,107.89416270496079,34690900
2022-07-26,104.5202865600586,106.68991390610014,103.57480992289085,106.09277036719988,47991000
2022-07-27,112.52204132080078,113.36800296920033,107.49607452568807,108.7401268402842,59858500
2022-07-28,113.67652130126953,113.79594545946627,110.92965176635761,111.83532546250933,32816600
2022-07-29,115.76652526855469,116.15466896108313,112.52203489140882,112.54194397943671,37223400
2022-08-01,114.3134765625,116.16462696340376,113.79594656165995,114.75138539504273,26034300
2022-08-02,114.58218383789062,115.79638002904798,113.17889687110984,113.4575633556852,20236000
2022-08-03,117.51815032958984,118.05558179795868,114.93052323947822,115.15942459504198,28499000
2022-08-04,117.62763977050781,118.21482883274447,116.33382229429161,116.92101894962119,21602900
2022-08-05,116.91105651855469,117.54801066886964,115.44804984442452,115.67695880145602,19159500
2022-08-08,116.74187469482422,119.57831251315469,116.32386733757586,117.82668469128856,19138300
2022-08-09,116.07505798339844,116.76177731188208,115.15943727414889,116.58263346936866,19086500
2022-08-10,119.13043212890625,120.34462825526873,117.84657697820947,118.21481155899389,30930400
2022-08-11,118.27452850341797,120.91192071702521,117.99586202223843,120.70292085614055,24293700
2022-08-12,121.10102081298828,121.10102081298828,118.89158283337814,119.6877792993413,19096300
2022-08-15,121.4991226196289,121.71807703386351,120.03611593641816,120.55363833935155,19494800
2022-08-16,121.12092590332031,121.84745576956125,120.06597200873036,120.94178207281517,19041200
2022-08-17,118.98116302490234,120.71288167155528,118.81196614417375,119.54845056051758,22847000
2022-08-18,119.59820556640625,120.2451142565541,118.15510799023149,118.86172875873096,17987700
2022-08-19,116.65229034423828,118.58306186399878,116.20443457194587,118.49348615368488,21809500
2022-08-22,113.69641876220703,115.07980422824266,113.30827507565557,114.65184995934078,21456600
2022-08-23,113.3182373046875,114.46276694733402,112.89028300676202,112.94004813634814,15870400
2022-08-24,113.14903259277344,114.23384241345713,112.33293469319297,112.95993423782826,17734600
2022-08-25,116.09496307373047,116.16462969935831,113.5670478689461,113.69642657565703,16956800
2022-08-26,109.81497955322266,114.57224186477183,109.66569935363755,114.17414361532893,37245700
2022-08-29,108.89936065673828,110.42207946188543,108.2823155735555,109.46664820361845,21191200
2022-08-30,108.42164611816406,109.97422092496217,107.28707105272045,109.64578930257257,27513300
2022-08-31,107.70506286621094,110.32254592222807,107.61548716074697,110.12350061045113,28627000
2022-09-01,109.21783447265625,109.92445524897461,106.84916169035981,107.76478233631381,28360900
2022-09-02,107.33682250976562,110.2130705944094,106.74963351488796,110.06378281149561,24160700
2022-09-06,106.30176544189453,107.51596155243057,105.27666768751821,106.7894393506126,25068300
2022-09-07,108.92920684814453,109.45669135552637,106.39134493339468,106.55057966549539,23167000
2022-09-08,107.86430358886719,109.078499800194,106.65011497063273,107.5259250214311,24238300
2022-09-09,110.12350463867188,110.46188319968864,108.5012556752909,108.55102080160147,23197700
2022-09-12,110.33251190185547,111.08889783257369,109.40693667928096,110.46189060861155,22966800
2022-09-13,103.82362365722656,107.7846893387219,103.59471470362199,107.2870684416698,38172900
2022-09-14,104.5003890991211,104.77905558849064,103.16676873054044,104.07243482099148,26395100
2022-09-15,102.42033386230469,104.76909744622156,101.86299330961457,103.53499978150074,34188300
2022-09-16,102.31085968017578,102.639283702151,100.45970933191258,101.58432982803475,42797200
2022-09-19,102.57957458496094,102.83833958549137,101.06681035212908,101.26585567986477,23036800
2022-09-20,100.65875244140625,101.882903164709,100.04169980785068,101.59428213900198,26517100
2022-09-21,98.80760955810547,102.39047869604212,98.79765501354908,101.18623696987109,31487300
2022-09-22,99.66351318359375,100.75827764430566,98.31993827303401,98.34979431212098,34298600
2022-09-23,98.27017211914062,99.18580033576465,97.00621838807963,99.15593670389735,31625400
2022-09-26,97.70288848876953,99.40475110446,97.33465387177638,97.63322186449305,27072700
2022-09-27,97.03607177734375,99.52417618189102,96.40907220091097,98.95688868137792,30072800
2022-09-28,99.5739517211914,100.22085285955642,96.64793820563632,97.18536972439702,32466300
2022-09-29,96.95645141601562,98.17064759037245,95.50339934291237,98.17064759037245,31047200
2022-09-30,95.19487762451172,98.4294134043774,95.10530191604596,96.58821763291844,32941500
2022-10-03,98.170654296875,98.8175630102199,96.06073886671564,96.29960237487207,27982000
2022-10-04,101.1563720703125,101.35541738545221,99.90236532427448,99.96208499329005,28850800
2022-10-05,100.94738006591797,101.4450009855778,98.3298967620206,99.35499464162503,22176900
2022-10-06,100.93741607666016,102.44023323947894,100.11136360497702,100.2009393105423,22324000
2022-10-07,98.21046447753906,100.0516603517211,97.83227531415282,99.37489560091394,27502800
2022-10-10,97.39436340332031,98.62846111239529,96.54840938978579,98.52893845076046,18225100
2022-10-11,96.71759033203125,98.77774038186384,95.8517273049946,96.96640076120471,26507100
2022-10-12,97.09578704833984,98.28012721366622,96.27968908051714,96.83702964877843,21876400
2022-10-13,98.58865356445312,99.30522889923341,93.93092148147386,94.69726194514989,34574500
2022-10-14,96.10054016113281,100.21089341446172,95.91144939348797,99.51421963932691,25410700
2022-10-17,99.49432373046875,100.44975494508492,98.35974868854377,98.38960472757987,28419200
2022-10-18,100.29051208496094,102.977669480451,99.49432320685048,102.63928332260754,24060700
2022-10-19,99.15593719482422,100.53932268092686,98.44931643231148,99.53413393609323,23811100
2022-10-20,99.49432373046875,101.83314043643365,98.91708166546346,99.52417976950483,25323200
2022-10-21,100.6488037109375,100.82794754437543,97.25503301309253,97.38441171770614,32458700
2022-10-24,102.03218841552734,102.26109737591833,99.50428086547959,101.31562068072593,27176400
2022-10-25,103.98286437988281,104.3212429399577,102.23123672329918,102.41038054718946,40611400
2022-10-26,94.47830963134766,97.8422243688905,94.23945371213154,95.97117241436078,88114100
2022-10-27,91.78120422363281,94.97592963709896,91.36320447078887,94.07025591284439,60710900
2022-10-28,95.83183288574219,96.09059787724979,91.6916233939895,91.8309566371646,43697300
2022-10-31,94.060302734375,95.57306689870097,93.53282580597906,94.9659688055794,31675000
2022-11-01,90.03952026367188,95.57306183643806,89.9399976095824,94.9958198123906,47161400
2022-11-02,86.55618286132812,90.74615003951523,86.46660714853941,90.50729412723294,57038300
2022-11-03,83.03302764892578,86.10832131332283,82.94345193423364,85.90927598104008,61288000
2022-11-04,86.16803741455078,86.22774949314112,83.3116906968652,84.99365177935555,51124900
2022-11-07,88.0689468383789,88.47699963071189,86.436750855232,86.86470514307494,34078900
2022-11-08,88.47700500488281,89.89024665779915,87.17323297355927,88.47700500488281,30429000
2022-11-09,86.9045181274414,89.01443358511959,86.86470754222943,88.0291386855819,31769100
2022-11-10,93.4930191040039,93.94087488626228,91.1741038384967,91.81105799655386,51620100
2022-11-11,95.9512710571289,96.46879348169523,93.47311336671255,94.2394538485674,33090500
2022-11-14,95.24463653564453,96.32945403822642,94.0603039654914,94.6375384345769,30179500
2022-11-15,97.97160339355469,99.66351138474529,96.2498317707238,97.79245956917397,41640800
2022-11-16,98.37964630126953,99.16588820159294,97.1754046847515,97.43416966800666,29105200
2022-11-17,97.89198303222656,98.80760365631383,96.32945372628268,96.50859755213386,26052600
2022-11-18,96.9664077758789,98.4294144201493,95.91145390965606,98.30002812804044,28342300
2022-11-21,95.1451187133789,97.93179891222259,94.90626279702143,96.82707985856685,21647400
2022-11-22,96.58821868896484,96.757407970804,93.60249332105981,95.49344664625919,23438500
2022-11-23,97.99150848388672,98.2900840665078,96.62802445978609,96.62802445978609,18868100
2022-11-25,96.99626159667969,98.17064718420455,96.93654952051315,97.77254895921286,9701400
2022-11-28,95.59297943115234,97.11569819421372,95.1550706024734,96.5782667025875,26237500
2022-11-29,94.73707580566406,95.6626510462463,93.66221276632477,95.2745073253337,20061700
2022-11-30,100.50946807861328,100.55923320625755,93.97072970281681,94.36882794469375,43647500
2022-12-01,100.50946807861328,101.7634748829433,99.772991266651,100.53932411796288,28687100
2022-12-02,99.96208953857422,100.29051356417902,98.429416244413,98.57870403410195,21480700
2022-12-05,99.00665283203125,100.89760608639799,98.5289334501006,98.92703166952748,24405100
2022-12-06,96.51854705810547,99.30521936766596,95.96120652171987,98.82750758572617,24910700
2022-12-07,94.4882583618164,96.41902227907117,94.26930395221923,95.95126501404084,31045400
2022-12-08,93.26410675048828,95.12521162173816,93.00534176035212,94.92615870890563,32213300
2022-12-09,92.38829803466797,93.81149411113351,92.30867686839619,93.32382016253814,28225400
2022-12-12,92.86601257324219,93.11482303032886,91.1741045022898,92.26886899485267,29420000
2022-12-13,95.17497253417969,99.05641715165841,94.57782896066584,97.2948424708287,40593700
2022-12-14,94.61764526367188,96.4090836855868,93.15463848462352,94.74702397460736,28733600
2022-12-15,90.42767333984375,93.19444441414178,89.58171930241409,92.68686895444695,40107000
2022-12-16,89.83052825927734,90.89543669655227,89.09404384987789,90.32814916628604,58011800
2022-12-19,88.0191879272461,90.1290957005775,87.7902789704508,89.83052771403993,29493000
2022-12-20,88.59642791748047,88.75567026134895,87.02395153379007,87.69076176428035,23453800
2022-12-21,89.15376281738281,89.7907169658723,87.89975601556621,88.65614191430713,24745600
2022-12-22,87.3424301147461,88.11871757158286,85.90927936791326,87.74052838809888,27658300
2022-12-23,88.805419921875,89.1238969610393,86.65569421269733,86.6955047917293,23003000
2022-12-27,86.97417449951172,88.51680222396423,86.5959853742235,88.37746898869531,20097300
2022-12-28,85.6106948852539,87.62108754027969,85.53108131331513,86.56613367944158,19523200
2022-12-29,88.02912902832031,88.42722724367383,86.1978878680228,86.2078424115069,23333500
2022-12-30,87.81018829345703,87.87985491647791,86.15808324311536,86.56613603016086,23986300
2023-01-03,88.69595336914062,90.61677037760805,88.09880220510901,89.16371064442977,28131200
2023-01-04,87.66090393066406,90.21867518028262,86.8547528692259,89.92009958818068,34854800
2023-01-05,85.78984069824219,87.1533247069017,85.4912727120948,87.05380204485257,27194400
2023-01-06,86.92442321777344,87.2727639545087,84.45622757731456,86.37704473293368,41381500
2023-01-09,87.60118103027344,89.62152828865293,87.44194628861791,87.93956719506664,29003900
2023-01-10,87.99928283691406,88.24809330021212,85.42161008183072,85.57089787842811,30467800
2023-01-11,91.08452606201172,91.1641472282376,88.58647461468658,88.75566389809731,26862000
2023-01-12,90.69638061523438,91.432864998952,89.32294969329632,91.0447213124675,30258100
2023-01-13,91.68167877197266,91.75134539532985,89.70114209221775,90.41771741423032,26329200
2023-01-17,90.85562133789062,91.81105251796343,89.6215236794331,91.62195415344863,32602400
2023-01-18,90.68643951416016,92.35844611498095,90.2087200883145,91.70158285357975,29116700
2023-01-19,92.60725402832031,93.16458701556465,90.19876306253057,90.28833877439054,37000400
2023-01-20,97.55359649658203,97.83227057478473,94.56787113938321,94.64749230458399,63191100
2023-01-23,99.315185546875,99.56399601043773,97.03608078946915,97.48393658664499,40005100
2023-01-24,97.23511505126953,99.13603042112301,96.73749418080635,97.63321326625847,33078500
2023-01-25,94.76692962646484,95.70245938987009,93.313877444999,95.11526275334147,42330000
2023-01-26,97.05596923828125,97.10573436154094,94.92615256394458,96.0408260243726,30114000
2023-01-27,98.89717864990234,99.84265530593878,96.84697541487013,96.84697541487013,33879800
2023-01-30,96.4787368774414,97.82231171021904,95.94130542571196,97.01616832917084,27226200
2023-01-31,98.36969757080078,98.40950815466127,96.35931244094722,96.40907756904596,29870700
2023-02-01,99.95213317871094,100.70851906446003,97.11569559851715,98.24031608663826,35531100
2023-02-02,107.22734069824219,107.33681789479918,105.10747856990469,105.29657692633798,69883800
2023-02-03,104.28143310546875,107.29701450167059,102.09190421385664,102.44023732028235,65309300
2023-02-06,102.4103775024414,103.8634295449767,101.3952266662137,101.91275662788445,31999600
2023-02-07,107.12782287597656,107.66525433974004,102.62933344338565,102.72885610117324,49010200
2023-02-08,98.89717864990234,102.64923682856325,97.57350525697757,101.56442693043918,94743500
2023-02-09,94.55792999267578,99.55404072276416,93.18449138448133,99.52418468225432,119455000
2023-02-10,94.1200180053711,96.28964546267231,93.80154092875313,94.99582806779736,54980700
2023-02-13,94.15982818603516,94.74701720884225,93.39348774073657,94.28920688773186,50076100
2023-02-14,94.2294921875,94.39868146803326,91.82100889832186,93.98068174209502,54726100
2023-02-15,96.4787368774414,96.65788069468455,93.70201150671859,94.04039005423793,50169000
2023-02-16,95.0555419921875,97.21521477469815,94.28920158994696,94.9162087541605,42462600
2023-02-17,93.90106201171875,95.10530367470463,92.76648697078687,94.39868291013072,34284100
2023-02-21,91.35324096679688,92.65700522698316,91.28357434815544,92.55748257079424,33629300
2023-02-22,91.21391296386719,91.67172328308142,90.1788605753032,91.26367049827103,30884000
2023-02-23,90.45751953125,91.50252637688843,89.33289911857833,91.4826172903113,41206400
2023-02-24,88.70589447021484,89.46228032650424,88.15851606340819,89.01442457610861,36585100
2023-02-27,89.4423828125,89.73100384409955,88.91489828317458,89.4423828125,27502300
2023-02-28,89.63147735595703,90.79591607528975,88.89500052309056,88.90495506752045,30142000
2023-03-01,89.9300537109375,90.59686392466584,89.24333440817962,89.55186454339591,31111200
2023-03-02,91.56224822998047,91.84091472708995,89.16371177840199,89.23338599577193,32204400
2023-03-03,93.20439910888672,93.28402027780899,92.01010435433045,92.03996798749574,35160100
2023-03-06,94.67735290527344,95.51335999397993,93.55273236671877,93.5726338624318,32639300
2023-03-07,93.41339874267578,95.21478402463518,93.08496711653402,94.52807232544816,27835500
2023-03-08,93.8015365600586,95.503399070826,93.55272611825472,93.67215786383373,34103300
2023-03-09,91.88072967529297,95.07545518561926,91.46272990977579,93.60250146148456,28813500
2023-03-10,90.1987533569336,92.3484790931476,89.96985201598534,91.73142650002876,35941000
2023-03-13,90.67647552490234,92.12952755390786,88.99451455477161,89.661324698127,37335600
2023-03-14,93.52287292480469,93.91101661837747,92.00015418954344,92.11957834566286,36050200
2023-03-15,95.65269470214844,96.46879271449647,92.19920427168174,92.77644636636741,50622100
2023-03-16,99.84265899658203,100.70852211278338,95.04559373185006,95.74225996804023,65492000
2023-03-17,101.136474609375,102.35066322909664,99.62370281885212,99.78294515178816,61028500
2023-03-20,100.73837280273438,101.26584972399411,99.3947979368084,99.6436083783907,32960400
2023-03-21,104.42076873779297,104.59991256706779,100.73837708314564,100.76823312250937,42110300
2023-03-22,102.8781509399414,106.08282326179875,102.83834035547768,103.77386251455106,43427400
2023-03-23,105.0975341796875,105.79420800627038,103.96295911766454,104.56010268824097,40797800
2023-03-24,104.93830108642578,104.98805862211833,103.34590808241246,104.49043770663731,30393300
2023-03-27,101.97247314453125,104.2615323044318,101.44499620942092,104.12219906093443,31120900
2023-03-28,100.54927825927734,101.96251979884079,99.2654154207413,101.95257284782572,32057900
2023-03-29,100.9075698852539,102.00233439427095,100.1710930472741,101.793334518348,28779600
2023-03-30,100.40994262695312,100.67866215981911,99.30522364315344,100.4298517146947,33086200
2023-03-31,103.23644256591797,103.39567731678657,100.55923950453533,100.8180045169263,36863400
2023-04-03,103.8634262084961,104.0326154780684,101.4449885321148,101.90279881082961,25035400
2023-04-04,104.22171783447266,105.07762635151548,103.54495313711536,103.83357415733603,24420100
2023-04-05,103.97291564941406,105.59515710589082,103.16677219338038,105.2766800226226,28290500
2023-04-06,107.90411376953125,108.65054511701238,103.83357846595176,104.75915364055206,48711500
2023-04-10,105.93353271484375,107.07805463574618,104.6198139282229,106.4709641629739,27067400
2023-04-11,104.84872436523438,106.22216293833723,104.18191416724264,106.04301910676263,26311800
2023-04-12,104.14209747314453,106.24205820052738,103.84352190700692,106.07286892315904,24370300
2023-04-13,106.9188232421875,106.97853531836758,105.33638488558677,105.33638488558677,24843600
2023-04-14,108.35197448730469,108.42164110764425,106.33162731127321,106.38139243712666,26578000
2023-04-17,105.46578216552734,105.65488055059328,104.02267689835315,104.16201774578109,37571200
2023-04-18,104.00276184082031,106.03305590180257,103.57480758885212,105.98329077756064,26596400
2023-04-19,103.68429565429688,104.48049216706148,102.57957659955501,103.08715206626977,20905700
2023-04-20,104.78900909423828,105.74444030250633,103.37576757324341,103.41557815605778,27820800
2023-04-21,104.908447265625,105.49563631362956,104.28144003927596,104.96815934695626,25800100
2023-04-24,105.46578216552734,106.12263785123642,104.20182073865433,104.98806272702657,23542800
2023-04-25,103.35586547851562,106.18235630484261,103.34591093386543,105.3264476991522,46664100
2023-04-26,103.2165298461914,105.84396768440436,102.14166684153358,104.42077155594797,53347600
2023-04-27,107.07805633544922,107.85435127935429,103.0473318001292,103.95299784504715,50089200
2023-04-28,106.82925415039062,106.83920869473445,104.5899600378611,106.53068615790889,36139800
2023-05-01,106.6899185180664,107.47616045562452,106.31172936546945,106.33163086061985,26681700
2023-05-02,104.81886291503906,106.68991470916808,103.21652305785557,106.63020263275621,30997200
2023-05-03,104.908447265625,106.97854454706649,104.46058387636243,105.0278714282875,21795400
2023-05-04,104.1918716430664,105.09753777760864,103.47529629660639,104.98806056672765,23419500
2023-05-05,105.06768035888672,105.37620289836305,103.61462818899871,104.32124898163032,26625100
2023-05-08,107.2572021484375,107.44630051441501,104.65962811592014,104.67952961034783,26511400
2023-05-09,106.83920288085938,109.62588288426798,106.67996814548604,107.8742552366085,36360100
2023-05-10,111.21826171875,112.40260179010814,107.41643866886629,107.45624924866145,63153400
2023-05-11,116.01534271240234,117.35891769778799,113.86562425440385,114.85091156460763,78900000
2023-05-12,116.95086669921875,117.46838909715726,115.55752665279486,116.12481417824908,41073800
2023-05-15,115.95562744140625,117.91625505636303,115.45800652768493,115.55752919181069,36266800
2023-05-16,118.94135284423828,120.1754505833764,115.87600619542154,115.93571827523857,45035600
2023-05-17,120.26500701904297,121.0910594773573,118.32428868260982,119.04086394316722,33323600
2023-05-18,122.24555206298828,122.72326387464808,120.25506846385703,120.37449262022581,35234200
2023-05-19,122.1758804321289,125.37060556659539,121.56878235183454,122.96212233272476,41330300
2023-05-22,124.45498657226562,125.82841748352126,122.15597291663258,122.35502582680218,35253000
2023-05-23,121.9768295288086,124.03697969958147,121.62849642613534,123.5692224434729,34046300
2023-05-24,120.3247299194336,121.32992621989823,119.28967758115877,120.54368432083105,34182600
2023-05-25,122.89246368408203,124.72370499429998,121.37969186050914,123.92750849840978,42317000
2023-05-26,124.01708221435547,124.66399090771507,121.86735626591603,122.58393158206252,35635900
2023-05-30,123.08155059814453,125.06208723131287,121.41949862779474,125.04217814334058,35076700
2023-05-31,122.28536224365234,123.46969481793454,121.91712004551185,122.16593049458432,37325800
2023-06-01,123.13131713867188,123.82798336385527,122.03655267348697,122.23559799694154,30772700
2023-06-02,124.07679748535156,125.5497587390049,123.17113136582034,123.40003273525558,26963100
2023-06-05,125.4104232788086,126.82366483426891,123.2507427687404,123.41993964810082,32305500
2023-06-06,126.70423889160156,127.6795716632302,124.76352029992727,125.41042902818297,26638300
2023-06-07,121.9171142578125,128.4259886146352,121.53892512668912,126.36584609093107,52539000
2023-06-08,121.558837890625,122.64365544606527,120.66311871482401,121.64841360475143,29389200
2023-06-09,121.64840698242188,123.17112570184304,121.3299299142625,121.66830847720398,23762500
2023-06-12,123.05169677734375,123.45974956411615,121.0811222457333,122.20574275748704,28306400
2023-06-13,123.24079132080078,124.56446470926541,122.59388264580667,124.38532088531461,22278300
2023-06-14,123.08155059814453,123.45974733869542,120.87211260494071,122.5142630804105,30592300
2023-06-15,124.49478912353516,124.86303131123523,121.81759393072211,122.55407071303016,35246300
2023-06-16,122.94221496582031,125.5099405617093,122.69340452264717,125.33079673890096,45514000
2023-06-20,122.51426696777344,123.97727366337496,121.55883572827894,122.34507768010195,26097500
2023-06-21,119.97640228271484,122.07636309263388,119.52853891590576,121.81759809801702,30306300
2023-06-22,122.56403350830078,122.65360162877322,118.26458908449361,119.429020209191,26952200
2023-06-23,121.75788116455078,122.20574454143095,120.48397284408658,120.80244992420262,34885300
2023-06-26,117.77690887451172,121.41949744247009,117.70724225347334,120.1853997584649,33969900
2023-06-27,117.76696014404297,118.51339146949954,115.54756766205826,116.52290793494869,39535900
2023-06-28,119.608154296875,119.81715415403947,116.29399743378409,116.5328533286732,27091400
2023-06-29,118.53329467773438,119.48872587696212,117.73710580825735,118.67262791972016,24090900
2023-06-30,119.13043212890625,120.50387057686662,119.12048517862524,119.59819695723526,29519700
2023-07-03,119.3294906616211,119.61811168831736,118.25462771939205,118.67262744367262,14467900
2023-07-05,121.17068481445312,122.02659333927569,118.66267890915145,118.67262585976906,27584800
2023-07-06,119.53849029541016,119.72758866259632,117.83662777001128,119.22996777471036,24745200
2023-07-07,118.91148376464844,120.47401295762036,118.83186260489518,119.52852877000684,21692600
2023-07-10,115.89591217041016,117.74706264721117,115.58738962197427,117.73711569558557,35315200
2023-07-11,116.58262634277344,117.14991387720602,114.80114257142738,115.73667231326417,23078800
2023-07-12,118.36410522460938,119.75744523552781,117.8465828398585,118.2347265266947,30404400
2023-07-13,123.9474105834961,124.23603160712076,119.87686780772502,120.35458719688465,44297900
2023-07-14,124.82322692871094,126.17675640796054,122.90240991720911,124.20618186143912,33266800
2023-07-17,124.05689239501953,126.49523177773591,123.60902902733594,125.34075523343135,25716200
2023-07-18,123.17112731933594,124.08674795318163,122.37493084193565,124.00712678682312,26226400
2023-07-19,121.44935607910156,124.5843692790778,121.22045471640399,124.00712721064436,37224000
2023-07-20,118.6328125,123.4995440064544,117.65747984586895,120.84225038010163,37906800
2023-07-21,119.44891357421875,120.41429930342547,118.16505837628159,120.04606470909158,72937900
2023-07-24,120.95173645019531,122.41474313178708,120.40435800830701,121.08112274560483,29686100
2023-07-25,121.62850189208984,122.56403163253377,120.44416169668466,120.78254786384007,52509600
2023-07-26,128.6549072265625,130.35676214061976,127.70943058695467,129.45110367587904,61682100
2023-07-27,128.7843017578125,132.60604237254472,128.17720356321126,131.04350522771372,44952100
2023-07-28,131.9491424560547,133.10362643815824,129.94871216599972,130.1577044124772,36591200
2023-07-31,132.0885009765625,132.89464445399818,131.15297119764708,132.0984479281434,28055500
2023-08-01,130.92405700683594,131.99891993360347,130.05818634611023,130.15771659691958,23166800
2023-08-02,127.76913452148438,129.4709893270976,126.95302903673739,128.8340352454686,26273300
2023-08-03,127.83880615234375,128.7743358739839,126.81370831340226,127.36109434055177,20089500
2023-08-04,127.50042724609375,130.88424328208276,127.30138192389168,128.6648583264697,26130000
2023-08-07,130.90414428710938,130.9837654483107,128.4060929974258,128.54542623298215,22746300
2023-08-08,130.77476501464844,130.88424221889798,128.92361467945548,129.998477634037,23535200
2023-08-09,129.0430450439453,131.411710010648,128.38618186414243,131.03352848369946,24912900
2023-08-10,129.07290649414062,131.4216776590085,128.83404300432582,130.6951554251583,20857800
2023-08-11,128.94354248046875,129.31177713630112,127.56015680028686,128.04783081475176,19569200
2023-08-14,130.70510864257812,130.74491163303028,128.34639041402843,128.77433710267465,24695600
2023-08-15,129.1624755859375,130.79467147990303,128.6648547013604,130.47620201058947,19770700
2023-08-16,128.0876007080078,129.66008437897048,127.26155588739324,128.0876007080078,25216100
2023-08-17,129.30181884765625,131.36197675884557,128.6748116249142,129.18239468568078,33446300
2023-08-18,126.853515625,128.63499931194184,125.77865268655036,127.89851493202701,30491300
2023-08-21,127.7591781616211,128.11746579787294,125.95779302992129,126.57484564637545,25248700
2023-08-22,128.4658203125,129.66010749983826,127.70944197062904,127.89852516645765,22067500
2023-08-23,131.74014282226562,132.77520272479933,129.25203849949906,129.56056100573272,27819700
2023-08-24,129.1624755859375,133.6112075089515,128.95348331867828,133.3126319409684,28500700
2023-08-25,129.2620086669922,130.13781111641472,126.64451789723837,128.92361491657198,26762900
2023-08-28,130.38661193847656,131.90933055130816,129.52075650385797,130.6851874909537,20543300
2023-08-29,133.9296875,135.92017096898465,131.61077243629086,131.61077243629086,43075600
2023-08-30,135.2334747314453,135.6315654184423,133.43208931557663,134.1387025629242,28315800
2023-08-31,135.52207946777344,137.34337385647325,135.14388270916908,135.36283712876264,30053800
2023-09-01,135.01449584960938,136.80593398907862,134.2083524833941,136.80593398907862,21524600
2023-09-05,135.1239776611328,135.77087872900177,133.93963753997775,134.7955460588322,19403100
2023-09-06,133.82022094726562,135.88036360473524,133.03397141020704,135.37279574679286,18684500
2023-09-07,134.6163787841797,134.93486339840587,132.31737302514523,132.9543270674153,18844300
2023-09-08,135.73106384277344,136.00973029553754,134.20834530224724,134.2680573726706,23558300
2023-09-11,136.2685089111328,136.825841903566,135.143880788854,135.8903121579024,20763400
2023-09-12,134.6959991455078,136.2187176311378,134.5467189748312,135.61161962674936,18405500
2023-09-13,136.0595245361328,136.2486077375473,133.5116925587083,134.4472223587194,20749500
2023-09-14,137.44288635253906,138.04002226738112,135.59173616278034,136.94526549707902,24751000
2023-09-15,136.7462158203125,137.86089695130053,135.83059519619755,137.32345788063844,38908400
2023-09-18,137.5523681640625,138.4978447839275,135.95997529868072,135.95997529868072,21861300
2023-09-19,137.3831787109375,137.75142852316634,135.96993710197103,136.7661336216356,20353700
2023-09-20,133.1036376953125,137.4229832645566,132.98419835818402,137.4229832645566,29927500
2023-09-21,129.81935119628906,131.6008274512888,129.45111656611377,130.81459306049098,31488700
2023-09-22,129.6302490234375,131.4017782750434,128.9833479050883,130.1378168923183,26397300
2023-09-25,130.4861602783203,130.54587235985892,128.34639636353074,129.2122519182116,20094600
2023-09-26,127.95824432373047,129.73972044721884,126.61466183176898,129.1525314353715,25718700
2023-09-27,129.91885375976562,130.27714140382253,127.95824144738631,127.95824144738631,22746500
2023-09-28,131.68043518066406,132.6657299926707,129.17242168676438,129.22218681213153,22513100
2023-09-29,130.23733520507812,133.41215879768615,129.739714333163,132.64581840280536,30848100
2023-10-02,133.53158569335938,133.78039613443357,130.545860400469,130.58567857530397,22288000
2023-10-03,131.79986572265625,133.62116005886995,131.21267669893393,133.3026905762113,22989400
2023-10-04,134.5965118408203,134.9249434701971,131.8993997738575,132.15815718510046,26752300
2023-10-05,134.42733764648438,134.84533744367246,132.8150353588309,134.42733764648438,19832600
2023-10-06,136.9253692626953,137.50261133155155,133.37234873185216,133.37234873185216,27583200
2023-10-09,137.76136779785156,138.27889778472175,134.96474077645817,136.28841418957376,19278100
2023-10-10,137.40306091308594,139.05516571052343,136.67653875466874,137.84096967252069,27786600
2023-10-11,139.88124084472656,140.43857383416284,137.9206132443408,137.9206132443408,25884300
2023-10-12,138.30874633789062,140.54804026123193,137.60211801793758,140.37885098714375,24765500
2023-10-13,136.7064208984375,139.33385877066547,135.96993646362293,138.71681368426044,23420500
2023-10-16,138.43814086914062,138.9656178098258,137.33342186038425,137.51255809555218,28501900
2023-10-17,139.05517578125,139.23431200334724,136.5272532818645,137.9703659398381,23515800
2023-10-18,137.30357360839844,140.0504356733887,136.7263315075888,138.7864742597851,23375000
2023-10-19,137.09457397460938,138.99548967948655,136.72633932514654,137.8410054118577,26066000
2023-10-20,134.95480346679688,137.21399157463526,134.43727344295388,136.67656764747252,26315200
2023-10-23,135.85049438476562,137.00497842129087,133.31262496891244,134.39743479587233,26317900
2023-10-24,138.14950561523438,138.6968916178538,136.76612018289654,137.17417294722958,44814300
2023-10-25,125.01232147216797,127.69947125982357,124.4748899960184,127.55019106624778,84366200
2023-10-26,121.69817352294922,123.73842237481327,120.69297711748168,122.68346083906891,57061100
2023-10-27,121.58869171142578,122.72326678236502,119.63801864923039,122.29531249468846,44566500
2023-10-30,123.86779022216797,124.80331991907411,122.16592770060555,122.62373800525754,28940100
2023-10-31,123.4896011352539,124.7734639348329,122.10621567689739,124.46493382160276,26292300
2023-11-01,125.84832763671875,125.88813822149176,123.13132166552205,123.47965479092001,30082400
2023-11-02,126.88338470458984,128.36629297445822,126.3260516835586,127.80895995342698,27124600
2023-11-03,128.4857177734375,128.91366444247774,127.25161251937237,127.41085484625512,26380100
2023-11-06,129.6302490234375,129.7198171439132,128.0577651016171,128.43596185853923,19052700
2023-11-07,130.34681701660156,131.28234671869467,129.26200712212525,130.08805962107587,29757300
2023-11-08,131.21267700195312,131.580926799427,130.15772310979614,130.34682148408558,26425800
2023-11-09,129.62030029296875,131.91930647073386,129.45111100566407,131.33211744076144,23747800
2023-11-10,131.9591064453125,132.16811390496133,128.79424481480643,129.48096408570086,26913300
2023-11-13,131.46148681640625,131.95910772056664,130.62548734210117,131.15296428561638,18324800
2023-11-14,132.98419189453125,135.05429646532818,132.68563153168148,133.55148695631235,32395200
2023-11-15,133.9794464111328,134.38749919428832,132.93445466887385,134.2282568614201,23861500
2023-11-16,136.27845764160156,136.5670862789989,133.6808910221372,134.54674656195866,28013200
2023-11-17,134.6661834716797,135.41261492113725,133.01407821886215,135.3529028349705,37240600
2023-11-20,135.60169982910156,136.0097526255653,132.98420894713303,133.05388316485448,27815500
2023-11-21,136.31826782226562,136.52726009180356,135.31307909148632,135.6414955150459,22635300
2023-11-22,137.83103942871094,138.75660699373168,136.81588856208788,136.81588856208788,17813900
2023-11-24,136.03961181640625,137.47276251978383,135.3429455539826,137.37323225964377,12514300
2023-11-27,135.7609405517578,137.76137114648046,135.35288776014943,135.3827437999076,23436500
2023-11-28,136.5471649169922,136.59693004167585,134.77563581877808,135.43249901776102,18730000
2023-11-29,134.34771728515625,137.6320035953504,134.19842187984656,136.91544335737478,23967200
2023-11-30,131.89939880371094,134.9050333890216,130.65534651348793,134.4074124729324,38988300
2023-12-01,131.23257446289062,131.48138489413483,130.04823438037886,131.23257446289062,31431200
2023-12-04,128.6549072265625,129.41128550101195,127.29142327486284,129.26200531072064,36669900
2023-12-05,130.36672973632812,131.51125173964408,127.63976171874135,128.33642794624606,27384800
2023-12-06,129.40133666992188,131.2126687592651,129.2620034322801,130.814578133484,23576200
2023-12-07,136.27845764160156,137.90070669775926,134.05907259412004,134.39745117448874,56767100
2023-12-08,134.34771728515625,135.75099690347005,133.39227832421028,133.5614676346116,32233900
2023-12-11,132.65577697753906,132.70554210632815,130.73496753299872,131.75011845279244,31138000
2023-12-12,131.88946533203125,132.36717720816904,130.63545077616277,131.18283687704292,29032800
2023-12-13,131.939208984375,132.86477654283303,130.94396721251857,132.74535238978922,30104800
2023-12-14,131.31219482421875,133.08372386900336,129.07290095664663,132.74534532925426,38722400
2023-12-15,131.96908569335938,132.87474430610476,130.55582879211832,130.99373767011565,50815200
2023-12-18,135.1538543701172,136.49742183645682,131.79987880793016,131.9989393388128,32258000
2023-12-19,135.99978637695312,136.81589194521072,135.43250644576105,136.18888474941207,25476800
2023-12-20,137.68174743652344,141.02576050336694,137.41304308366068,138.30875463223933,49107200
2023-12-21,139.75186157226562,140.02058112931533,138.51775618635745,138.8262939224738,27488300
2023-12-22,140.81675720214844,141.3143780648777,140.0404698711855,140.10018194492363,26514600
2023-12-26,140.8466339111328,142.00110294060704,140.51820227118546,140.91629294532333,16780300
2023-12-27,139.70208740234375,141.40395757196106,139.2243755877538,140.91628362015615,19628600
2023-12-28,139.562744140625,140.4684177634693,139.08503236032027,140.11013013169483,16045700
2023-12-29,139.02532958984375,139.6921397740678,138.11965590639036,138.9656175115826,18727200
2024-01-02,137.51255798339844,138.78646627528045,135.83059690794266,137.89075472780192,23711200
2024-01-03,138.25900268554688,138.96563111524162,136.42776123741183,136.59695053777565,24212100
2024-01-04,135.7410430908203,138.49786742539402,135.70124009646156,137.7613829471732,27137700
2024-01-05,135.08416748046875,136.50737117465926,134.50692540464604,136.09931838527314,22506000
2024-01-08,138.17938232421875,138.34857162557788,135.6116563892304,135.6415124314593,21404000
2024-01-09,140.27932739257812,140.8167664639369,137.49264734077235,137.84098804206727,24759600
2024-01-10,141.60301208496094,142.31958744643927,140.23953558229127,140.3291037059296,21320200
2024-01-11,141.40396118164062,144.5290199237723,139.97081051510136,142.80725580814243,24008700
2024-01-12,141.9712371826172,142.51862321173218,141.14519984962567,141.9911462708172,18768600
2024-01-16,141.81201171875,143.66316210251998,140.77695172665017,141.3243377622621,22670500
2024-01-17,140.79685974121094,141.16509435045725,138.2390810062168,140.67743558387372,20968600
2024-01-18,142.7972869873047,143.5238244240393,141.3143864475642,141.37409852484444,25746400
2024-01-19,145.68350219726562,145.75316122771846,143.69301856100813,144.05130622298188,33300700
2024-01-22,145.29534912109375,147.68392325601644,145.1460537462961,146.40006807538688,32200400
2024-01-23,146.34034729003906,146.479680534306,144.80768160310274,145.19582529685954,21636100
2024-01-24,147.99244689941406,149.1369840368619,147.39531095421805,147.83320457288815,25233500
2024-01-25,151.14736938476562,152.3217626217301,148.82845413653732,149.3559462690805,29149100
2024-01-26,151.46583557128906,151.81416105186207,150.2914424776346,150.38102577143502,26115500
2024-01-29,152.77955627441406,153.04827580027492,150.70945160260163,151.33645876754892,27784300
2024-01-30,150.73931884765625,152.88902943924788,150.47059932888845,152.07293911887135,36331800
2024-01-31,139.43338012695312,143.314817013255,139.20446358239303,142.93662027544656,71910000
2024-02-01,140.48834228515625,142.37929571349378,140.12009247642374,141.44376595073413,40466500
2024-02-02,141.70252990722656,141.94137821596175,135.8505033642639,138.5973652180094,62470600
2024-02-05,142.996337890625,144.7778292586984,142.10062632407735,142.14044450127528,38505400
2024-02-06,143.4143524169922,144.6683516438696,142.5086787155993,143.9617232693515,29128200
2024-02-07,144.8474884033203,144.9271095715937,143.24514845900856,144.07120099538642,25208900
2024-02-08,145.21572875976562,145.6337284763745,144.40958536443537,145.13610759667097,22563800
2024-02-09,148.29103088378906,148.72893971350393,145.4844416676264,145.98206257663242,26829500
2024-02-12,146.82801818847656,148.62940337557924,146.66877585942618,147.71378276281595,21564100
2024-02-13,144.4493865966797,145.97210525516456,143.00628910032142,144.23043219737744,27837700
2024-02-14,145.24559020996094,145.82283227426896,143.40438681197526,145.38492345402256,22704200
2024-02-15,142.09066772460938,142.83709903093674,139.79166173091048,142.45890230948538,37590700
2024-02-16,139.85137939453125,142.5086731289085,139.47318265796596,142.30962780983683,31451100
2024-02-20,140.44851684570312,141.40395564806843,138.82628305113792,138.99547233345777,25144700
2024-02-21,141.8717041015625,142.01103732890303,140.01059183886358,140.77693218232784,23315700
2024-02-22,143.40438842773438,144.31006211743158,142.1205331777144,144.2403879015234,27191900
2024-02-23,143.27500915527344,143.99156924470117,142.74751705595645,142.98638054322166,19493800
2024-02-26,136.9154052734375,141.762227397812,136.73625387413543,141.4636518564305,53641800
2024-02-27,138.2191925048828,138.5874271285175,136.43770109534037,137.36328390942444,33099200
2024-02-28,135.73106384277344,137.35329743861095,134.76567820777544,137.24382024744057,37328600
2024-02-29,137.80117797851562,138.19926859997335,135.75096723807542,136.62678482870294,42133000
2024-03-01,136.48745727539062,138.20922130484942,136.26850286861733,137.7713124913028,31119500
2024-03-04,132.71551513671875,135.01452152533,131.28236435260098,135.01452152533,55999400
2024-03-05,132.0387420654297,132.60603724215898,130.048258250132,131.2525076403091,40194800
2024-03-06,130.77476501464844,132.94440001172532,130.22739417958527,132.4865821068133,35318600
2024-03-07,133.7406005859375,134.29793357515936,130.98377649333827,132.1581545511722,37738200
2024-03-08,134.76568603515625,137.43292657686754,133.36239155397143,133.57139899877532,39343100
2024-03-11,137.01495361328125,138.4381574589102,135.48228773494432,135.48228773494432,32437800
2024-03-12,137.8409881591797,138.7168057955102,136.37798151039325,136.37798151039325,27563400
2024-03-13,139.1248321533203,140.41864941536429,138.3286509331548,138.3385978832427,23347200
2024-03-14,142.4191131591797,142.90677194087021,139.79167531307277,140.5181976030222,42753400
2024-03-15,140.50823974609375,142.49872348366935,139.36371767146207,141.8219663022628,49460600
2024-03-18,146.977294921875,151.4260267765602,146.4697270944285,147.90287764978802,69273700
2024-03-19,146.3303985595703,148.08201863565114,145.38492190024363,147.45502663716707,24070400
2024-03-20,148.0322723388672,148.15169649653035,146.04178871816205,147.29578793217973,21311500
2024-03-21,146.89768981933594,149.65449855989905,146.20100843853635,148.75878705056255,24755600
2024-03-22,150.0526123046875,150.85875574292584,148.2711209562635,148.41045420254932,29175700
2024-03-25,149.35594177246094,149.6644642956251,147.11664775908744,149.22655548099812,19229300
2024-03-26,149.9530792236328,151.53551003081748,149.26635995623974,149.505223453737,22149100
2024-03-27,150.15211486816406,150.91845525200065,148.19148744617945,150.46063737451573,22879200
2024-03-28,150.2118377685547,150.70945866916398,149.45545946665504,150.13223178829975,24485400
2024-04-01,154.75015258789062,154.99896303730998,149.89336775564567,149.972988921802,31730800
2024-04-02,153.82456970214844,153.96390294626983,151.4260333268872,152.7696158272029,24586000
2024-04-03,154.182861328125,154.34210366441846,152.00327930693646,152.8691500191665,24705000
2024-04-04,149.81375122070312,154.03358204033015,149.73413005208545,152.7696206660751,34724700
2024-04-05,151.7743682861328,152.6899888823038,148.8881732587718,149.31611992588236,23449300
2024-04-08,154.1132049560547,154.5312047063974,151.8838577680416,152.0530470584528,20702000
2024-04-09,155.8548583984375,157.80552365250796,154.45156393780977,155.34727540542815,31113000
2024-04-10,155.3970489501953,155.86481379575542,153.9439892879095,155.46672316327985,22838600
2024-04-11,158.65150451660156,158.92020887792125,155.71554414142938,156.1633999298141,27166400
2024-04-12,156.9794921875,159.4576498521726,156.39230314278245,157.20840874623565,25329200
2024-04-15,154.12313842773438,158.48230216405906,153.8544189023788,158.10410543846115,27136500
2024-04-16,153.6653289794922,154.9093812386726,152.6999432114734,153.45633670421336,20779500
2024-04-17,154.73023986816406,156.33257973226392,153.84447529646815,154.8795200598381,21763100
2024-04-18,155.26766967773438,156.19325246003623,153.88428416601494,154.6008594858019,19883000
2024-04-19,153.3568115234375,155.6160147529958,151.57533531126506,155.45677241386718,32239100
2024-04-22,155.536376953125,156.88990631862524,153.3269390890557,153.57574952252133,26446200
2024-04-23,157.5069580078125,158.21358635071638,155.53638354340058,156.21315584791824,21151600
2024-04-24,158.37283325195312,158.8107420758396,156.42215263269097,156.74063729958468,22779100
2024-04-25,155.25772094726562,155.74539489675468,150.15212564884374,150.60994355919925,57109700
2024-04-26,171.13182067871094,173.8786977049699,168.84276155222324,173.54030395897186,64665300
2024-04-29,165.3594207763672,168.74325204452023,164.4239062306873,168.25557809024173,45610000
2024-04-30,162.00547790527344,167.30017218886394,161.8263416497257,164.8220143504815,33562900
2024-05-01,163.08033752441406,166.32482063513214,162.31399701312128,163.51824638800994,33493200
2024-05-02,165.8271942138672,165.93667142615246,163.1101881822967,164.0058997837683,24294500
2024-05-03,166.44424438476562,167.16081969689057,162.27417880581723,166.7627138644963,34662400
2024-05-06,167.30015563964844,167.3399586304374,165.2399977875199,166.66320148373052,21871300
2024-05-07,170.43515014648438,170.94271797332505,167.58875812637166,167.69823532661383,28039700
2024-05-08,168.57406616210938,169.34039143777946,167.93711199783866,168.19586940682248,19569100
2024-05-09,169.1512908935547,169.87781310338192,167.3797466451611,168.5839958188216,15346700
2024-05-10,167.84751892089844,169.0418211972959,165.39923266388908,167.2304738812949,29799900
2024-05-13,168.335205078125,168.474538328996,163.2196626015956,163.47842001430308,31327600
2024-05-14,169.5294952392578,170.43516897895464,167.99682945269723,168.9622152743634,25127100
2024-05-15,171.68914794921875,171.82848118606026,169.69866445937762,169.81810379537313,26948400
2024-05-16,173.3511962890625,174.28672593990896,171.86829583867203,172.46543176167918,27867900
2024-05-17,175.22225952148438,175.43126697024482,172.8635414410171,173.35120017781833,24479300
2024-05-20,176.07818603515625,177.91938952957375,175.24218652700162,175.35166373779703,22554400
2024-05-21,177.00375366210938,177.3023140421263,174.9734519608894,176.05826183810862,16989400
2024-05-22,175.54074096679688,176.3070661638398,174.3763099665658,175.79949834923147,17880000
2024-05-23,172.72421264648438,177.40184593977742,172.12706150853876,176.22746793765114,21024900
2024-05-24,174.15736389160156,174.93365126217552,172.82372836993727,174.14740175468117,16572500
2024-05-28,175.56065368652344,176.42652440990983,173.54031397559726,173.61993514476987,20572200
2024-05-29,175.06301879882812,175.99854847921964,173.88864081616407,174.59525395863238,23388700
2024-05-30,171.2910614013672,174.3862639091637,170.97257674604643,174.36635482166008,22958700
2024-05-31,171.67919921875,172.23653216033742,168.63376194065896,171.0422451160524,37638900
2024-06-03,172.3460235595703,173.69955303760383,170.3455929752159,171.71901635552842,27459100
2024-06-04,172.96307373046875,173.0228009976231,171.07212029758608,172.45550585604707,26879600
2024-06-05,174.5753631591797,175.80945323933747,173.10239440013726,174.36635570479385,22068500
2024-06-06,175.88906860351562,176.30706831231922,174.91373594964054,175.06301613629049,23251000
2024-06-07,173.6298828125,177.02364564681855,173.47064048742553,176.2075553066339,19661400
2024-06-10,174.37716674804688,176.41975708694557,172.13530264029285,174.3373180757214,23779200
2024-06-11,175.98133850097656,176.20054419886765,173.14165320239113,175.58279097950916,21540600
2024-06-12,177.14712524414062,179.75766196578337,175.47320722746744,177.6054686269621,27864700
2024-06-13,174.52664184570312,176.100930541289,174.24765551520585,175.47320369586276,20913300
2024-06-14,176.15072631835938,176.419754263997,173.52027308216327,173.59002726213419,18063600
2024-06-17,176.59910583496094,177.715051051079,174.17788480631722,174.82554352922475,19618500
2024-06-18,174.45687866210938,176.74856500464978,173.47046818859647,176.49946899358264,21869900
2024-06-20,175.66250610351562,176.64891655489416,174.35724546739127,174.73586105725994,20160100
2024-06-21,178.98046875,180.19605848680078,175.9713847127052,176.3599738775111,58582700
2024-06-24,178.5719451904297,180.23590467855502,178.02393093898397,179.50854860133447,18298000
2024-06-25,183.3645477294922,183.6236020982057,178.77121684563144,178.97049060645827,23235600
2024-06-26,183.21510314941406,183.84281475961373,181.82015636356306,181.96962309255457,19839000
2024-06-27,184.7395782470703,185.37726345815258,183.3546049665816,183.51401486664113,18848900
2024-06-28,181.4913330078125,184.46056816789698,181.30203282563852,183.65349958942755,29156600
2024-07-01,182.32830810546875,183.2150892304388,180.64441676394287,182.36815677467078,16006100
2024-07-02,184.5701904296875,184.89899899691764,180.9034891495935,181.39172281674388,17372500
2024-07-03,185.14808654785156,185.4170992875996,183.33466032731423,184.18159282875,10242100
2024-07-05,189.9108123779297,190.16986676631305,185.1281657368756,185.1879463493014,20967500
2024-07-08,188.34646606445312,189.48234321486567,187.10098606603526,189.2133152781957,21035900
2024-07-09,188.29664611816406,190.6680449292031,188.03759174863737,189.62183867706156,15121400
2024-07-10,190.4886932373047,191.05663943714717,188.3464736353611,188.46603485485895,15952500
2024-07-11,184.8990020751953,190.16986719879003,184.4107683999166,189.16352474556632,25625800
2024-07-12,184.40078735351562,186.43340394870364,183.82288283046884,184.41074571984632,22898400
2024-07-15,185.85549926757812,187.5593225326645,184.25132048016474,184.25132048016474,16474000
2024-07-16,183.2549591064453,187.99774187820162,182.70694481891954,186.6825227917543,18290700
2024-07-17,180.3654327392578,182.88628299827582,179.24947234058598,182.3083784640881,20734100
2024-07-18,177.04747009277344,181.8400745567317,175.83188043287228,181.27212839599844,25315700
2024-07-19,177.017578125,179.63805760345338,176.4894958420638,178.2331677734678,18881900
2024-07-22,181.01307678222656,182.0393510707807,179.5782814108386,179.9369802536856,24100300
2024-07-23,181.13262939453125,182.94605545937614,180.88353341003798,181.39169894871614,36352700
2024-07-24,172.0057830810547,175.5529078595556,171.1987144347076,172.97227682395808,49585200
2024-07-25,166.67510986328125,172.79290685215108,166.58543895453738,171.89616735748663,44852000
2024-07-26,166.39613342285156,167.48218836937892,163.4667619348052,166.54558494627688,41336900
2024-07-29,168.91697692871094,169.81371643996607,167.38255227079114,168.21951117511102,20293800
2024-07-30,169.67422485351562,170.6108282471045,167.83092357369438,169.62441781635252,18959700
2024-07-31,170.91969299316406,173.61990013827557,169.39522679360476,172.61355784032972,25729100
2024-08-01,170.1425323486328,173.42064433790932,168.2693407012315,169.63438196406787,24531400
2024-08-02,166.057373046875,167.90067445744558,164.0745632707895,165.83816733480066,29130100
2024-08-05,158.67416381835938,163.83542602504582,154.36977732002595,154.93772354006205,53630700
2024-08-06,157.71762084960938,159.98939041713092,155.8444292184306,158.7538687510913,49004600
2024-08-07,158.3652801513672,162.3906649427379,157.89697844100593,160.66692482795222,25138600
2024-08-08,161.444091796875,163.0980928190794,159.63068089584155,159.92958392090395,25578800
2024-08-09,163.0781707763672,163.1977319936456,158.48483983468753,159.43140161323996,28602300
2024-08-12,161.70315551757812,164.30371841151174,161.25478575040617,163.75571936475353,15895300
2024-08-13,163.56640625,164.13433724204145,162.3807068200086,162.81911822642027,18551700
2024-08-14,159.7900848388672,162.62978510037354,157.1397151588883,161.8127429859203,40591100
2024-08-15,160.7167510986328,161.05551802843678,159.03285961324696,159.9196408139774,31524300
2024-08-16,162.37074279785156,164.46314006883134,160.54735825938926,160.88612516941268,24208600
2024-08-19,166.06732177734375,166.08725371463413,163.66603265490428,164.68234860612503,22416200
2024-08-20,166.5754852294922,168.03021269363555,166.21680155178487,166.2964988999767,18341500
2024-08-21,165.2502899169922,166.2466739015297,164.07454890935912,164.5528089649255,22902000
2024-08-22,163.20770263671875,166.98399131629145,162.71946900223335,166.65518277106005,22493300
2024-08-23,165.0211181640625,165.57909078821876,163.237597440162,164.12437861861332,13955700
2024-08-26,165.5591583251953,166.94413138700807,163.86530867604202,165.77836400723294,14190400
2024-08-27,164.0845184326172,165.83816409495242,163.86532792843937,165.2403275821356,11821900
2024-08-28,162.26113891601562,165.0011948895807,160.9459047509701,164.44320708392877,16407400
2024-08-29,161.19500732421875,165.36985884682494,159.67054097302747,163.71585770644296,19699800
2024-08-30,162.7892303466797,163.06821666334946,161.10533887588517,162.03196874119254,22123800
2024-09-03,156.79098510742188,161.26475469105404,155.91416233200027,161.1352199073359,38945300
2024-09-04,155.88429260253906,158.425075150391,155.3960741138358,156.09353995742268,19353800
2024-09-05,156.67141723632812,158.87341724428614,155.41596373330302,155.73481389394826,18688700
2024-09-06,150.374267578125,157.25928448946016,150.00561037278717,156.73120219936595,37912100
2024-09-09,148.36888122558594,153.04811005909767,146.8822936520537,152.16015223667844,39260500
2024-09-10,148.31900024414062,150.92301391041104,147.9997269680091,150.10488755816476,31118800
2024-09-11,150.81326293945312,151.15247937146228,147.18161321895167,149.57610185215293,29607700
2024-09-12,154.33517456054688,154.46488123819847,152.29984538660895,153.4472166512295,29695000
2024-09-13,157.0988311767578,158.0167190902818,154.8539921377882,155.07347350460154,29591200
2024-09-16,157.6974334716797,157.88700007819574,156.2407910010188,156.949153850456,18379800
2024-09-17,158.95455932617188,160.18173369132347,158.01671306098063,158.65524442097214,20715600
2024-09-18,159.4434356689453,160.1318554271487,158.23621961441162,159.4933240269204,23677300
2024-09-19,161.76808166503906,163.41429079540828,160.96991366518583,163.3344876968325,26587700
2024-09-20,163.21475219726562,163.35443045510996,161.68826294232812,163.12496229374892,40896400
2024-09-23,161.47874450683594,165.1103942398001,161.29914948564644,163.97300985155823,24150900
2024-09-24,161.917724609375,162.84559924653018,160.32140390143587,162.65603264196153,23332100
2024-09-25,161.11956787109375,162.43653204188453,160.93000127122684,161.09960948590057,18869200
2024-09-26,162.35671997070312,163.70362938299246,161.90775524120266,163.26463623457852,20319300
2024-09-27,163.5739288330078,165.31991468714682,162.25696456225583,162.4365443712631,21101300
2024-09-30,165.46957397460938,165.76887364583845,162.88550343062403,162.9453785886578,20413900
2024-10-01,166.60696411132812,168.7719847422779,164.2024885113937,167.30535540779766,28338100
2024-10-02,165.47955322265625,167.13574919120185,164.3521403294987,166.03826626655388,17760200
2024-10-03,165.47955322265625,166.25776285148348,163.54400073216186,164.0328822574666,15073100
2024-10-04,166.6768035888672,167.84411807380985,165.10042588796134,167.67450983826666,19047400
2024-10-07,162.6061553955078,168.09353960289477,162.37668722767793,167.3352883566198,22463100
2024-10-08,164.00294494628906,164.35213297119705,162.49639888774195,163.5639517960843,23072700
2024-10-09,161.4887237548828,164.46188392429227,159.37359151374716,163.07507293573457,31181800
2024-10-10,161.70822143554688,162.69595604624766,160.0320671165202,160.50099024469034,14144100
2024-10-11,162.8655548095703,163.52402928799188,160.87014254138842,161.75810039177787,15344300
2024-10-14,164.5816192626953,165.84869515872447,163.02518482340258,163.26463978878337,19016100
2024-10-15,165.08047485351562,167.29536861569628,164.25237687914083,165.40970450318616,20247200
2024-10-16,164.78115844726562,165.41968980167007,163.36441748042412,164.1525986742248,16406000
2024-10-17,162.55625915527344,165.9883708197769,162.3866509330354,165.3498394792033,21453400
2024-10-18,163.04515075683594,164.3322003226238,162.7059342913527,162.81568258592537,19757700
2024-10-21,163.69366455078125,164.12267091200812,162.24697837282997,162.57622324771475,20946500
2024-10-22,164.76119995117188,165.38975972379467,162.60615092256947,162.60615092256947,16568100
2024-10-23,162.4066162109375,165.43965162521155,161.5585598399715,164.38207025094962,18280500
2024-10-24,162.34674072265625,162.95534206352698,160.64065656258018,162.45648900457678,22412500
2024-10-25,164.89089965820312,165.21015770980458,163.04513719135548,163.29456372883286,19828900
2024-10-28,166.3375701904297,168.3629124526984,163.5739198981752,168.3629124526984,32138600
2024-10-29,169.290771484375,169.98917796535144,166.70671622088258,167.34524754513916,42169000
2024-10-30,174.059814453125,181.6024702004282,173.660722875302,180.26553244445503,68890800
2024-10-31,170.71751403808594,176.41442332366287,170.60776574356834,172.73288489023227,44769000
2024-11-01,170.89707946777344,171.924730806551,168.49261922011235,169.67989197256162,31796500
2024-11-04,168.85179138183594,170.33836377636248,167.6246018774653,169.54019582543023,21492700
2024-11-05,169.3506622314453,170.1388434605921,168.45271748343447,169.04136050984187,18242100
2024-11-06,176.10511779785156,176.53413938489027,173.1020275837351,173.40134249175,33695500
2024-11-07,180.3354034423828,180.66464832946426,176.78357165271254,177.00306824410018,25352900
2024-11-08,177.94090270996094,180.48504128160124,177.6715177795822,180.23561473741785,22006200
2024-11-11,179.9363250732422,180.13586327493155,178.06063248502642,178.17038077952392,17450400
2024-11-12,181.20338439941406,182.07139909398467,178.9785039683493,179.40752552521292,25134900
2024-11-13,178.46969604492188,180.54492683890805,178.130464355215,180.04607372180914,23184000
2024-11-14,175.17724609375,178.40981947170926,173.9201418364374,177.8710496301556,31007500
2024-11-15,172.09434509277344,173.7405542062273,170.8272539769183,173.3314910172349,32504600
2024-11-18,174.89788818359375,175.03756643328137,172.5033843297936,173.02219578168507,20206600
2024-11-19,177.71142578125,178.45970544097182,173.16188788594766,173.32152453373092,23434900
2024-11-20,175.57632446289062,177.27242187746617,173.38137397204065,176.9332054393086,18997100
2024-11-21,167.24549865722656,173.73058909215166,163.32450529327863,173.50110570024947,59734400
2024-11-22,164.38206481933594,166.0781775052239,163.52403689515066,165.4695761261647,38604600
2024-11-25,167.2654266357422,168.2431896044489,165.2301128286344,165.70900750846198,33135300
2024-11-26,168.73207092285156,169.43047745533647,167.19561004372002,167.24549839943876,20486700
2024-11-27,168.84181213378906,169.09123867813173,167.6345961844918,168.61234397565445,19266500
2024-11-29,168.5624542236328,169.0413489221372,166.7765668794217,168.1134894922982,14257200
2024-12-02,171.0966339111328,171.6852768885628,168.18333376692627,168.38287195306333,23789100
2024-12-03,170.94696044921875,172.28388297677475,170.4580942007859,171.0966254993042,22248700
2024-12-04,173.9700164794922,174.50878632573773,170.6676115592613,170.75740145903967,31615100
2024-12-05,172.24398803710938,175.65614122166315,171.93470156837253,174.95774996584004,21356200
2024-12-06,174.30926513671875,174.6784115765489,171.4657962428472,171.6354044780067,21462400
2024-12-09,175.1682586669922,176.05723424799297,173.45023604553785,173.75989224042516,25389600
2024-12-10,184.9569854736328,186.14561898038454,180.8417298459591,182.6396622409938,54813000
2024-12-11,195.1752166748047,195.3849818086967,184.637364997593,185.0968273042346,67894100
2024-12-12,191.7391815185547,194.9554633024938,191.48946911126617,194.77567768503926,34817500
2024-12-13,189.6016387939453,192.50827955283287,189.42183794011777,190.7902570178538,25143500
2024-12-16,196.43377685546875,198.77108139081074,192.39841571324646,192.648128127054,44934900
2024-12-17,195.1951904296875,201.18828813489583,194.7556941593745,197.02308705872431,43504000
2024-12-18,188.18325805664062,196.77337069091053,187.52402890568504,194.99541962680925,34166100
2024-12-19,188.2931365966797,192.8079411518366,188.16329650997008,191.40955777871685,32265200
2024-12-20,191.18980407714844,192.66809720587494,185.00692266360085,185.56627599656574,63462900
2024-12-23,194.40611267089844,194.87557322669755,189.93125525567427,192.3984151157297,25675000
2024-12-24,195.8843994140625,195.8843994140625,193.55707797257898,194.61585613024195,10403300
2024-12-26,195.375,196.52367101490134,194.1564021929594,194.92550545907343,12046600
2024-12-27,192.5382537841797,195.09532170060632,190.43068040496257,194.72573696465102,18891400
2024-12-30,191.02000427246094,192.32849481864238,188.90243274221342,189.58165840021294,14264700
2024-12-31,189.08224487304688,191.73918864322025,188.29314510160168,190.8601960597075,17466900
2025-01-02,189.2120819091797,191.7791328258186,187.2843094002135,190.43067970164262,20370800
2025-01-03,191.56936645507812,192.9877463613902,189.76145103861666,191.14985143368122,18596200
2025-01-06,196.64352416992188,197.99197728329852,193.6270092243641,193.75684931380115,29563600
2025-01-07,195.26512145996094,200.7687774852745,194.37614589069548,196.8832529983184,26487200
2025-01-08,193.7268829345703,196.06418741382137,192.1586969389352,192.3484808074723,24864800
2025-01-10,191.81907653808594,196.29393386115163,190.09107094303815,194.07648645979594,26665200
2025-01-13,190.79026794433594,190.96007055747594,187.14447278422705,189.8513620671916,21823700
2025-01-14,189.4418182373047,191.75914137705388,188.0933651847724,191.02000242961614,17174900
2025-01-15,195.32504272460938,196.1341084636535,191.6392852545324,192.8678659974796,21776000
2025-01-16,192.68807983398438,195.2551153784116,192.58818877757312,193.91666057341888,17815400
2025-01-17,195.77452087402344,197.00310160992169,193.52710928235737,196.3039099407615,27735100
2025-01-21,197.82217407226562,202.05728678766425,197.6423732117847,198.84100497169504,29971300
2025-01-22,198.1417999267578,200.24937329507208,197.30276987978317,198.83100862292844,26200600
2025-01-23,197.7522430419922,200.06958147081755,194.97544232412307,197.91206263871854,26951400
2025-01-24,199.9796905517578,200.66888399183227,197.77222616967978,197.87211722888603,23877500
2025-01-27,191.58934020996094,196.65351502081776,190.5105808080997,192.18865606918456,41728900
2025-01-28,195.07533264160156,195.2551182563093,190.4606370613745,192.52826307792662,24157900
2025-01-29,195.18521118164062,196.5636133163606,193.20747792712066,195.33503253066368,18218300
2025-01-30,200.638916015625,201.16830508891937,197.44260031613962,197.7722225159478,24354700
2025-01-31,203.78530883789062,205.24362078448016,201.56786140671954,201.76762828746982,32042000
2025-02-03,200.99850463867188,203.5156099470352,199.8698149328218,200.45913255035472,27838300
2025-02-04,206.14259338378906,206.81182081300247,202.57669285659674,203.15602747619252,43856400
2025-02-05,191.1099090576172,192.52827375908595,187.81370210065404,190.85021363044225,70373900
2025-02-06,191.3795928955078,191.87901770448227,188.50290111861952,189.28200260132084,29297400
2025-02-07,185.1267852783203,190.9600634127379,183.02921021692137,190.83022332592188,49315000
2025-02-10,186.2554931640625,187.98349876976383,185.64619427540677,187.1344857224474,23105600
2025-02-11,185.10682678222656,186.72495835838524,184.06801459806726,184.81715184499055,21239500
2025-02-12,183.39878845214844,184.8970629566076,181.62083725948915,183.0092376906385,22072600
2025-02-13,185.92587280273438,186.06571114375504,182.9293238598035,184.10797436946572,21402500
2025-02-14,185.01690673828125,186.1855589387927,184.1079651875959,184.8471041355986,20448400
2025-02-18,183.55859375,185.74607679460826,181.5309302979739,185.386490331916,29916700
2025-02-19,185.05686950683594,185.246653369277,183.3787942547783,183.8582530360721,19549400
2025-02-20,184.34768676757812,185.09682399614678,182.5098070913863,184.58741616756504,20441500
2025-02-21,179.4533233642578,185.12678179449694,178.87398876546825,184.93699793129608,35199200
2025-02-24,179.04379272460938,182.90933584096624,178.68420625509464,181.78064614487357,29854200
2025-02-25,175.21820068359375,178.53438877889693,174.48904471950055,177.8351818432405,41913400
2025-02-26,172.5312957763672,175.87744820035027,171.38262477536554,174.8686155406987,35431300
2025-02-27,168.30616760253906,174.3591940996765,167.746814231894,173.78985771928288,39991000
2025-02-28,170.0841064453125,170.41372863795183,166.5781498819881,168.48594100971005,48130600
2025-03-03,166.81787109375,173.17055534541237,165.73911166521458,171.7322094406985,40770500
2025-03-04,170.72337341308594,173.09064211021553,165.60926829005186,166.04876455679425,45388000
2025-03-05,172.8209686279297,173.58008886593674,168.86551735545183,170.32384453302183,30954900
2025-03-06,172.1517333984375,174.60889486138916,170.30385555544734,170.33381982392953,28302000
2025-03-07,173.66000366210938,174.76872740179581,170.07413701655315,171.06298843219486,27385800
2025-03-10,165.8699951171875,168.4600067138672,163.69000244140625,168.25999450683594,43604000
2025-03-11,164.0399932861328,166.75,161.3699951171875,164.91000366210938,39587400
2025-03-12,167.11000061035156,167.63999938964844,163.52999877929688,166.5800018310547,28372400
2025-03-13,162.75999450683594,166.1300048828125,162.11000061035156,166.0399932861328,31756200
2025-03-14,165.49000549316406,166.49000549316406,162.4499969482422,163.27000427246094,31995900
2025-03-17,164.2899932861328,166.3000030517578,163.6699981689453,165.02999877929688,31184300
2025-03-18,160.6699981689453,164.25,156.72000122070312,163.67999267578125,42074800
2025-03-19,163.88999938964844,165.8699951171875,161.0,161.75999450683594,34275600
2025-03-20,162.8000030517578,164.88999938964844,160.9600067138672,161.57000732421875,28138500
2025-03-21,163.99000549316406,164.24000549316406,160.88999938964844,161.2100067138672,36625800
2025-03-24,167.67999267578125,168.32000732421875,165.13999938964844,167.07000732421875,30879100
2025-03-25,170.55999755859375,170.6300048828125,168.32000732421875,168.97999572753906,24174400
2025-03-26,165.05999755859375,169.61000061035156,164.83999633789062,169.0,28901600
2025-03-27,162.24000549316406,165.4199981689453,162.0,164.6300048828125,24508300
2025-03-28,154.3300018310547,161.82000732421875,153.6300048828125,160.49000549316406,48669300
2025-03-31,154.63999938964844,155.5399932861328,150.66000366210938,153.11000061035156,54603500
2025-04-01,157.07000732421875,158.10000610351562,153.6199951171875,153.6199951171875,30672900
2025-04-02,157.0399932861328,158.41000366210938,154.6999969482422,155.14999389648438,25041700
2025-04-03,150.72000122070312,152.77999877929688,150.38999938964844,151.11000061035156,46883400
2025-04-04,145.60000610351562,151.07000732421875,145.3800048828125,148.00999450683594,62138600
