Price,Close,High,Low,Open,Volume
Ticker,MSFT,MSFT,MSFT,MSFT,MSFT
Date,,,,,
2020-01-02,153.32325744628906,153.42826088554256,151.1372952944172,151.5668495220527,22622100
2020-01-03,151.41415405273438,152.68373612521492,150.87959624655474,151.12779420342943,21116200
2020-01-06,151.8054962158203,151.8723232086729,149.3999720884019,149.94408480527218,20813700
2020-01-07,150.4213409423828,152.4163913806182,150.17315765832723,152.082300178882,21634100
2020-01-08,152.8173065185547,153.4950585087182,150.77452464486916,151.71000038294167,27746500
2020-01-09,154.72645568847656,154.8505546161972,153.71461245949803,154.48781286784572,21385000
2020-01-10,154.01052856445312,155.80512725217918,153.85779366217815,155.4233045620937,20725900
2020-01-13,155.86239624023438,155.89103221316708,153.93415819102395,154.41144382737096,21626500
2020-01-14,154.76466369628906,156.1678848009803,154.37328593172,155.96741840076578,23477400
2020-01-15,155.76693725585938,156.49242076357814,155.18466274765657,155.2323796600258,21417900
2020-01-16,158.62112426757812,158.68795125558384,156.57834209956698,156.88381193227306,23865400
2020-01-17,159.50889587402344,159.86208265119686,157.91474872726818,159.8143511653507,34371700
2020-01-21,158.9361572265625,160.54938541719685,158.8693302290307,159.10797310774927,29517200
2020-01-22,158.17250061035156,159.88119181662015,158.15340510126097,159.7952693085153,24138800
2020-01-23,159.14614868164062,159.22251614329255,157.76202303250872,158.64022699310001,19680800
2020-01-24,157.54246520996094,159.91935335669822,156.97927155195472,159.90025784938828,24918100
2020-01-27,154.90786743164062,155.95790194568534,152.92235689228698,153.82919693681342,32078100
2020-01-28,157.9434051513672,158.22976494589605,155.66197987278883,156.3397174739805,24899900
2020-01-29,160.40618896484375,161.08394114088054,158.16295467202275,160.21527757735336,34754500
2020-01-30,164.93081665039062,166.14312619597655,163.03121465105528,166.14312619597655,51597500
2020-01-31,162.4967041015625,164.56812253080582,161.87623844618003,164.38676617897787,36142700
2020-02-03,166.4582061767578,166.57275011182895,162.6590005866835,162.68763657045128,30107000
2020-02-04,171.9373779296875,172.4337590841562,168.30046360645028,169.09275953348234,36433300
2020-02-05,171.72738647460938,175.83204634656084,170.3050844317914,175.66977095885156,39186300
2020-02-06,175.2879638671875,175.46933477716024,171.8801367244904,172.74880025877843,27751400
2020-02-07,175.53611755371094,177.19707687616415,174.19016851132312,174.5433698005128,33529100
2020-02-10,180.1276397705078,180.2612791983537,174.9252279903285,175.24023833430923,35844300
2020-02-11,176.06112670898438,182.03673759315643,175.1638273880534,181.9890061167151,53159900
2020-02-12,176.3188934326172,177.40710426901245,173.58881858824256,177.1493659071914,47062900
2020-02-13,175.3643035888672,177.76981282779755,174.562452610288,174.7629189963334,35295800
2020-02-14,176.92984008789062,176.98711204957445,174.35248528727305,174.92523403532266,23149500
2020-02-18,178.72439575195312,179.17304546668734,177.0729913396611,177.17799477429256,27792200
2020-02-19,179.26043701171875,180.12189205359857,178.48512455294917,180.00703527611827,29997500
2020-02-20,176.5229034423828,179.23172105937135,173.3450775850241,178.94456451309836,36862400
2020-02-21,170.94252014160156,175.64227050341614,169.65990434185565,175.3263998174394,48572600
2020-02-24,163.572265625,167.07554313301836,156.2402733599048,160.58587278820414,68311100
2020-02-25,160.87306213378906,167.3531526661857,160.47103414954202,166.7405587643012,68073300
2020-02-26,162.88308715820312,165.8407656458263,161.00702520579085,162.4427931635171,56206100
2020-02-27,151.40647888183594,159.8775139321569,151.21504611459255,156.3263900928328,93174900
2020-02-28,155.072509765625,156.6997251752608,145.49115661738037,145.88360337407545,97012700
2020-03-02,165.3909454345703,165.5153833726161,155.35971406194287,158.23125093087526,71030800
2020-03-03,157.46546936035156,167.50627960732479,155.31181719397168,166.35766803966655,71677000
2020-03-04,163.246826171875,163.39039713117188,158.5279277026881,161.2750404354644,49814400
2020-03-05,159.15011596679688,163.5531294844052,158.59495053526152,158.93953547189074,47817300
2020-03-06,154.6513671875,156.12541593642464,149.31987490003448,155.64682659379633,72821100
2020-03-09,144.17027282714844,150.99496265942608,143.57682661752085,144.53400546163766,70419300
2020-03-10,154.02919006347656,154.13448030155593,146.04632344854542,151.38738218810445,65354400
2020-03-11,147.05136108398438,150.94707060556502,144.67754750947486,150.40148636834232,56371600
2020-03-12,133.10525512695312,146.8982023979123,132.64581348380904,139.07805490937238,93226400
2020-03-13,152.02867126464844,154.97678295935205,134.70373362014425,141.18383651086268,92727400
2020-03-16,129.6211700439453,142.95468024638834,129.2191566425931,134.00505133305953,87905900
2020-03-17,140.2936553955078,141.18382436225824,129.21909348410074,134.00498583536375,81059800
2020-03-18,134.38787841796875,139.7480847719235,129.23826714365302,132.09065546935233,81593200
2020-03-19,136.59896850585938,143.7203652337005,133.0478293675916,136.6563968867101,85922700
2020-03-20,131.468505859375,140.80099857992752,130.0423042779866,139.7480961231457,84866200
2020-03-23,130.15713500976562,134.55059564997975,126.84530540908241,131.14302774685214,78975200
2020-03-24,141.9879150390625,143.19396980491564,135.22066778616053,137.59446737731713,82516700
2020-03-25,140.6287078857422,147.72140631630424,138.25490854547172,142.53349896031997,75638200
2020-03-26,149.42515563964844,149.95160680414702,142.01658782883592,142.04530201913704,64568100
2020-03-27,143.28964233398438,148.2574019111521,142.81105300447516,145.25186150604966,57042300
2020-03-30,153.3687744140625,153.7229405464795,143.5864046735379,145.91235704624614,63420300
2020-03-31,150.9566650390625,157.72391111486942,149.85590072827637,152.57428483607072,77927200
2020-04-01,145.596435546875,150.99492219682824,144.36168159521696,146.44832390564008,57969900
2020-04-02,148.611572265625,148.82215276585558,143.9214020813381,145.35717025269807,49630700
2020-04-03,147.24278259277344,150.640769470052,145.6730103070818,148.45840347788032,41243300
2020-04-06,158.19293212890625,159.37025787232824,150.83222538941226,153.45490035648226,67111700
2020-04-07,156.4891815185547,162.72041081597885,156.2690198586282,162.32796396695244,62769000
2020-04-08,158.05894470214844,159.53299367239637,156.4987385371966,158.5758148434227,48318200
2020-04-09,158.06849670410156,160.20300120701708,156.33600551975834,159.23625593654953,51385100
2020-04-13,158.42262268066406,158.48006566440998,155.3500875953282,157.31230661980788,41905300
2020-04-14,166.261962890625,166.3098247540783,160.80604638092177,161.76322522842725,52874300
2020-04-15,164.51988220214844,166.13751656730375,161.99293097885268,163.8689930811695,40940800
2020-04-16,169.45895385742188,169.68868206197442,165.49623361258813,166.83629289772387,50479600
2020-04-17,170.95211791992188,172.29216222843243,168.33900961024494,171.813572888909,52765600
2020-04-20,167.563720703125,171.09571286072054,167.49672578100314,169.06649845044674,36669600
2020-04-21,160.6337127685547,166.2331985750058,158.99693100643162,166.07047997263564,56203700
2020-04-22,166.08970642089844,166.5491482576164,163.50532600694498,164.05091044953645,34620200
2020-04-23,164.07958984375,167.56372012764132,163.5914339086313,166.6544031792957,32790800
2020-04-24,167.07557678222656,167.08514331310639,163.40001338046326,164.6921961079911,34277600
2020-04-27,166.59695434570312,169.3249048560136,165.87907032634968,169.02818179820954,33194400
2020-04-28,162.53855895996094,168.14762832221905,162.13654554421586,168.07105225178304,34392700
2020-04-29,169.8321990966797,170.07149375669667,164.51986932861183,165.8024852010101,51286600
2020-04-30,171.53604125976562,172.6750719098896,168.68363755263613,172.2922061827511,53875900
2020-05-01,167.0946807861328,170.99039022327574,166.5586484837286,168.27200641389507,39370500
2020-05-04,171.18186950683594,171.33502163482007,166.3576943184621,167.01815009067673,30372900
2020-05-05,173.01959228515625,175.78583775592836,172.19641813440475,172.88558787016814,36839200
2020-05-06,174.723388671875,176.3123087755195,173.85236717889725,174.28309466098733,32139300
2020-05-07,175.738037109375,176.64735406685838,174.7617106239369,176.28362144170913,28316000
2020-05-08,176.7717742919922,177.07807851947766,175.50830586708815,177.05893085391247,30877800
2020-05-11,178.74354553222656,179.48056257343904,175.0201211851634,175.3072630945256,30892700
2020-05-12,174.69468688964844,179.0307054211164,174.4936875329091,178.80099187055717,32038200
2020-05-13,172.05288696289062,176.16875866805987,168.9803366302558,174.7329904875629,44711500
2020-05-14,172.79945373535156,172.9526058186347,168.15713162286323,169.93748442621697,41873900
2020-05-15,175.3168487548828,179.04983972684337,169.42062464062786,171.3924103645551,46610400
2020-05-18,176.991943359375,178.22669764043815,176.08262637962895,177.79597008217846,35264500
2020-05-19,175.7667236328125,178.60954544769828,175.6327192033904,177.10676792703353,26799100
2020-05-20,178.20477294921875,178.38714578807864,176.55383887100115,177.38889908465646,31261300
2020-05-21,176.0642852783203,179.17418700775042,175.92990762220046,177.95518028333498,29119500
2020-05-22,176.1410675048828,177.05293154116515,175.21001712283223,175.83392486587098,20826900
2020-05-26,174.27896118164062,179.01098721848516,173.82783312527624,178.85740859375179,36073600
2020-05-27,174.5093231201172,174.6821027430199,169.50854156521802,172.96397291656262,39517100
2020-05-28,174.1157989501953,176.75537151482436,173.13676803502756,173.48231266569437,33810200
2020-05-29,175.8915252685547,176.87057087435878,173.1655700836778,175.39240196907681,42130400
2020-06-01,175.4883575439453,175.65152933826198,174.17337537170522,175.2099944595918,22622400
2020-06-02,177.48487854003906,177.57126104386916,174.0678339141332,176.85137755315077,30794600
2020-06-03,177.91677856445312,178.47349013654497,176.20825651213138,177.3984689744724,27311000
2020-06-04,175.5747528076172,178.37749696814225,174.97965390901788,176.89934289398556,28761800
2020-06-05,179.68292236328125,180.19163887538335,174.70132609753838,175.2868319420799,39893600
2020-06-08,180.79635620117188,180.97872904553515,177.033766569806,178.47353368290322,33211600
2020-06-09,182.17849731445312,183.04235154531418,179.7404839717792,180.45077420666559,29783900
2020-06-10,188.93572998046875,190.54827586238474,183.33983650236186,183.4550277663946,43872300
2020-06-11,178.79025268554688,187.89916830840505,178.59828670019016,185.37478704113605,52854700
2020-06-12,180.2012176513672,184.02139478658034,177.7440033475555,182.88877062323658,43373600
2020-06-15,181.35305786132812,183.1575705631738,176.62101592916923,177.1681344319462,32770200
2020-06-16,185.797119140625,187.7264014401968,183.77184652630078,185.14441722165304,42556700
2020-06-17,186.44020080566406,188.43667912161857,185.9122834018671,187.19847151579805,25687800
2020-06-18,188.4366912841797,188.59986310205517,186.20984487209262,186.20984487209262,23061600
2020-06-19,187.31365966796875,191.28741555293973,186.56498208428334,190.6155272914356,44441100
2020-06-22,192.51600646972656,192.698364610736,187.39042602622092,187.9279365695545,32818900
2020-06-23,193.8022003173828,195.7602765905468,193.34146442693836,193.97496529175126,30917400
2020-06-24,189.8956298828125,195.08839207499327,188.66703011055674,193.50465452912027,36740600
2020-06-25,192.29527282714844,192.55443498241675,187.62083408877987,189.85727387105254,27803900
2020-06-26,188.44625854492188,191.86330236955007,187.0544870517757,191.7097237458207,54675800
2020-06-29,190.4715576171875,190.55794011288884,185.77791828522643,187.91836756197677,26701600
2020-06-30,195.3379364013672,196.19219736576696,189.79964453653514,189.934022172079,34310300
2020-07-01,196.48016357421875,198.06391576552463,193.66782625721174,194.98280851775834,32061200
2020-07-02,197.97750854492188,199.6668441295867,196.7681098254072,197.42079701325403,29315800
2020-07-06,202.23924255371094,202.65198332371176,199.73404770725878,200.4443379426205,31897600
2020-07-07,199.8876190185547,206.04981900940203,199.63806471877396,201.99927400934564,33600700
2020-07-08,204.28372192382812,204.6964480594897,200.3099659833893,201.63455617889085,33600000
2020-07-09,205.71392822265625,207.6912060101954,202.97836490156217,207.64321084479462,33121700
2020-07-10,205.09002685546875,205.48356671971476,202.6040324573523,205.042031688549,26177600
2020-07-13,198.75503540039062,207.1344749546449,198.2079169288768,205.86747300760248,38135600
2020-07-14,199.9835968017578,200.46351902624386,193.91737285414357,197.85274095335467,37591800
2020-07-15,199.68606567382812,202.84396263388592,196.79693867821612,201.14503357793527,32179400
2020-07-16,195.73150634765625,197.4400285401688,194.1861559773425,197.1520722349672,29940700
2020-07-17,194.73329162597656,196.80654498524902,193.30311779296517,196.2594411384903,31635300
2020-07-20,203.1031036376953,203.77499186370676,194.85802818757483,196.76812403001048,36884800
2020-07-21,200.3675537109375,205.34914936573205,199.67646444980613,205.08039405818826,37990400
2020-07-22,203.24705505371094,203.7749724116346,200.0219772306525,200.79944886411118,49605700
2020-07-23,194.40689086914062,202.45039214661074,194.03255211484185,198.87017640461835,67457000
2020-07-24,193.21673583984375,194.7140911881798,189.57891632293774,192.37206783983166,39827000
2020-07-27,195.66433715820312,195.77951382910686,192.79439639095952,193.37990221149863,30160900
2020-07-28,193.90780639648438,196.48018284400942,193.6390510854315,195.43395576554883,23251400
2020-07-29,195.86585998535156,196.43216470696157,193.8981758948436,194.36850495719972,19632600
2020-07-30,195.71231079101562,196.2498360771528,191.55619650401667,192.92876727090675,25079600
2020-07-31,196.77772521972656,196.86412235992762,191.01865794030672,196.19221946047625,51044000
2020-08-03,207.84471130371094,208.900546059905,201.9896689309971,203.0263026972429,78983000
2020-08-04,204.72525024414062,206.1458308108699,201.864917409733,205.56991818694544,49280100
2020-08-05,204.38929748535156,206.36657488271786,203.07431516004908,206.27058457085792,28806400
2020-08-06,207.662353515625,207.68153985954203,203.0550972064512,203.81336788096826,32656800
2020-08-07,203.94775390625,207.03845434743357,202.45999201190585,206.22259531548428,27820400
2020-08-10,199.8876190185547,203.37185927330196,198.0639203097045,203.17028548212394,36716500
2020-08-11,195.21316528320312,199.31169046301954,194.98279734692096,198.84137606478103,36446500
2020-08-12,200.7898712158203,201.83609819491352,196.52815933665153,197.04646891700722,28013100
2020-08-13,200.31954956054688,202.86314634098838,199.79163214226165,201.02983978206382,22588900
2020-08-14,200.51153564453125,201.17383077697343,199.17735220601244,200.37715798331593,17958900
2020-08-17,201.8361053466797,202.7095673786257,200.53071620812176,201.18341810043327,20184800
2020-08-18,202.99752807617188,203.83258814350498,200.80908368545613,202.07607086878687,21336200
2020-08-19,201.76596069335938,204.07516508026322,201.3329894587743,203.4882439502572,27627600
2020-08-20,206.46133422851562,206.8654417016913,201.00586131843818,201.6120151874665,26981500
2020-08-21,204.96034240722656,208.06813048821607,204.79677615890807,205.76855728649525,36249300
2020-08-24,205.60498046875,207.36574366044377,204.39264353069976,206.66335284725108,25460100
2020-08-25,208.2798309326172,208.41453342738419,205.03734001335152,205.03734001335152,23043700
2020-08-26,212.78273010253906,213.68716732300356,209.13613213396252,209.63646191833058,39600800
2020-08-27,218.00726318359375,222.40434789938405,211.09891351988736,214.45687335708305,57602200
2020-08-28,220.24917602539062,221.91371723120162,218.0073299932489,219.54678506101152,26292900
2020-08-31,216.99705505371094,220.0471161139247,215.82321266694456,218.4114386724955,28774200
2020-09-01,218.67120361328125,218.84438623445757,215.93864435580392,216.97778412727217,25725500
2020-09-02,222.88548278808594,224.0497087224826,218.7481856567638,219.34472316879302,34080800
2020-09-03,209.07839965820312,220.63399282952477,206.8269377039403,220.59551270000665,58400300
2020-09-04,206.1437530517578,210.0982499052602,197.4265446533061,206.9615987847595,59664100
2020-09-08,194.99232482910156,202.08347481385906,194.5497225545871,198.68703419320943,52924300
2020-09-09,203.29579162597656,206.7114795601628,198.87945877197268,199.7454158901792,45679000
2020-09-10,197.59979248046875,206.61528719660927,196.38747004293234,205.32597512707235,35461500
2020-09-11,196.31048583984375,200.73644985714606,193.6260524684399,199.36054653866395,33620100
2020-09-14,197.63827514648438,201.28487327965124,196.310483024045,196.51254409194786,30375800
2020-09-15,200.88076782226562,201.8429326320979,199.10075705148796,200.5343879034672,21823900
2020-09-16,197.29188537597656,202.67999917944445,196.89739430401985,202.6511354113958,26328100
2020-09-17,195.2328338623047,196.59910591197715,192.3944510635466,192.48104235902986,34011300
2020-09-18,192.80821228027344,195.9448643827786,188.824850417951,195.12703307520093,55225300
2020-09-21,194.87684631347656,195.0404272442857,188.94992248036098,189.72927359605578,39839700
2020-09-22,199.57223510742188,200.2265148518583,194.43427823717715,197.30152543226745,33517100
2020-09-23,193.0006103515625,200.22647652123064,192.4618004778043,200.03403183934446,30803800
2020-09-24,195.5022735595703,197.79223054604606,191.66323061426746,192.28864656073924,31202500
2020-09-25,199.95709228515625,201.13091981366975,194.87684872307534,195.84864455021585,29437300
2020-09-28,201.51577758789062,204.52735780399723,200.18798560071832,202.9012971081629,32004900
2020-09-29,199.41824340820312,202.12193845234506,198.98527224475677,201.42917871824383,24221900
2020-09-30,202.37213134765625,203.95969745156557,198.72551840426004,199.87049690604192,33829100
2020-10-01,204.4215087890625,205.89361953473573,203.3246416710811,205.41253720787606,27158400
2020-10-02,198.38877868652344,203.00717304053887,197.76336270649114,200.13029476792047,33154800
2020-10-05,202.42022705078125,202.44909081908426,199.148858055574,199.37978288346707,21331600
2020-10-06,198.119384765625,202.22781845655365,197.07062851280088,200.91928824262598,28554300
2020-10-07,201.89105224609375,202.16045722958788,198.89871897520425,199.2258515006656,25681100
2020-10-08,202.61268615722656,203.19960733277122,200.43819877120225,202.54532756720232,19925800
2020-10-09,207.644775390625,207.69288656512367,203.23805900928684,203.23805900928684,26458000
2020-10-12,213.02328491210938,215.3902168251195,208.60695191939405,210.51203414893342,40461400
2020-10-13,214.4280548095703,216.68914803485708,212.08998663603225,214.29335232049814,28950800
2020-10-14,212.50372314453125,215.73659753325902,210.8391821135151,214.5627552760652,23421700
2020-10-15,211.34912109375,212.0226335098149,207.83721080471156,208.88598158273,22733100
2020-10-16,211.34912109375,213.87960450564168,211.02198858901411,211.82057244426065,26057900
2020-10-19,206.1149444580078,213.88923779727742,205.63386205841044,212.08036327672104,27625800
2020-10-20,206.52867126464844,209.14576073086545,205.02769650520895,207.6351696086239,22753500
2020-10-21,206.67298889160156,208.71277344039027,205.05654449557616,205.05654449557616,22724900
2020-10-22,206.75958251953125,207.8853135151422,203.69027461830365,205.83589789977742,22351500
2020-10-23,208.0488739013672,208.09698507380116,205.09503583671875,206.89427917029462,18879600
2020-10-26,202.13160705566406,208.1547541367649,200.22652463524085,205.75897289514114,37111600
2020-10-27,205.18161010742188,206.5478821386237,202.37209111180675,203.58441327658568,36700300
2020-10-28,195.01156616210938,200.938505204553,194.45352346476508,199.81277408368302,51195600
2020-10-29,196.97433471679688,199.51444863008342,195.67540665643148,196.34893361008253,31432600
2020-10-30,194.8094940185547,196.56062619243986,192.0673186660171,195.80052251573846,36953700
2020-11-02,194.67478942871094,197.51317241451213,192.54839893909204,196.5606240570228,30842200
2020-11-03,198.6197052001953,200.24576632798366,195.43494153877418,196.17581266712463,27512000
2020-11-04,208.20286560058594,210.0598515229614,204.38306970928028,205.92253944757687,42311800
2020-11-05,214.8417510986328,215.64034956771135,212.78271921164216,213.63904521414136,36080100
2020-11-06,215.25552368164062,215.8713086048617,209.78080327849514,213.8507565260113,25231900
2020-11-09,210.12713623046875,219.4889941153376,209.63643754685592,215.94823526890633,44395000
2020-11-10,203.0263671875,208.30865665308457,201.78518118969018,206.38432726137017,44045100
2020-11-11,208.35675048828125,209.79036636968783,204.1713285369545,204.35414216299162,29440800
2020-11-12,207.28878784179688,210.81993091272767,206.3458704441471,208.9918236566661,21593900
2020-11-13,208.31829833984375,209.1938718430691,206.05721983858226,208.17397949050766,18621100
2020-11-16,209.0110626220703,209.50177608318282,206.4036041455115,206.7403530282765,24953300
2020-11-17,206.34588623046875,209.44404363119713,205.9802588786965,207.9238360433956,24154100
2020-11-18,203.6254425048828,207.57099540862455,203.480731114143,206.1046720245794,28372800
2020-11-19,204.91812133789062,205.50657901685545,202.51605349033142,203.9148567100995,24792700
2020-11-20,202.9598388671875,205.75741620286792,202.58361274659725,204.7059143171039,22843100
2020-11-23,202.68972778320312,204.79273154665992,200.8085971874717,203.50005869830167,25683500
2020-11-24,206.30726623535156,206.68349230699746,201.48384751173435,202.18806252380884,33979700
2020-11-25,206.31689453125,207.6867435944453,204.95670172562188,207.5131075970946,21012900
2020-11-27,207.62887573242188,208.63215505789094,206.48089973496474,207.26230592341696,14512200
2020-11-30,206.50987243652344,207.17549190767758,203.39393309923483,206.53881177353418,33064800
2020-12-01,208.5742950439453,209.64509467214577,205.81529873199955,206.93432077523863,30904500
2020-12-02,207.76394653320312,207.86042080174042,205.2847168067867,207.29126088912773,23724500
2020-12-03,206.67384338378906,208.73826593493447,206.10466880761174,207.03077164621303,25120900
2020-12-04,206.7895965576172,207.77357804384908,205.65126214807344,206.65454142969554,24666000
2020-12-07,206.7220916748047,207.92794646359303,205.46801447039047,206.79926814767597,24620000
2020-12-08,208.38134765625,209.28815280657466,205.3715388338167,206.41339913079136,23284100
2020-12-09,204.32000732421875,207.62886529655023,203.75084748313216,207.5613450929847,32440600
2020-12-10,203.0852508544922,205.5548391872999,202.9308979037148,204.29110568261373,26733300
2020-12-11,205.72842407226562,205.78631745434532,201.7249929261306,202.63179788662868,30979400
2020-12-14,206.63526916503906,208.57429304394526,205.36189419014732,205.57412580594706,28798400
2020-12-15,206.56771850585938,207.81215396062044,204.74446696242993,207.5709830436594,27000600
2020-12-16,211.53587341308594,212.33656277483357,207.13691741304723,207.16585675094953,35023300
2020-12-17,211.67092895507812,213.08901539454547,210.2239031776549,212.1050337443236,32515800
2020-12-18,210.87022399902344,211.93138204529595,208.39099433805046,210.87022399902344,63354900
2020-12-21,214.72897338867188,216.08918114203118,209.60650453017766,209.8669732897354,37181900
2020-12-22,216.0312957763672,217.6616137780728,214.01511013682068,214.82544100823074,22612200
2020-12-23,213.21441650390625,215.66470686657877,213.00218489140235,215.2306021027868,18699600
2020-12-24,214.8833465576172,215.71297533065393,213.38808351413238,213.600315157461,10550600
2020-12-28,217.0152587890625,218.04746272776887,215.1437699941289,216.52326066509002,17933500
2020-12-29,216.2338409423828,219.15683131462734,215.6839788992392,218.31756122355856,17403200
2020-12-30,213.85105895996094,217.66157105526693,213.6484836418235,217.27568877326047,20272300
2020-12-31,214.56495666503906,215.1244750031849,211.92171790619258,213.87038319147217,20942100
2021-01-04,210.0020294189453,215.12449830133912,207.22373522378638,214.67109571477062,37130100
2021-01-05,210.20458984375,210.80270379708463,208.08228847102743,209.58719281314148,23823000
2021-01-06,204.75411987304688,208.84438415106663,204.45507027458913,204.676943408944,35930700
2021-01-07,210.580810546875,211.59373143430213,206.1625718994566,206.48090458530808,27694500
2021-01-08,211.8638458251953,212.7899487253861,209.36531838225514,210.95704072206647,22956200
2021-01-11,209.80905151367188,211.17890052490347,209.0758825218125,210.7544373653858,23031300
2021-01-12,207.33949279785156,209.4328697056975,205.78636593059068,208.85405350778225,23249300
2021-01-13,208.69967651367188,209.10484191756842,206.37478517044826,206.46161789406628,20087100
2021-01-14,205.49691772460938,209.78011553748576,205.2268074769419,208.28485291795934,29480800
2021-01-15,205.13999938964844,206.9343118045268,204.54190015799108,205.97928428557796,31746500
2021-01-19,208.79612731933594,209.3170500029951,205.12068504268996,206.20112599837063,30480900
2021-01-20,216.41712951660156,217.81591788456504,209.61610674558082,210.01163058035596,37777300
2021-01-21,217.02488708496094,218.30791813639553,214.56494077491436,216.76441837168656,30709400
2021-01-22,217.97030639648438,221.94481374827697,217.82560971130675,219.06040382451215,30172700
2021-01-25,221.4238739013672,221.66504485405198,216.30140522152732,221.02835000618649,33152100
2021-01-26,224.125,225.90965628548417,221.95446134366796,223.67159741419584,49169600
2021-01-27,224.67483520507812,231.94855878459933,222.01231340498785,229.5947281242748,69870600
2021-01-28,230.49191284179688,234.07089652048276,226.78753026799865,227.2891700081717,49111200
2021-01-29,223.76805114746094,229.6140323700672,223.17959346585073,227.6557255174755,42503100
2021-02-01,231.18646240234375,233.93581706822144,224.22144432069945,226.75856737700522,33314200
2021-02-02,231.05140686035156,233.75252438846982,230.26037381506274,232.77819906978667,25916300
2021-02-03,234.41818237304688,236.43436814545282,230.8102593698669,231.10932373679375,27158100
2021-02-04,233.463134765625,234.64970650721565,231.88105383007826,234.09018810416885,25296100
2021-02-05,233.6464080810547,234.68826832765416,231.92927213385542,233.67534741680137,18054800
2021-02-08,233.90687561035156,235.0741347325014,232.3054970144389,234.5628535104182,22211900
2021-02-09,235.16099548339844,236.11602311171262,232.855401580031,233.32808726437787,23565000
2021-02-10,234.24453735351562,237.23504842887988,232.38268988590397,236.34754106148685,22186700
2021-02-11,235.85556030273438,236.49224045800057,233.5981889016559,236.1353121430884,15751100
2021-02-12,236.33790588378906,236.63695552738434,234.1577109235517,235.31532862001077,16561100
2021-02-16,235.09341430664062,237.4376033476101,234.34096219963934,236.3764453916313,26728500
2021-02-17,236.1183624267578,236.22472264095413,232.96625524373655,233.33368412074378,21653500
2021-02-18,235.72189331054688,235.85725949496413,232.88886718174032,233.7977607430308,16925600
2021-02-19,232.99522399902344,235.78958035764524,232.2313603771918,235.68322016044618,25262600
2021-02-22,226.7490234375,230.05583876789643,224.708852062903,229.56272223089456,36446900
2021-02-23,225.55006408691406,227.05843439973523,221.160304582875,222.70735938022432,30228700
2021-02-24,226.78775024414062,227.41623309017828,221.42142029496333,222.39798980672632,26339700
2021-02-25,221.41171264648438,226.82637500725085,220.33844686945937,224.39944732848625,39542200
2021-02-26,224.68954467773438,227.5805831932529,221.9435213576159,223.86766895538668,37819200
2021-03-01,229.09861755371094,229.6110763466161,225.43403703032263,228.09302745735494,25324000
2021-03-02,226.1302032470703,229.44669705806473,225.72410467397455,229.1662861777647,22812500
2021-03-03,220.029052734375,225.84982902079332,219.73897808151912,224.47682473467253,34029500
2021-03-04,219.22650146484375,224.79588713553701,216.83824346443632,219.23617996323304,44727800
2021-03-05,223.9353485107422,225.55007913301998,218.96545419151897,221.92418304154947,41872800
2021-03-08,219.8646697998047,225.64676131468542,219.61327964830866,223.71295006186025,35267400
2021-03-09,226.04318237304688,227.59023718245513,224.00301103562117,225.17297326388478,33080500
2021-03-10,224.7281951904297,229.15662455782697,224.3607663454474,229.15662455782697,29746800
2021-03-11,229.2823486328125,231.2548297284497,226.5556675332269,227.18416507754895,29907600
2021-03-12,227.947998046875,228.01568852154853,225.51139177337745,226.2655769704919,22653700
2021-03-15,227.0391082763672,227.40653713643047,224.13839139075358,227.18415297293328,26034900
2021-03-16,229.84310913085938,232.11532816634644,228.1316822928339,228.46042661653397,28092200
2021-03-17,229.1953125,230.65534949760786,225.5114042743866,228.33476704770135,29562100
2021-03-18,223.08448791503906,226.43965192894967,222.70739527605423,224.8635908910798,34833000
2021-03-19,222.72669982910156,224.7765348783474,221.75979427699573,223.37452477855553,46430700
2021-03-22,228.18008422851562,229.05995721331718,222.52367991322274,222.64938237697024,30127000
2021-03-23,229.7174530029297,233.0726168895931,229.2243364179776,229.63043503272812,31638400
2021-03-24,227.66757202148438,230.12350546205144,227.5322058437178,229.97847554080397,25620100
2021-03-25,224.65086364746094,229.09863570662682,223.90635689164225,227.51291097101122,34061900
2021-03-26,228.65383911132812,228.87623802883448,223.88700144017523,223.88700144017523,25479900
2021-03-29,227.45486450195312,228.96323478348515,224.20606129795812,228.7601781284446,25227500
2021-03-30,224.1770782470703,226.11088952458203,223.45189901800342,225.80147263835175,24792000
2021-03-31,227.9673309326172,231.187128259121,224.6991853767324,225.20198040543963,43623500
2021-04-01,234.32955932617188,234.8033335898547,230.17186262783048,230.57796117690464,30338000
2021-04-05,240.8271942138672,241.6877396410895,234.66799527040416,234.72600724804468,36910600
2021-04-06,239.65721130371094,241.14623936581128,238.70964799146523,239.41548491511094,22931900
2021-04-07,241.6297149658203,242.62562660061505,239.00940892803152,239.6088857071637,22719800
2021-04-08,244.86883544921875,245.72938081582777,243.66020348747534,244.40472490697556,23625200
2021-04-09,247.3827667236328,247.51813289726832,244.08561557903198,244.50137784312443,24326800
2021-04-12,247.44082641601562,249.1425897885859,246.19350987554677,246.28054259623266,27148700
2021-04-13,249.93540954589844,250.61225524306778,248.33034277035014,248.74613458824243,23837500
2021-04-14,247.1313934326172,250.26415806660793,246.71563111541306,248.95885914085616,23070900
2021-04-15,250.91201782226562,251.32778017266665,249.20060543327276,249.39396885997098,25627500
2021-04-16,252.11097717285156,252.36238209170304,249.07490868628523,250.88301758388405,24878600
2021-04-19,250.17715454101562,252.82649604592189,249.28761788114033,251.57917951472078,23209300
2021-04-20,249.71307373046875,251.5888731356024,248.3400546629798,249.28763286491557,19722900
2021-04-21,251.95623779296875,252.05293425047336,248.73645526213932,250.37052801883416,24030400
2021-04-22,248.65911865234375,253.11653917054838,247.17973955535945,251.59849034240358,25606200
2021-04-23,252.50735473632812,252.85545604555438,248.7557568338929,249.3455845078883,21462600
2021-04-26,252.8941650390625,253.75472524511878,251.55986000691124,253.00054000624235,19763300
2021-04-27,253.30026245117188,254.479888469246,251.5114811808997,252.92315510167123,31014200
2021-04-28,246.13548278808594,248.04996646470292,244.5787642096817,247.60516865114695,46903100
2021-04-29,244.1533660888672,247.62456895091347,240.75953221123734,247.00574985988038,40589000
2021-04-30,243.8342742919922,244.70449828122986,241.33967054941743,241.4750367583464,30945100
2021-05-03,243.52484130859375,245.93244152740905,242.8093258640867,245.01386941830933,19626600
2021-05-04,239.58950805664062,242.89633785969806,237.62669106618333,242.6642752276463,32756100
2021-05-05,238.313232421875,241.24295530803658,237.6847496622755,240.8175144691284,21901300
2021-05-06,241.46533203125,241.5910344808198,236.5921342853169,238.2938828346981,26491100
2021-05-07,244.10499572753906,245.88409850126487,242.85767923394673,243.80524259654717,27032900
2021-05-10,238.99974060058594,243.39916442664116,238.94172861998285,242.567624945774,29299900
2021-05-11,238.08114624023438,238.43891132150725,234.54228318777075,236.45675201993078,33641600
2021-05-12,231.09043884277344,236.29239570195924,230.19122371487865,234.1555278301892,36684400
2021-05-13,234.98707580566406,237.4720303748559,233.4303571397704,233.79778600308975,29624300
2021-05-14,239.93765258789062,240.93356431608504,237.36569454194392,237.452712517306,23901100
2021-05-17,237.06591796875,238.42925846341785,235.46086581765138,238.39058872945552,24970200
2021-05-18,235.03538513183594,238.25518214087015,234.8613344739874,238.11981596423539,20168000
2021-05-19,235.6168975830078,235.7235033869886,231.23640313623346,231.92448304457386,25739800
2021-05-20,238.87319946289062,240.29783391960277,236.33406189770037,236.43098164099266,21800700
2021-05-21,237.60365295410156,240.66613375955532,237.18693055220828,239.92959392026864,21863100
2021-05-24,243.0404815673828,243.4087588230103,239.87139544817546,240.14275296667708,21411500
2021-05-25,243.9514923095703,244.94970356838164,243.07927376097604,243.99995218179816,17704300
2021-05-26,243.7285919189453,245.13383947058784,243.01142426646751,243.6704312001958,17771600
2021-05-27,241.61585998535156,243.71888825894953,241.55771405514977,243.4184577609893,24426200
2021-05-28,241.9744110107422,244.30035148976884,241.85811916254707,243.2536804923881,18270200
2021-06-01,239.76480102539062,243.53474828754858,239.33839261028746,243.47660235766526,23213300
2021-06-02,239.6679229736328,241.57712675444566,238.25297444018346,240.4723095990206,19406700
2021-06-03,238.12698364257812,238.73753072977723,235.50061228288084,237.65210054108795,25307700
2021-06-04,243.0502166748047,243.88367630350658,239.87144385554132,240.11372845937467,25281100
2021-06-07,245.97698974609375,246.24834728727228,242.10043654311272,242.2651882796942,23079200
2021-06-08,244.7752685546875,248.1091066867152,244.71710783462723,247.28533321311315,22455000
2021-06-09,245.76377868652344,247.64390936023426,245.39551618717297,245.97699029619437,17937600
2021-06-10,249.30111694335938,249.51432854393602,245.84130103923167,246.44216202928786,24563600
2021-06-11,249.9310760498047,250.51253533585495,248.69055070422525,250.02796621364502,18999700
2021-06-14,251.86935424804688,251.92750017704654,248.87469102580323,249.94074901705073,19150500
2021-06-15,250.3865966796875,251.9662970912018,249.7275896294111,251.75308544837608,18038900
2021-06-16,249.43679809570312,252.53802263311616,246.56814247738893,251.39444663949044,27220000
2021-06-17,252.8481903076172,253.67196382257416,248.10911914224442,248.16726507734677,27565500
2021-06-18,251.4235382080078,254.20496035415408,250.76453127231352,251.61737769533121,37202200
2021-06-21,254.52479553222656,255.38731323668682,249.96016243709636,251.8015192852255,26696100
2021-06-22,257.3159484863281,257.587306057869,254.3019126543764,254.61204404349655,24694100
2021-06-23,257.0832824707031,258.59513571313266,256.26920992291423,257.78106316534377,19518700
2021-06-24,258.45947265625,259.58367653357374,257.2771228521467,257.94583058586295,21446900
2021-06-25,256.8410339355469,259.00222309545813,256.58907807697693,258.0137126293254,25611100
2021-06-28,260.42681884765625,260.6012566258516,257.7035428658539,257.974900379408,19590000
2021-06-29,263.02410888671875,263.2663934434633,259.70967271287435,260.5721903554941,19937800
2021-06-30,262.5395812988281,262.98537667253856,261.27971323478516,262.3360705201841,21656500
2021-07-01,263.21795654296875,263.45054026043147,261.27968002877276,261.28935129983205,16725300
2021-07-02,269.081298828125,269.42050321855214,264.09024146422826,264.4003728826622,26458000
2021-07-06,269.09088134765625,270.74809917404474,265.8345620375498,269.4494577031456,31565600
2021-07-07,271.2908935546875,272.0274481712752,268.5966901015052,270.77725140779233,23260000
2021-07-08,268.8583679199219,270.12793676331876,266.3870474385027,268.35439706096736,24618600
2021-07-09,269.3623352050781,269.4689262350666,266.8231972731775,267.21084672657895,23916700
2021-07-12,268.76141357421875,271.13578442629563,268.0442311924346,270.54462431878187,18931700
2021-07-13,272.3085021972656,274.12078616611456,268.82929909583135,268.9552622367565,26120100
2021-07-14,273.7912902832031,274.90579349318665,271.89175778408145,273.63622459496327,23113700
2021-07-15,272.35693359375,273.7912689162148,271.19395581058893,273.2969989220083,22604200
2021-07-16,272.0856018066406,275.33222131414186,270.8354050077777,273.3648715740466,26186800
2021-07-19,268.4609680175781,271.7172580006316,265.97997672313284,270.3216967005375,32935600
2021-07-20,270.69970703125,272.298779251892,267.7341463091132,269.44951038932874,26259700
2021-07-21,272.71551513671875,272.83180700206157,268.7323708699564,270.2926693562295,24364300
2021-07-22,277.30926513671875,277.5806226950854,274.6732076086904,275.0802291583625,23384100
2021-07-23,280.7303466796875,281.0404485048462,277.6581647923858,278.5013105083251,22768100
2021-07-26,280.12945556640625,280.74971836728116,277.7938579417119,280.0810104744821,23176100
2021-07-27,277.6968994140625,280.64305857964337,274.217696432941,280.4976937484065,33604100
2021-07-28,277.38671875,281.1954245301593,275.07046440625373,280.0712207421704,33566900
2021-07-29,277.6581115722656,279.71267995195393,277.2510604896139,277.40612616035014,18168300
2021-07-30,276.1172180175781,277.81321017411824,275.1480796424123,276.3692034593632,20944800
2021-08-02,276.0299377441406,277.91973941010735,274.9832519692441,277.5223892155401,16267400
2021-08-03,278.2590026855469,278.36562328511246,275.23529571822814,276.6114852101518,17879000
2021-08-04,277.6678161621094,278.71447248399744,275.8652035942845,277.38675778162667,16191300
2021-08-05,280.58489990234375,280.69152049091053,277.27046359767604,278.02639026152593,13900200
2021-08-06,280.52679443359375,280.5655682510062,278.7435833174623,279.60613069428643,16589300
2021-08-09,279.43157958984375,282.5522055021152,278.927638417484,280.80776872600615,16117600
2021-08-10,277.5999755859375,280.323251828828,276.39825356437836,279.8871277657764,18616600
2021-08-11,278.09423828125,279.751456440991,277.0378515407644,278.3461941198243,13955900
2021-08-12,280.865966796875,281.0210324731041,277.50305573152406,277.784114118174,14561300
2021-08-13,283.8121643066406,283.86060939257436,280.37170550846537,280.54617288448674,18249000
2021-08-16,285.50811767578125,285.7213292613481,281.0694481878223,284.14162927406903,22507600
2021-08-17,284.0350036621094,284.3742079389231,282.09672730974523,283.3663255302338,20075300
2021-08-18,282.2969665527344,286.26832663173434,281.85028818269654,283.5689657375722,21813000
2021-08-19,288.16180419921875,288.8415116764135,280.26764991169944,280.31618774619443,29850500
2021-08-20,295.5316162109375,296.9686974957663,289.4143680042962,291.02622103620047,40817600
2021-08-23,295.813232421875,296.5414777156917,293.09446184457664,294.45384713322585,22830200
2021-08-24,293.8420715332031,296.7841808862447,293.2400602566373,296.1724501915496,18175800
2021-08-25,293.249755859375,295.7549060463655,291.705879753197,295.47330963483773,20006100
2021-08-26,290.4144592285156,293.6575741510151,290.2785355394526,292.2593410592059,17666100
2021-08-27,291.0262145996094,292.1428513577284,288.2200287600035,290.31737857564724,22605700
2021-08-30,294.78399658203125,295.39572740143205,292.3273835166958,292.38564077260276,16348100
2021-08-31,293.1235656738281,295.6675642771677,292.7545833483286,295.58989782397674,26285300
2021-09-01,293.0750427246094,296.3375972692619,292.7449083917516,294.0848845637136,18983800
2021-09-02,292.4147644042969,294.5606523132115,291.47289927339045,293.4343256300039,16285600
2021-09-03,292.405029296875,293.8226716672976,291.55055018077155,292.2593565497962,14747900
2021-09-07,291.4728088378906,292.3564164397279,289.55026075756587,292.27875000140284,17180400
2021-09-08,291.5019836425781,291.8903751604786,288.841470630968,291.08446350164445,15046800
2021-09-09,288.6278381347656,293.3760109065936,288.3850897427263,292.0942922848566,19927000
2021-09-10,287.13250732421875,291.2204116894065,286.81209247651026,289.76392129871317,19633400
2021-09-13,288.3753662109375,289.88042399953457,285.54977141202284,288.91912023075906,23652900
2021-09-14,291.0942077636719,292.64780360023934,289.4532260505468,290.87086854644076,21853400
2021-09-15,295.9783020019531,296.4637988441718,293.06532094864116,294.46355422482094,28356300
2021-09-16,296.3666687011719,296.4540545695595,292.0360455287363,294.94902633781703,19550800
2021-09-17,291.17181396484375,295.66751857799704,290.84167973315334,295.3471037635937,41372500
2021-09-20,285.7633972167969,290.05520185574835,281.1220491144486,287.7345129883881,38278700
2021-09-21,286.2489318847656,288.90947478186877,285.5401254460653,287.1131305042579,22364100
2021-09-22,289.9192810058594,291.5117248704752,285.9673592342835,288.12296639713196,26626300
2021-09-23,290.870849609375,292.17197751848266,288.8997337245694,290.1814524287198,18604600
2021-09-24,290.6669921875,291.10392160639424,288.31717421605936,289.5794839017477,14999000
2021-09-27,285.6372375488281,287.8705112667185,284.4429045976357,287.550096375235,23571700
2021-09-28,275.2961120605469,282.3455355207805,274.5484576093365,281.3939510654787,43186200
2021-09-29,275.76214599609375,278.4517872453746,274.8008719413528,276.8302447415665,26353700
2021-09-30,273.7425231933594,279.48106917638046,273.45120733984913,277.42256752734704,32343600
2021-10-01,280.7142639160156,281.5687430502456,273.13080604828554,273.9367177216679,30086300
2021-10-04,274.8979797363281,279.40340419607827,272.1209523056505,279.0635505147171,31350700
2021-10-05,280.3841247558594,281.9765388699804,275.81072351011215,275.81072351011215,24993000
2021-10-06,284.6079406738281,285.1128763474515,277.2284124803731,277.49057010387935,28002600
2021-10-07,286.29754638671875,288.0356336982804,285.3945292060431,286.61796132321035,20430500
2021-10-08,286.29754638671875,288.0356336982804,285.23916663210196,287.6278032376373,17685700
2021-10-11,285.69549560546875,289.3270026702563,284.2584142186207,284.42349619082785,19298600
2021-10-12,284.3846130371094,286.87035430636377,283.86998760946784,286.7732490189577,17974100
2021-10-13,287.7151184082031,288.6569834089462,284.9769092762647,286.3557332608353,23416300
2021-10-14,293.96826171875,294.473167636048,289.1909609921307,290.5309366702935,27262900
2021-10-15,295.3859558105469,295.6190144253903,291.8029870432012,293.57020251326225,25384800
2021-10-18,298.3766174316406,299.2699149069707,293.9100411578753,294.7645202263626,22729300
2021-10-19,299.28936767578125,300.32830830606736,298.30865465847006,299.40588216647706,17682100
2021-10-20,298.4931335449219,300.7167170922215,297.23082413872754,300.2409100982718,16537100
2021-10-21,301.7459716796875,301.99840985819577,297.47357626035097,298.26010831483455,16918100
2021-10-22,300.1923828125,302.06639333549975,298.87181611698935,301.3964053856401,17449300
2021-10-25,299.19232177734375,300.42547322514486,297.57074910695997,300.38662517641086,17554500
2021-10-26,301.1148376464844,303.3384214837848,299.6486573311045,301.9790362502908,28107300
2021-10-27,313.79608154296875,316.6410862847696,306.8340429108274,306.8340429108274,52588700
2021-10-28,314.9418029785156,315.44670901956124,312.03851175347165,314.92236414038393,26297900
2021-10-29,322.0008544921875,322.36983675736604,314.50478360879976,314.72812277782083,34766000
2021-11-01,319.8161926269531,321.874694545215,316.90321150510107,321.74846062208786,27073200
2021-11-02,323.46710205078125,323.7778271139183,320.4278873477877,320.7288929925852,26487100
2021-11-03,324.31182861328125,325.1857168357652,321.05899446568606,324.21472333692304,21500100
2021-11-04,326.6811218261719,326.77822712235803,319.95214261697197,323.2341060543829,23992200
2021-11-05,326.31219482421875,328.9630187345761,324.7197802997132,328.6911416385688,22570100
2021-11-08,327.2150573730469,327.8559165748687,324.7390360485069,327.5160629573677,20897000
2021-11-09,326.205322265625,328.89496395648536,324.8264982710298,327.331648801366,21307400
2021-11-10,321.20465087890625,324.92357272775905,320.3502014556965,324.86531548600317,25500900
2021-11-11,322.78741455078125,324.0885424963487,320.9231233219346,321.6416491463469,16849800
2021-11-12,326.9530334472656,327.4482497675148,324.1080287256808,324.2342626608329,23831000
2021-11-15,326.3218688964844,328.0793651715048,324.34103339663125,327.7492308602587,16723000
2021-11-16,329.6620788574219,330.78843509945784,325.77810407759137,325.94315641160364,20886800
2021-11-17,329.8858337402344,332.8722454538479,328.7963358387889,329.71074222462875,19053400
2021-11-18,331.9772644042969,333.12515576385437,327.94027414614027,328.9714081488524,22463500
2021-11-19,333.76715087890625,335.70298365826625,332.8819561693576,333.30997740895356,21963400
2021-11-22,330.576416015625,340.14849893917426,330.3040416031067,335.2359926275546,31031100
2021-11-23,328.4850158691406,330.20683802746316,324.4772076163446,327.87216592713355,30427600
2021-11-24,328.708740234375,328.9519327535902,324.8176599269324,327.12312025923825,21661300
2021-11-26,320.70281982421875,328.7281726582677,319.18530093597997,325.24566897540836,24217200
2021-11-29,327.463623046875,329.7982654888247,325.6250731986389,325.81963910488025,28563500
2021-11-30,321.5881042480469,328.58232452175224,320.0316659549505,326.1893180869889,42885600
2021-12-01,321.0919189453125,330.04141511002234,320.4207349352154,326.00442541649005,33337600
2021-12-02,320.51806640625,324.40914748192404,318.8740822768503,321.3060079491466,30766000
2021-12-03,314.2144775390625,323.64062212414194,309.3700717841347,322.9499339831109,41779300
2021-12-06,317.3078918457031,318.5335917121706,310.53742003680196,315.1288962489507,30032600
2021-12-07,325.8001403808594,326.65615304128755,321.11138187163976,322.60945597891174,31021900
2021-12-08,325.8487854003906,326.36435234032024,321.7923212227663,326.17952365557323,24761000
2021-12-09,324.0297546386719,327.32743012958736,323.07642916997037,325.30408120640084,22214200
2021-12-10,333.2126770019531,333.6601429338765,325.67370875782035,325.8585374509906,38095700
2021-12-13,330.1580810546875,334.4285549444783,329.8467875780007,331.4032252748547,28899400
2021-12-14,319.3992919921875,325.52776068430427,315.284464285477,324.14641424921746,44438700
2021-12-15,325.5374755859375,326.06277969983233,315.6638659922189,319.6619364552254,35381100
2021-12-16,316.0529479980469,327.59001493914315,314.2241357585092,326.56858868880596,35034800
2021-12-17,314.9829406738281,316.07246810239036,308.6113085114264,312.1424686589051,47750300
2021-12-20,311.1988525390625,314.0101423864705,308.922574314058,311.3350249012845,28326500
2021-12-21,318.3778991699219,318.80592034156524,311.0918317389369,314.48681919977093,24740600
2021-12-22,324.1269836425781,324.52579322794156,316.879835094261,319.3603867790755,24831500
2021-12-23,325.5764465332031,327.23016767632333,323.66982533590135,323.68927005188783,19617800
2021-12-27,333.1251220703125,333.15430398492487,326.29625718515126,326.3254390997636,19947000
2021-12-28,331.9577331542969,334.4480217592238,331.0530642590516,333.8059900535905,15661500
2021-12-29,332.6387634277344,334.9247495224456,330.4305561960451,332.00643908331915,15042000
2021-12-30,330.08038330078125,333.78663529703925,329.5939982126992,332.59985449465546,15994500
2021-12-31,327.16204833984375,330.1192480801944,326.7048452037269,329.2924172414744,18000800
2022-01-03,325.6347961425781,328.79629901774877,320.80012748139205,326.21846414915797,28865100
2022-01-04,320.0511169433594,326.07256655416444,317.239796956852,325.7126166614886,32674300
2022-01-05,307.7649841308594,317.19112801347296,307.37588205960316,316.9868249346307,40054300
2022-01-06,305.3330993652344,310.0218586119927,303.0081644576789,304.62296646871727,39646100
2022-01-07,305.48870849609375,307.8817144573573,301.6462550034294,305.5956989498197,32720000
2022-01-10,305.7124328613281,306.15019125836943,296.39330884640736,301.0625932107802,44289500
2022-01-11,306.40313720703125,307.9887275354808,301.4517409536046,304.8466991075708,29386800
2022-01-12,309.603515625,314.60356797191446,308.4459168812307,310.96541745526014,34372200
2022-01-13,296.50030517578125,312.14246451080345,295.7221009951654,311.7436252200972,45366000
2022-01-14,301.7533264160156,302.35643918716585,295.47894678254033,295.9653318801247,39846400
2022-01-18,294.4088439941406,301.3641437796384,293.5236197033921,295.7901905004896,42333200
2022-01-19,295.0703430175781,305.3622673575025,294.4575227878917,297.9497639039901,45933900
2022-01-20,293.38739013671875,303.16371516926193,292.93992432186644,300.65398204026127,35380700
2022-01-21,287.96905517578125,295.8290224380284,287.56047877999515,294.44770588670036,57984400
2022-01-24,288.29986572265625,289.01970608679983,268.5331704445488,284.2434310873334,85731500
2022-01-25,280.6343994140625,286.9574042251114,277.40482567237643,283.5818912385189,72848600
2022-01-26,288.63055419921875,300.09951985031154,285.0507680240012,299.6033976921818,90428900
2022-01-27,291.67535400390625,298.932209910728,289.8173597366347,294.4185725358936,53481300
2022-01-28,299.86614990234375,300.080160532773,286.43219588020236,292.05480642156255,49743700
2022-01-31,302.5119934082031,303.873865327371,298.02750874375795,300.5372717037643,46444500
2022-02-01,300.3525085449219,302.17158390005085,296.82134829715966,301.9575732884717,40950400
2022-02-02,304.9244689941406,306.539270720024,300.4691955569609,301.1987730404669,36636000
2022-02-03,293.0469970703125,302.7552535027513,291.79211531003233,301.06261331619567,43730000
2022-02-04,297.6092834472656,300.3913916526521,291.8018448276198,292.0353001493062,35096500
2022-02-07,292.75506591796875,299.45743400764303,291.73363987626533,297.8329251619403,28533300
2022-02-08,296.2668151855469,297.23958514076253,291.78235994156273,293.04694900870976,32421200
2022-02-09,302.7357482910156,303.436143889823,299.0197893926343,301.4322400322935,31284700
2022-02-10,294.1462097167969,300.7026702927466,292.5119631728677,295.76101154707897,45386200
2022-02-11,287.0060729980469,296.0041956198733,286.20839446246674,294.9341426680689,39175600
2022-02-14,286.9671325683594,288.67921716406687,283.4165282213555,285.7706148538707,36359500
2022-02-15,292.2882385253906,292.60923960221265,288.9321697438567,291.84077258338215,27058300
2022-02-16,291.9470520019531,293.2824978641233,286.27381667328723,290.8455441746245,29982100
2022-02-17,283.39825439453125,289.31515587085715,282.68665314458684,288.8862496034896,32461600
2022-02-18,280.6688232421875,286.44927025529336,279.0896820107594,285.65969963957934,34264000
2022-02-22,280.464111328125,284.1877834917161,277.32531396607703,277.812704676035,41736100
2022-02-23,273.20196533203125,284.34373905959274,273.03626915710015,282.86205233051413,37811200
2022-02-24,287.16082763671875,287.7164601327859,264.6726152766179,265.6376690192518,56989700
2022-02-25,289.812255859375,290.1241930471081,284.2949895617122,287.696996878739,32546700
2022-02-28,291.2549743652344,291.59615384176226,285.6109811188131,286.8879425112131,34627500
2022-03-01,287.5118103027344,292.40520263800084,284.7824043016217,288.9252256042664,31217800
2022-03-02,292.61956787109375,293.86728660465315,286.29324746593267,287.91135806348717,31873000
2022-03-03,288.4573669433594,295.4855335304221,286.6345004718667,295.2515954797372,27314500
2022-03-04,282.55010986328125,288.2038595827067,279.92797538105896,286.8684138832805,32356500
2022-03-07,271.87628173828125,282.384423958985,271.5058600494751,281.25367397398566,43157200
2022-03-08,268.8934631347656,276.79892624479913,263.1909858256169,270.7942690725029,48159500
2022-03-09,281.2244873046875,282.29675299790483,273.69917227770725,276.2920948638608,35204500
2022-03-10,278.38787841796875,279.3724173704505,273.5042129976453,275.8826825228667,30628000
2022-03-11,273.00701904296875,282.20895734014323,272.38314470175277,280.6980284032416,27209300
2022-03-14,269.4685974121094,278.2026312310251,268.8642376481267,273.2702392726219,30660700
2022-03-15,279.90850830078125,280.5616250101141,271.70086453830385,273.2800058454423,34245100
2022-03-16,286.9659118652344,287.14136537848043,276.05810557225556,281.8190374929418,37826300
2022-03-17,287.77496337890625,288.1551126523713,282.072486293192,285.8936424341939,30816600
2022-03-18,292.85357666015625,293.409209212463,285.34777752908354,287.92118502466127,43390600
2022-03-21,291.6156311035156,292.57092766310933,287.4630524796933,291.3524508132056,28351200
2022-03-22,296.3920593261719,297.30835631234925,291.23545688233907,292.2394806334095,27599700
2022-03-23,291.9372863769531,295.5829892215264,290.2119339230564,292.93158249273176,25715400
2022-03-24,296.4310302734375,296.528514363223,290.79679496025915,291.5961228493457,24484500
2022-03-25,296.02166748046875,297.7957771219857,291.7423917495278,297.53259680073916,22566500
2022-03-28,302.8645935058594,302.962047847687,296.65521098671854,296.65521098671854,29578200
2022-03-29,307.4557800292969,307.8554439406665,301.2561553587359,305.9936080477829,30393400
2022-03-30,305.9449462890625,307.98226606183584,303.7224453758296,305.84749192502306,28163600
2022-03-31,300.53485107421875,307.19262469552484,300.1254595450532,305.98387553082625,33422100
2022-04-01,301.61688232421875,302.3089688081705,297.83472562662047,301.56812540407276,27110500
2022-04-04,307.0269775390625,307.16343150113704,301.8996165398981,302.2700383266328,24289600
2022-04-05,303.0400695800781,306.92943814434017,302.05553077139234,305.3697818354029,23156700
2022-04-06,291.9470520019531,299.25791307044943,289.2274033550409,297.4935609790899,40110400
2022-04-07,293.7698974609375,295.99239810286326,288.87650501412816,289.1786849009009,31411200
2022-04-08,289.4808349609375,293.52617184109016,288.808233411817,292.8633276253669,24361900
2022-04-11,278.066162109375,285.2307818696367,277.81270941652224,284.4314837001225,34569300
2022-04-12,274.9468994140625,283.40799667634644,273.4164851419655,281.9458242566809,30966700
2022-04-13,280.3666687011719,281.3024506732569,274.2060420766694,275.6000023217637,21907200
2022-04-14,272.7731018066406,281.03925987078986,272.2759834561352,280.82480674477745,28221600
2022-04-18,273.4457092285156,275.33678781211535,271.32069259266757,271.87632521472943,20778000
2022-04-19,278.1051940917969,278.95327911939563,271.3889639621534,272.3345033568087,22297700
2022-04-20,279.138427734375,282.39422425874454,278.17340352836885,282.101771947732,22906700
2022-04-21,273.72833251953125,285.90334135028814,272.9972465497491,281.3023724572072,29454600
2022-04-22,267.1193542480469,276.0581130561113,266.48575226772533,274.57642624284045,29405800
2022-04-25,273.6406555175781,274.02080482203013,263.9415679894354,266.39803633315773,35678900
2022-04-26,263.40545654296875,271.34016243652076,263.1910034243338,270.5018646305653,46518400
2022-04-27,276.0776062011719,283.63216251371057,272.11999585469886,274.9858557260027,63477700
2022-04-28,282.3258972167969,283.6418578493198,274.3619213428481,277.99786610198896,33646600
2022-04-29,270.52142333984375,282.5697413630123,269.52715665386484,281.3317494890424,37073900
2022-05-02,277.2961120605469,277.7542605844876,269.2541641761208,270.70657918377503,35151100
2022-05-03,274.6739196777344,276.96466206724233,273.0850211320763,276.7989361292909,25978600
2022-05-04,282.66717529296875,283.54447277162893,269.75131926588415,275.46352508638273,33599300
2022-05-05,270.35565185546875,279.12868525425324,267.42155005496926,278.33911462820026,43260400
2022-05-06,267.8017272949219,272.20772888488153,264.42896194821265,267.8796967243855,37780300
2022-05-09,257.90765380859375,265.4914520308154,256.67944945375484,263.2494666744855,47726000
2022-05-10,262.7035827636719,266.84640364213425,258.38530837575144,264.83835637264633,39336400
2022-05-11,253.97927856445312,264.51666298143766,252.76080183031553,258.9799118410286,48975900
2022-05-12,248.9104461669922,253.32620489164097,243.71485931707107,251.1914311623768,51033800
2022-05-13,254.53489685058594,256.4064900985897,248.910419269829,250.85998193534874,34925100
2022-05-16,254.9053955078125,259.11645927674795,249.3296434104186,253.404223472521,32550900
2022-05-17,260.09124755859375,261.5631476246742,255.84118408639657,259.39913116704525,28828800
2022-05-18,248.2493133544922,257.5508502985202,246.96937793228923,256.96461327816115,31356000
2022-05-19,247.33091735839844,251.75697618113554,246.09983733156085,248.07347143525826,32692300
2022-05-20,246.76422119140625,252.60700218610816,240.78466843805458,251.3368168478214,39199300
2022-05-23,254.66856384277344,255.49906389536844,247.6142481517101,249.6269875262943,33175400
2022-05-24,253.66221618652344,255.33296663068452,247.6826631718346,251.97193543806088,29043900
2022-05-25,256.4956359863281,258.5083603731719,251.22934212125796,252.21617401226834,28547900
2022-05-26,259.798095703125,260.98032015992106,255.43067249294842,256.2513925154789,25002100
2022-05-27,266.9696044921875,267.06731562839224,261.41995783588675,262.3188585448169,26910800
2022-05-31,265.6310729980469,268.4645173068934,262.75853826764757,266.2759307760197,37827700
2022-06-01,266.1684875488281,271.3175402469702,263.8430992924874,268.8846905955963,25292200
2022-06-02,268.2788391113281,268.3472398855621,255.5967272964254,258.3813305679757,44008200
2022-06-03,263.82354736328125,267.1748580929642,262.25050809236035,264.1069007674734,28059000
2022-06-06,262.58270263671875,267.8880873887345,261.08781439672373,265.8167420959057,22400300
2022-06-07,266.24664306640625,266.862190534899,259.83718498016987,260.52113323788575,22860700
2022-06-08,264.20458984375,266.7351505141469,263.4229304866885,265.4747453002484,17372300
2022-06-09,258.71356201171875,266.4517957956073,258.55723014109145,261.6349374373484,26439700
2022-06-10,247.1843719482422,254.60017757455358,246.73492150280825,254.60017757455358,31422800
2022-06-13,236.7005615234375,243.30544117219935,235.98731789041443,239.4851650912723,46135800
2022-06-14,238.8794403076172,240.10075526395747,235.96781471748844,238.26389279886013,28651500
2022-06-15,245.9825439453125,249.4413154994419,240.7650911628478,242.6117183795011,33111700
2022-06-16,239.34840393066406,241.7421780918866,237.44315571698203,240.33522097758944,33169200
2022-06-17,241.96688842773438,244.75149220671116,238.42996544684556,239.08458840742492,43084800
2022-06-21,247.91712951660156,248.90394646915755,243.78418966142996,244.516978512664,29928300
2022-06-22,247.32113647460938,251.26843424817747,244.6244638607428,246.1095868286238,25939900
2022-06-23,252.91958618164062,253.41789208510144,247.80962492556682,249.70510758970073,25861400
2022-06-24,261.5567321777344,261.83030544029367,255.7139527207006,255.80188378896082,33923200
2022-06-27,258.811279296875,262.1429998718292,257.238210310739,262.0550687832511,24615100
2022-06-28,250.59425354003906,260.78489654166776,250.43792167575154,257.9221419564602,27295500
2022-06-29,254.28753662109375,255.95828701853867,249.89078816963055,251.678794932752,20069800
2022-06-30,250.93621826171875,253.57427023351318,247.0964115747402,251.15117086547428,31730900
2022-07-01,253.62307739257812,253.8087196084434,248.76714396372097,250.50630977578044,22837700
2022-07-05,256.8180847167969,256.9451062280484,248.89419361754275,250.2816054554039,22941000
2022-07-06,260.10101318359375,261.84016460848983,256.3784473257136,257.6974735328411,23824400
2022-07-07,262.2406921386719,262.88554989240333,258.9382523471021,259.03596348868336,20859900
2022-07-08,261.5177001953125,261.9476053921388,257.2479884069412,258.71356617323374,19658800
2022-07-11,258.4399719238281,260.41360575508605,256.16342461352093,259.55379543105175,19455200
2022-07-12,247.8487091064453,259.8371379376492,246.25611002512542,259.7785172195732,35868500
2022-07-13,246.92056274414062,247.73151762785682,242.41635279059307,244.4486225759368,29497400
2022-07-14,248.2493133544922,249.28498583631665,240.29611261211394,244.81986703868395,25102800
2022-07-15,250.82876586914062,254.39499935360527,248.923517638966,249.85171396560196,29774100
2022-07-18,248.41543579101562,254.85420398035012,247.48723950429894,253.78922102936602,20975000
2022-07-19,253.57424926757812,253.75989149262034,247.85849034611635,251.66898635467277,25012600
2022-07-20,256.2513732910156,258.7917140181286,252.96849344718146,253.93576521951553,22788300
2022-07-21,258.7624206542969,258.8112911394695,251.1316477290945,253.82832050457455,22404700
2022-07-22,254.38525390625,259.2412037202576,253.12487824761635,259.1532726150456,21881300
2022-07-25,252.89027404785156,255.49901516163538,250.91664038196058,255.01048932002615,21056000
2022-07-26,246.11935424804688,253.91623871980474,243.8428365645717,253.89667859982464,39348000
2022-07-27,262.5729064941406,263.85284204135934,252.9098791339182,255.1668665380829,45994000
2022-07-28,270.06689453125,271.4640714641904,261.72286372035086,263.5597258949392,33459300
2022-07-29,274.2975158691406,275.5286106924797,270.28184723835176,271.3272998322268,32152800
2022-08-01,271.6302185058594,274.8251676051536,269.5100026832958,271.44457625247674,21539600
2022-08-02,268.5133972167969,271.5129535596286,266.12938831170163,269.66631124641907,22754200
2022-08-03,275.98785400390625,276.99421627776303,270.26231431061575,270.40889595081245,23518900
2022-08-04,277.1407470703125,277.2872988821304,273.7406257671143,275.33319521187644,18098700
2022-08-05,276.41766357421875,277.140672195356,272.2847246940137,272.74394012514756,16774600
2022-08-08,273.8871765136719,279.3586727325531,272.91012468234504,277.5315607614773,18739200
2022-08-09,275.82171630859375,276.5838155339825,271.23934089655916,273.2227847117655,23405200
2022-08-10,282.5243225097656,283.15940026226946,280.35526616412074,281.5570506992945,24687800
2022-08-11,280.43341064453125,284.52726027253226,279.9351344778462,284.17553591957807,20065900
2022-08-12,285.211181640625,285.211181640625,280.35523322114955,281.85990127405483,22619700
2022-08-15,286.7353820800781,287.4290804829766,283.4524726514288,284.32206303277985,18085700
2022-08-16,285.9928894042969,287.2923852930113,283.75546173926654,285.2894107547985,18102900
2022-08-17,285.2388916015625,287.2265154763441,283.4275031724951,283.6918563410664,18253400
2022-08-18,284.1129150390625,285.81658418043264,283.04564174048915,284.13248679589566,17186200
2022-08-19,280.17681884765625,283.21211455626116,279.5991382584274,282.8694145780961,20570000
2022-08-22,271.9521484375,276.5638218680338,271.4332130398437,276.1917493413098,25061100
2022-08-23,270.6695251464844,273.0389927321079,269.65122599832847,270.6695251464844,17527400
2022-08-24,270.0330505371094,271.44299375472406,269.36722243728934,269.66097803794145,18137000
2022-08-25,273.0292053222656,273.195639956881,268.78957434075147,271.54091514615766,16583400
2022-08-26,262.4938659667969,274.48815856263286,262.38617645758086,273.25445033385597,27549300
2022-08-29,259.6934814453125,261.8181671643971,258.3422833999013,260.3005345079081,20338500
2022-08-30,257.480712890625,261.47553300826064,255.2189346824592,261.10349030382076,22767100
2022-08-31,256.0120544433594,261.5343090715317,255.8749624724591,259.8502411813964,24791800
2022-09-01,254.96432495117188,255.44411686039697,250.07849729586817,253.46626383334169,23263400
2022-09-02,250.71495056152344,259.21375535466535,249.15814412143888,256.2372344294896,22855400
2022-09-06,247.96360778808594,252.44799078544023,246.6809553860228,250.85204083793536,21328200
2022-09-07,252.7025604248047,253.4271039157159,247.93422281842027,249.38332474051592,24126700
2022-09-08,253.12355041503906,254.9936839784181,249.4714159507378,252.13465383459854,20319900
2022-09-09,258.9395446777344,259.69349050416275,254.8566077082185,255.06221571518003,22084700
2022-09-12,261.08392333984375,261.86724201241935,259.62503526546527,260.2320885613663,18747700
2022-09-13,246.7299041748047,254.96434041286705,246.3382449089679,253.43690662678696,33353300
2022-09-14,246.95510864257812,248.92314610750662,244.64437117407763,248.23776104063654,23913000
2022-09-15,240.25787353515625,246.15219960227225,238.92626196066945,244.55623484084325,31530900
2022-09-16,239.63124084472656,240.17954887293567,237.00717607223177,239.16124972888457,39791800
2022-09-19,239.4158172607422,240.0228704060289,235.82242778090065,237.40860661356453,26826900
2022-09-20,237.3890380859375,238.4269090035508,234.63769708426776,237.01698045564265,26660300
2022-09-21,233.96209716796875,242.4902891041455,233.91313789195507,239.17105337813675,28625600
2022-09-22,235.94969177246094,238.76957838732793,232.61088470558394,232.9046104444063,31061200
2022-09-23,232.95358276367188,236.09658280757657,230.29035968717196,234.53976160325183,34176000
2022-09-26,232.493408203125,236.40991123435145,231.95488604827668,232.10176387611173,27694200
2022-09-27,231.4751434326172,236.75263111289237,229.60500949244985,234.9706149126639,27018700
2022-09-28,236.03785705566406,237.27155015003342,229.83018830583202,231.86677170466896,29029700
2022-09-29,232.54237365722656,234.94122883953057,229.5168785708888,233.90335789912527,27484200
2022-09-30,228.03834533691406,235.51886429289485,227.8718957784232,233.3158317018502,35694800
2022-10-03,235.71475219726562,236.56658686861817,229.76166549682242,230.49600985220198,28880400
2022-10-04,243.684814453125,245.13391633829488,239.86621517346092,239.97391960048338,34888400
2022-10-05,243.99810791015625,245.34930608205255,239.00457608145862,240.85512295414316,20347100
2022-10-06,241.638427734375,245.11432699777998,240.94325684585763,242.7546304477217,20239900
2022-10-07,229.35043334960938,236.28264582394613,228.30276156963245,235.87139983946656,37769600
2022-10-10,224.46456909179688,229.66372422317414,221.99716811850382,228.18524977908294,29743600
2022-10-11,220.7047576904297,224.2785610061986,219.4318911189659,222.868617415671,30474000
2022-10-12,221.03762817382812,223.10358401151333,219.28499973345657,220.69492820055035,21903900
2022-10-13,229.35043334960938,231.1716079398188,214.55584187664203,215.260813649644,42551800
2022-10-14,223.78897094726562,232.2877899192671,223.57356209482342,230.62326425216398,30198600
2022-10-17,232.57171630859375,233.97187376822876,230.2316065839964,230.89741980026062,28142300
2022-10-18,233.52146911621094,238.83811426060802,230.4568010299414,238.16253010733288,26329600
2022-10-19,231.5436553955078,234.60832380326266,229.3993675920163,232.0919634303183,19985700
2022-10-20,231.2205352783203,236.27282763329708,229.9672555385192,230.848477660121,21811000
2022-10-21,237.06590270996094,237.92753808143098,229.60496987693648,229.8399654165025,26299700
2022-10-24,242.08883666992188,242.66651726478315,236.26304156622302,238.67168249474804,24911200
2022-10-25,245.42762756347656,245.79968513373225,240.69844910179847,242.09859154464002,34775500
2022-10-26,226.4913787841797,233.32567243013398,225.2576707603945,226.34450095549056,82543200
2022-10-27,222.0167694091797,228.81190467591765,221.06701621251608,226.21721240884574,40424600
2022-10-28,230.94638061523438,231.6611531534628,221.33137373801566,221.51741001672517,40647700
2022-10-31,227.28448486328125,230.01623936925662,226.32493078796733,228.8804498149715,28357300
2022-11-01,223.40713500976562,230.819124587179,222.58467291232594,229.70292175771823,30592300
2022-11-02,215.50558471679688,226.47179018805932,215.44682462164948,224.67020238397998,38407000
2022-11-03,209.77767944335938,215.80909728979998,209.51331132332834,215.49576989713026,36633900
2022-11-04,216.7686309814453,216.96445312693717,208.9747840925836,213.008792003022,36789100
2022-11-07,223.11337280273438,223.64210905753552,216.66093790033182,217.35612373452656,33498000
2022-11-08,224.09251403808594,226.81448253009583,221.1257640993825,223.9260644471672,28192500
2022-11-09,219.82351684570312,223.85752509677178,219.64728138196077,222.62381708948223,27852900
2022-11-10,237.90798950195312,238.25068951785974,230.09456957786256,230.5155865125669,46268000
2022-11-11,241.9517822265625,242.81341772993616,236.87990270480543,237.91778862490293,34620200
2022-11-14,236.50784301757812,238.81858053288596,234.21669220179876,236.93866076555872,31123300
2022-11-15,236.91903686523438,241.84403773398816,235.01953069663728,240.53201293680507,31390100
2022-11-16,237.35105895996094,239.38356811952744,236.06479199573343,238.3918546720114,24093300
2022-11-17,237.30197143554688,238.8435381539188,233.3253489732536,233.4726257376434,23123500
2022-11-18,236.85031127929688,239.3246657828085,234.6999806378717,239.09882143559938,27613500
2022-11-21,237.66526794433594,240.23780185752938,236.8208462425614,237.05648905453265,26394700
2022-11-22,240.59127807617188,240.86620467498184,236.34954270712095,239.17736129236292,19665700
2022-11-23,243.0950927734375,243.78240928452703,239.84505578484715,240.66983559815458,19508500
2022-11-25,243.00672912597656,244.19480161069367,242.26048692164872,242.82998203144444,9200800
2022-11-28,237.38052368164062,242.1819409644526,236.43792242620464,241.62227427823314,24778200
2022-11-29,235.9764404296875,238.3918693092864,233.89484887777672,237.02704966267706,17956300
2022-11-30,250.51815795898438,250.70471852080405,235.51495518026599,236.21210017721677,47594200
2022-12-01,250.07630920410156,251.48039765327633,246.37459831987624,249.27115626054174,26041500
2022-12-02,250.4003448486328,251.42149877038435,245.16689541650894,245.29454527511953,21528500
2022-12-05,245.66763305664062,249.22206707564106,243.56639967850296,247.4448425749525,23435300
2022-12-06,240.67967224121094,247.2975832452608,239.36394979574598,246.27642932789132,22463700
2022-12-07,239.94325256347656,241.70083524943195,237.82239217411686,240.39492629319693,20481500
2022-12-08,242.9183807373047,244.2341182282718,238.6570027711947,240.40475714406708,22611800
2022-12-09,240.9741973876953,243.8118442321552,239.73702777127033,240.26723904048816,20609700
2022-12-12,247.93577575683594,247.96523110822213,242.69251345682534,242.96744005801403,30665100
2022-12-13,252.26593017578125,259.13912579674894,248.485666591298,256.94951126161465,42196900
2022-12-14,252.5605010986328,257.8332195935308,249.70321169806795,252.47213503033785,35410900
2022-12-15,244.4991912841797,249.5951770987246,242.8594450460343,249.1238764690628,35560400
2022-12-16,240.2574462890625,245.31414811434402,239.0988141825931,244.04752303949846,86102000
2022-12-19,236.09425354003906,240.76803589280172,234.3857831687953,240.4243701377892,29696400
2022-12-20,237.41981506347656,238.50970810030006,234.10103870258786,235.06328188479955,25150800
2022-12-21,240.0021514892578,241.1705970760226,235.76041593639175,237.3117960868346,23690600
2022-12-22,233.87521362304688,237.60637998766668,229.63346281298368,236.8895930796324,28651700
2022-12-23,234.40541076660156,234.54287407253264,229.70218803003908,231.83287676315888,21207000
2022-12-27,232.66749572753906,234.60179555616128,231.55796079001962,234.37596618226544,16688600
2022-12-28,230.28152465820312,235.37751101989465,229.9280454024101,232.5987742278732,17457100
2022-12-29,236.64410400390625,237.53762297062295,231.38119968123485,231.38119968123485,19770700
2022-12-30,235.47569274902344,235.6131560642394,232.37293222571697,233.8948571328509,21938500
2023-01-03,235.2400360107422,241.29826533020105,233.099518684118,238.6766338893005,25740000
2023-01-04,224.94989013671875,228.65158630367102,221.86677141601638,228.07227767052504,50623400
2023-01-05,218.28286743164062,223.42795059014287,217.74282764687024,223.0842848228225,39585600
2023-01-06,220.85540771484375,221.67037414337992,215.376502057129,218.96037666884743,43613600
2023-01-09,223.00570678710938,227.0510830006427,222.30857685730814,222.34784566336893,27369800
2023-01-10,224.70437622070312,227.11980480134105,223.2119069054887,223.63411024135922,27033900
2023-01-11,231.49905395507812,231.67578608133306,226.92346579858452,227.10019792483945,28669300
2023-01-12,234.1894073486328,235.55422702400872,229.32907915113603,230.99828080713587,27269500
2023-01-13,234.8963623046875,235.0338256158968,230.6644400284827,232.7067627824332,21333300
2023-01-17,235.99609375,236.54594701807417,232.79513868140307,233.65920237830696,29831300
2023-01-18,231.53829956054688,237.98929120508885,231.25355950265987,237.19396675189898,30028700
2023-01-19,227.72860717773438,231.25358612173252,226.50125078588513,229.5451006306224,28623000
2023-01-20,235.86843872070312,236.37902316517145,230.26186823597817,230.60553401218095,35389800
2023-01-23,238.18568420410156,240.728762962326,235.30875313249115,236.73249848259866,31934000
2023-01-24,237.65545654296875,239.53086062869244,236.08444941515683,238.1071302689207,40234400
2023-01-25,236.2513427734375,238.89261573480215,226.71723314095732,230.23238312463445,66526600
2023-01-26,243.50747680664062,243.81185875546876,237.61616688389933,239.23627111970282,33454500
2023-01-27,243.66461181640625,245.30435814766528,242.3587028258491,244.4795782533274,26498900
2023-01-30,238.31332397460938,241.1509711328646,237.81255301690885,240.08070505569438,25867400
2023-01-31,243.32095336914062,243.4584166890065,238.5489910046854,239.03993357311754,26541100
2023-02-01,248.1714324951172,250.55740584151195,241.02331092985187,243.50747876870054,31259900
2023-02-02,259.8067932128906,259.8951592726371,252.5899320193859,254.13149875716766,39940400
2023-02-03,253.67001342773438,259.4140470711342,252.44265709216836,254.83845905637355,29077300
2023-02-06,252.1186065673828,253.62088945397664,250.16466496034164,252.77648271728145,22518000
2023-02-07,262.71319580078125,263.90126847590375,255.36868388280342,255.81054419875986,50841400
2023-02-08,261.8982238769531,271.7465302451499,261.387624446795,268.25102168143684,54686000
2023-02-09,258.84454345703125,269.0168886035488,258.039390489122,268.84012651357125,42375100
2023-02-10,258.333984375,259.30604106753316,255.938182254322,256.7924175253064,25818500
2023-02-13,266.4050598144531,269.62564159022224,262.3105859582913,262.79173001037145,44630900
2023-02-14,267.23968505859375,269.9889513959728,264.40202269183845,267.7306276163226,37047900
2023-02-15,265.1036682128906,266.4915975640465,262.0128120607115,264.11932371191284,28922400
2023-02-16,258.0458984375,262.56403597864954,257.79981231844084,259.8866178016932,29603600
2023-02-17,254.0198974609375,256.0181152654841,251.9921505278432,255.32909225276762,30000100
2023-02-21,248.71429443359375,251.49015281418258,247.65120069336206,250.4959553706836,28397400
2023-02-22,247.57244873046875,250.35814511839848,246.42076761233298,250.1120590242694,22491100
2023-02-23,250.7814178466797,252.81900287001184,246.55857211355595,251.55904328555934,29219100
2023-02-24,245.31832885742188,247.07046080416183,244.21586786259348,246.04674916895038,24990900
2023-02-27,246.24359130859375,248.8619509386829,245.48564193779885,248.50758636453622,21190000
2023-02-28,245.51516723632812,247.55276726085282,244.83596722815324,245.17065572399935,22491000
2023-03-01,242.4145050048828,247.00153859615037,241.9420088680049,246.8342018468034,27565300
2023-03-02,247.17872619628906,247.46417946735576,241.76483192375827,242.69011807533903,24808200
2023-03-03,251.2932891845703,251.61812465694902,247.4543518199206,248.24183038751409,30760100
2023-03-06,252.84857177734375,256.04769146394426,251.9725057562709,252.41545778581911,24109800
2023-03-07,250.17111206054688,253.65569949180863,249.42301575717852,252.2874464179105,21473200
2023-03-08,249.7281494140625,250.55499503290108,246.88339494789705,250.0628228759873,17340200
2023-03-09,248.3697967529297,255.49644089849014,247.6413764588662,251.8150022990688,26653400
2023-03-10,244.6981964111328,248.83244032000758,243.72370496584182,247.14921963092033,28333900
2023-03-13,249.94471740722656,253.87225680008146,241.88293471762614,243.52678799195508,33339700
2023-03-14,256.70721435546875,256.9828296179448,251.85438808848426,252.7304541056199,33620300
2023-03-15,261.2843933105469,262.3081199500826,255.15191657038366,255.90988102264944,46028000
2023-03-16,271.8759460449219,272.23029562382413,259.1582026765928,261.05798023414945,54768800
2023-03-17,275.0553283691406,278.89426524045854,271.9940319281041,273.90366232764774,69527400
2023-03-20,267.96807861328125,273.1358865548913,265.6253342067157,272.643714369976,43466600
2023-03-21,269.4938049316406,270.6947062847507,265.30048823245505,270.57658976474096,34558700
2023-03-22,268.0271911621094,276.64020614272164,267.91889763879357,269.1197992148257,34873300
2023-03-23,273.3130798339844,276.65984491000785,270.8916009314238,273.5886950746026,36610900
2023-03-24,276.17755126953125,276.23660953799197,270.9703603082994,272.8996671709077,28172000
2023-03-27,272.0531005859375,277.0535567459473,271.20654881077553,276.1085945660647,26840200
2023-03-28,270.9211120605469,271.8168690429862,267.79087413033056,271.4723425051547,21878600
2023-03-29,276.11846923828125,276.73861104356007,274.0513399006214,274.59271732819036,25087000
2023-03-30,279.6029968261719,280.00658160899906,277.07325471108254,279.7802016370314,25053400
2023-03-31,283.7864990234375,284.7413143620683,278.5694853421409,279.288067620429,32766000
2023-04-03,282.73321533203125,283.75691174361395,279.50456732978654,282.03430927205466,24883300
2023-04-04,282.6839904785156,285.9028155833691,281.1976510040957,282.7332257176792,25824300
2023-04-05,279.88848876953125,282.6544941864627,278.490736515466,281.37485845642465,22064800
2023-04-06,287.03485107421875,287.50731719041386,277.61466736506213,278.7761866204537,29770300
2023-04-10,284.85943603515625,285.06613994489004,280.25268148244174,284.68223121557776,23103000
2023-04-11,278.4021301269531,281.5028392047115,277.23078785734424,281.27642916480585,27276600
2023-04-12,279.0517883300781,282.51669989305793,277.5457425781535,280.331454092245,27403400
2023-04-13,285.3023986816406,285.3614569468839,278.7368378636827,279.1502457203857,24222700
2023-04-14,281.6603698730469,283.963732563657,279.2487136589597,282.50689178472044,20987900
2023-04-17,284.2785949707031,287.03477677423257,281.6799418848738,285.390908731001,23836200
2023-04-18,283.85540771484375,287.1923498602999,282.51671366556474,287.00532200932577,20161800
2023-04-19,283.9341125488281,284.52469507035653,280.0853229045868,281.51260405135076,17150300
2023-04-20,281.6308288574219,284.5051284066569,280.6169550858404,280.7843068911641,23244400
2023-04-21,281.2862548828125,281.78825008105144,278.6285130858529,280.54799661030216,21676400
2023-04-24,277.3587341308594,280.4889724167193,274.3564954739549,277.67373157493995,26611000
2023-04-25,271.108154296875,277.1913956236309,271.0589190518227,275.13411938360406,45772200
2023-04-26,290.74578857421875,294.8800468988335,288.1471350865969,292.05498339426265,64599200
2023-04-27,300.0577392578125,300.42197197875873,290.62773158265634,291.33646086804055,46462600
2023-04-28,302.44964599609375,304.09348419157374,298.5614739081994,299.25052694953416,36446700
2023-05-01,300.7762756347656,303.7686910534892,300.3726908217299,302.1642048581886,21294100
2023-05-02,300.6286315917969,304.33959922450805,299.1521149683054,302.9418469765617,26404400
2023-05-03,299.6344299316406,303.77851145251077,299.32928557023496,301.81967570546,22360800
2023-05-04,300.6286315917969,302.9418469765617,298.65008970357985,301.44562423928016,22519900
2023-05-05,305.7865905761719,307.085932430796,299.50646831862997,300.93377975527426,28181200
2023-05-08,303.8179016113281,305.34365349819655,301.29798227952045,305.27474217870144,21318600
2023-05-09,302.1937561035156,305.1861717412248,301.51455600745976,303.1781005859375,21340800
2023-05-10,307.42059326171875,308.09979329228884,302.85325092434726,303.78836006860274,30078000
2023-05-11,305.2550354003906,306.24923288297435,301.46533339371814,305.2452123832041,31680200
2023-05-12,304.1329345703125,305.7866261925519,301.80004281040124,305.68818573031615,19758100
2023-05-15,304.6152038574219,305.04831778842316,302.77448467056973,304.26085429922443,16336500
2023-05-16,306.8594970703125,308.79865663517415,304.9793957630767,304.9793957630767,26730300
2023-05-17,309.75982666015625,310.1840128280389,306.54383920821226,308.07292647953415,24315000
2023-05-18,314.2187194824219,314.73171670975825,309.4835503569038,310.28260977051656,27276000
2023-05-19,314.04119873046875,314.44566578774686,312.0977999996557,312.46279877914503,27529500
2023-05-22,316.8428955078125,318.23385899609656,313.7157188876359,314.2977481307369,24115700
2023-05-23,311.0028076171875,318.3620609809565,310.99293302124596,315.70838374356634,30797200
2023-05-24,309.6118469238281,312.22605590477934,308.3885711303924,310.47996842062906,23384900
2023-05-25,321.5188903808594,322.4856374964896,315.6788189832587,318.87505739171115,43301700
2023-05-26,328.39471435546875,328.89780691493297,319.50637450410005,319.64446830879535,36630600
2023-05-30,326.73736572265625,331.20619186335273,326.0566810034036,330.70309932273216,29503100
2023-05-31,323.9555358886719,331.4035709455312,322.9098221088515,327.8028654551653,45950600
2023-06-01,328.0889587402344,329.0261423603548,320.3351115040078,321.52876371583415,26773900
2023-06-02,330.870849609375,332.94249783924806,328.0593291620814,329.73638489709236,25864000
2023-06-05,331.403564453125,333.9881799034305,330.1408504123087,330.6932859235735,21307100
2023-06-06,329.1741027832031,330.84128406335816,327.68451373049646,330.80181577887186,20396200
2023-06-07,319.0131530761719,329.9731116515835,318.1450315839659,327.17146599385774,40717100
2023-06-08,320.8677978515625,322.229167569566,318.9835862960409,319.5656155034306,23277700
2023-06-09,322.37713623046875,325.53390634602147,320.0292702055803,320.6014248165846,22514900
2023-06-12,327.3687744140625,327.6153984673946,320.76911233845874,324.1429125289751,24260300
2023-06-13,329.7758483886719,332.42952577838406,325.9285189350578,329.95341049295934,22951300
2023-06-14,332.7845764160156,334.4616317559116,328.31575047987195,329.82508824359013,26003800
2023-06-15,343.3993225097656,345.1158162103727,332.6465202868888,332.9227380100379,38899100
2023-06-16,337.7072448730469,346.72383496475805,337.3324015901357,346.57586654973045,46533600
2023-06-20,333.4850769042969,337.4606559646964,331.3246475034231,334.7280719309583,26375400
2023-06-21,329.05572509765625,333.16942818607606,327.5858551475746,331.82777747484,25117800
2023-06-22,335.1226501464844,335.52711724274883,328.8386735229286,329.6081394338645,23556800
2023-06-23,330.4959411621094,333.396242355337,328.9471650313448,329.8448500671527,23084700
2023-06-26,324.1626892089844,331.5712559275852,324.05415896146803,329.2135454326496,21520600
2023-06-27,330.052001953125,331.61065251898395,324.8531483244566,327.3785758903238,24354100
2023-06-28,331.31475830078125,333.4160000459161,329.30229760192987,330.14082540190753,20259500
2023-06-29,330.52557373046875,331.5712574014784,328.1283949434642,330.19016860066165,16997000
2023-06-30,335.94146728515625,338.1018966475319,332.6465731689778,333.18913410608565,26823800
2023-07-03,333.4258728027344,336.29658063116784,332.0250649242067,334.60968039782284,12508700
2023-07-05,333.583740234375,337.03647751633315,330.2099395207875,330.5650637620157,18172400
2023-07-06,336.6615295410156,338.3583041195477,330.969457605854,332.74513862980643,28161200
2023-07-07,332.6662292480469,337.1745238292714,332.44919889321517,334.7378771613544,21185300
2023-07-10,327.34906005859375,330.7031716252325,323.16632530270994,330.0816741278203,32791400
2023-07-11,327.9803771972656,328.3650950420955,322.5842420360522,326.58941400885703,26698200
2023-07-12,332.64654541015625,337.03643563123427,331.1372073615491,332.0546416428547,29995300
2023-07-13,338.0328369140625,339.0982397067737,334.4419758130588,334.97469226215384,20567200
2023-07-14,340.57794189453125,346.684355842652,339.66050764457793,342.8962140090438,28302200
2023-07-17,341.06134033203125,342.30430506599646,337.5790099679338,341.0119974589969,20363900
2023-07-18,354.635498046875,361.8270635461225,337.5494072854083,341.1599567699789,64872700
2023-07-19,350.28509521484375,357.5654427726351,347.6807606209098,356.86503882465547,39732900
2023-07-20,342.1859130859375,353.1360263193054,340.7061688680628,348.7954493013007,33778400
2023-07-21,339.1278076171875,345.56962697471664,335.2410099540345,344.4351622996389,69368900
2023-07-24,340.4497375488281,342.2353236218042,337.68755983819176,341.17976531237275,26678100
2023-07-25,346.240478515625,347.1381937516986,340.41028183220885,342.42271258678073,41637700
2023-07-26,333.20880126953125,340.01564894257064,328.61172549409804,336.8292554681692,58383700
2023-07-27,326.2539978027344,336.72070717863835,324.60653603697625,335.88220956155055,39635300
2023-07-28,333.80072021484375,335.418588461766,328.6709579484161,329.16420605704235,28484900
2023-07-31,331.3838195800781,333.1397816268532,328.85836158947654,332.3703157885018,25446000
2023-08-01,331.79815673828125,333.96846060651745,329.1938222018752,330.66369203212577,18311900
2023-08-02,323.0775451660156,329.1247724313431,321.9529249093119,329.1247724313431,27761300
2023-08-03,322.2488708496094,325.42539000063243,321.5484669368351,321.597779707483,18253700
2023-08-04,323.353759765625,330.61438827280773,322.82104332790357,327.3984006637002,23727700
2023-08-07,325.65228271484375,326.6387790256658,323.09726088247197,323.9357887677664,17741500
2023-08-08,321.6470642089844,324.3106159103617,318.6382629324619,322.54477933640453,22327600
2023-08-09,317.8786926269531,322.69276896492516,316.7146041895466,322.0614270294025,22373300
2023-08-10,318.5692138671875,323.8272555255074,316.84284549970266,321.6174835434037,20113700
2023-08-11,316.6752014160156,318.0562902782417,314.8994899313142,315.9353291570932,24342600
2023-08-14,319.66424560546875,319.6839646920239,315.7576988733088,317.0500366268224,18836100
2023-08-15,317.5136413574219,320.70003480975896,316.56661346813354,318.63826143664926,16966300
2023-08-16,316.7425842285156,320.7167146880456,316.1494272765782,317.13801214006867,20698900
2023-08-17,313.26275634765625,318.19578484702873,312.60039125699797,316.88098033707746,21257200
2023-08-18,312.86737060546875,314.74567594521795,307.99362395485656,310.9000660727955,24744800
2023-08-21,318.2057189941406,319.08554388527233,313.42097159988043,314.30079649101214,24040000
2023-08-22,318.779052734375,322.357724957099,317.7904679139887,321.7843590357293,16102000
2023-08-23,323.2672119140625,325.4421104227594,319.7676134661455,320.1235196626651,21166400
2023-08-24,316.3175048828125,329.1790038104103,316.3076093798751,329.05048294908903,23281400
2023-08-25,319.29315185546875,321.64595850158366,315.16084417438077,317.8003790491066,21684100
2023-08-28,320.00494384765625,322.4269587484768,318.0475348868792,321.9425618021561,14808500
2023-08-29,324.6611633300781,325.2246639510212,318.20570528498234,318.20570528498234,19284600
2023-08-30,325.0368347167969,326.0451804445671,322.72354969246516,324.91820935696705,15222100
2023-08-31,324.0185546875,327.1325906870204,323.04973074953705,325.44211917343154,26411000
2023-09-01,324.90826416015625,328.2002380688031,323.04972002250327,327.5280076864386,14931200
2023-09-05,329.7424621582031,331.02764055502126,324.9082979662232,325.2444131923776,18553900
2023-09-06,329.0801086425781,330.64205933119945,326.41091765065016,329.5744010359564,17535800
2023-09-07,326.1440124511719,329.2778093480337,325.27405300686524,327.50826429163334,18381000
2023-09-08,330.4542541503906,332.32269403883413,325.699163331797,326.3219766279449,19530100
2023-09-11,334.0823974609375,334.556929093658,331.60103960424,333.3903759343724,16583300
2023-09-12,327.9827880859375,332.94550339059816,327.69612019842117,331.9865748697913,17565500
2023-09-13,332.22381591796875,333.0048063818992,327.38965178199726,327.52803797035625,16544400
2023-09-14,334.8337097167969,336.9690265009899,332.7280191029121,335.27855480966366,20267000
2023-09-15,326.4504699707031,333.5485015094664,325.8869694008101,333.0740001194204,37666900
2023-09-18,325.3037414550781,326.6284415872305,322.63455018467687,324.058114839662,16834200
2023-09-19,324.8984069824219,325.6299802911353,320.8056813654168,322.44673584714667,16505900
2023-09-20,317.1083679199219,325.827693989748,316.8513563606588,325.7486204721018,21436500
2023-09-21,315.88250732421875,321.6360782353787,311.40421928226147,315.6156002828941,35529500
2023-09-22,313.39129638671875,317.78061558235316,312.54109771841047,317.6520947233704,21447900
2023-09-25,313.9152526855469,314.04377354761226,311.404238631424,312.9760849775433,17836000
2023-09-26,308.576904296875,312.27420215829727,306.4810789726441,311.5327634853885,26297600
2023-09-27,309.2194519042969,310.7121944558891,306.1548329521496,308.7350248311766,19410100
2023-09-28,310.0597229003906,311.87871514633724,305.9175505522908,307.4399492837349,19683600
2023-09-29,312.1456604003906,315.82319717862225,311.38446094140835,314.12283006246753,24140300
2023-10-02,318.1265869140625,318.21558609786393,311.58216015238867,312.66960950158256,20570000
2023-10-03,309.8126525878906,317.72133220387497,307.65751446392886,317.167696875075,21033500
2023-10-04,315.31903076171875,316.38671934680445,310.4156581127954,310.4453144529802,20720100
2023-10-05,315.7144470214844,316.3273949780159,311.30536698470246,315.4475399696837,16965600
2023-10-06,323.5242614746094,325.4322228400408,312.6893506739022,312.93649686639475,25645500
2023-10-09,326.0550842285156,326.529585679886,319.49086590519653,321.0429514638944,19891200
2023-10-10,324.6413879394531,327.32044439073553,323.92960565259705,327.1820280328287,20557100
2023-10-11,328.6253662109375,329.0207940895387,325.38280933566625,327.4291569039612,20063200
2023-10-12,327.3797607421875,329.82156651499986,324.9676113079431,326.7964993042076,19313100
2023-10-13,323.9889221191406,330.01926553838706,322.63453553932317,328.58583561463803,21072400
2023-10-16,328.8428955078125,332.3029426566613,326.82617386510276,327.2710189684246,22158000
2023-10-17,328.2695007324219,329.65351356385685,323.67258696373347,325.8276948133406,18338500
2023-10-18,326.34173583984375,331.759191769858,324.55239964479256,328.6945726494821,23153600
2023-10-19,327.5379333496094,333.0344625947889,327.1326099487148,328.35844548463956,25052100
2023-10-20,322.9410705566406,328.1311417316229,321.73499566730453,327.93341266679295,25012600
2023-10-23,325.5608215332031,328.93190002517764,320.6871046924894,321.75476322489516,24374700
2023-10-24,326.7569580078125,328.0520017824309,323.86041156041205,327.5181575017648,31153600
2023-10-25,336.78118896484375,342.24806157017446,333.765987296064,341.08150860571766,55053800
2023-10-26,324.1471252441406,337.7302724471152,323.20795749855927,336.6527185001531,37828500
2023-10-27,326.045166015625,332.8762909295408,324.65125776087774,326.6580837937659,29856500
2023-10-30,333.45953369140625,335.5751196269722,328.0420781717034,329.60405903742685,22828100
2023-10-31,334.25042724609375,335.1302822914459,330.8694837708354,334.98200058976215,20265300
2023-11-01,342.11956787109375,343.45416345864317,335.7728398301243,335.9112561909914,28158800
2023-11-02,344.3439025878906,344.8480603761851,340.83440806099617,343.2762139918915,24348100
2023-11-03,348.7727355957031,350.34461211282445,343.36517506433484,345.6389384028993,23624000
2023-11-06,352.4601135253906,353.4585937595162,349.3164213161704,349.41528582327794,23828300
2023-11-07,356.4145202636719,358.3224819200667,353.54763002740117,355.29741447617323,25833900
2023-11-08,359.0540466308594,359.7163816170377,356.4342725186346,357.55137827923454,26767800
2023-11-09,356.5726623535156,360.62586616316025,356.2464124670446,358.1642694379123,24847300
2023-11-10,365.4501953125,365.8752795812783,356.94835909084804,357.3635478564213,28042100
2023-11-13,362.49432373046875,364.2638992456972,361.72322867303586,364.0167530071711,19986500
2023-11-14,366.0433044433594,367.70414993309754,363.15665355329156,366.77487775321134,27683900
2023-11-15,366.1919250488281,369.6193627244979,363.6559833296178,367.7867626439103,26860100
2023-11-16,372.6307373046875,372.8090364808357,366.6970749456609,367.4697349394166,27182300
2023-11-17,366.3702087402344,370.84767066024057,363.5470174090878,370.09481157714856,40157000
2023-11-20,373.8887939453125,375.3053322916461,367.5093833628424,367.7273146646205,52465100
2023-11-21,369.5599365234375,372.6802933507884,367.62827122388927,372.13548017935176,28423100
2023-11-22,374.2949523925781,376.2167020543969,371.4420444315091,374.44353505087355,23345300
2023-11-24,373.87890625,374.4138340725339,371.61047370141006,373.7798410635381,10176600
2023-11-27,375.04779052734375,377.05872006421737,372.6604918874323,373.23502159050327,22179200
2023-11-28,379.099365234375,379.39653058129164,374.6020715248377,374.7902863213691,20453100
2023-11-29,375.2855224609375,380.6842269423362,373.88878509131484,380.1493294028235,28963400
2023-11-30,375.3450012207031,376.51389184921896,371.9373642934916,374.92893951997735,30554400
2023-12-01,370.98638916015625,374.6020416682448,367.8164846369156,373.21521977574577,33020400
2023-12-04,365.6669006347656,366.0432999492324,359.4855901354516,365.6272685167618,32063300
2023-12-05,369.01507568359375,369.5698044164444,362.1800014727598,363.002209215325,23065000
2023-12-06,365.330078125,370.65946442979055,364.5673336677576,370.0255016850389,21182100
2023-12-07,367.4598388671875,367.9551344956752,362.87339651052025,364.7654294389967,23118900
2023-12-08,370.708984375,370.93680102116286,364.765436714598,365.7263114622475,20144800
2023-12-11,367.8065490722656,368.10374460980563,362.6554922898368,365.0131044942587,27708800
2023-12-12,370.8575744628906,370.8972065792804,366.9744432787704,367.3607883950642,24838300
2023-12-13,370.8476867675781,374.086939898613,367.28155178547297,372.48215648382853,30955500
2023-12-14,362.4870910644531,370.24343838413614,360.70403869901645,369.79766017755225,43277500
2023-12-15,367.2419128417969,368.8961833355917,362.833769592936,363.39841387280694,78478200
2023-12-18,369.14385986328125,369.4905728812435,365.2112110016812,365.9739856872879,21802900
2023-12-19,369.74810791015625,369.74810791015625,366.36027245806446,367.9947420109948,20603700
2023-12-20,367.13299560546875,372.49209893738356,367.0438460032924,371.47179096076275,26316700
2023-12-21,370.0254821777344,370.8872917707244,366.5584126323143,369.0546918220557,17708000
2023-12-22,371.0556945800781,371.6500554361655,369.20329359245756,370.16416841117154,17091100
2023-12-26,371.13494873046875,373.393495737859,369.98585916804944,371.47174615266005,12673100
2023-12-27,370.550537109375,371.5312129344826,369.30238225527376,370.1741075355698,14905400
2023-12-28,371.7491149902344,372.9180055102288,370.6396575319042,371.83826458273074,14327000
2023-12-29,372.50201416015625,373.61147173786514,369.9661024881211,372.46238203796617,18723000
2024-01-02,367.3805847167969,372.3632576668665,363.3191544056819,370.3424429826701,25258600
2024-01-03,367.1131591796875,369.7481357898977,365.04282689247566,365.5381225658885,23083500
2024-01-04,364.4781799316406,369.5896348719219,363.71543548306664,367.1825051718643,20901500
2024-01-05,364.28997802734375,368.559424433647,363.0517388090319,365.4985007136341,20987000
2024-01-08,371.1646728515625,371.66988411040546,365.53812127674354,365.8253710003868,23134000
2024-01-09,372.2543029785156,372.4524030948654,367.69757707621847,368.50986917545833,20830000
2024-01-10,379.1686096191406,380.5554615818058,372.77931406448965,372.828831535822,25514200
2024-01-11,381.0111999511719,387.0042662211611,376.80118622568045,382.368305421105,27850800
2024-01-12,384.8150329589844,385.0230486833725,381.03096664819185,381.8630597761942,21645700
2024-01-16,386.5980529785156,390.32268591338345,383.9729920985464,389.95617197189966,27202300
2024-01-17,385.80560302734375,386.4395657529972,381.1894438434919,384.32963163268903,22234100
2024-01-18,390.1642150878906,390.2830812145117,386.4494974787357,388.0344497047316,23392100
2024-01-19,394.9190673828125,394.9190673828125,389.7976967944334,392.0364429224476,29272000
2024-01-22,392.7793884277344,396.85070439221124,389.8868483654438,396.25634353223927,27016900
2024-01-23,395.1468505859375,395.6223452773298,390.22361077691727,392.0264941391943,20525900
2024-01-24,398.7724304199219,401.8135529594447,396.6822972921996,397.7620381791371,24867000
2024-01-25,401.0606994628906,403.18057938018296,398.7427194215606,400.5158863337274,21021200
2024-01-26,400.12957763671875,402.3485229332517,398.64369053415635,400.5654402719064,17803300
2024-01-29,405.8651123046875,406.12267574413715,400.52581011271667,402.23954412902646,24510200
2024-01-30,404.7456970214844,409.1637257700459,402.6258473520781,408.38118040629575,33477600
2024-01-31,393.83929443359375,411.41240548584386,393.47278047208044,403.1310461052013,47871100
2024-02-01,399.9809875488281,404.161284395668,398.01960572688716,398.0493222591689,30657700
2024-02-02,407.3509826660156,408.7675210638453,399.7630491761005,400.0106970175581,28245000
2024-02-05,401.8334045410156,407.2915729534139,400.189019151807,406.0434180871643,25352300
2024-02-06,401.6748962402344,404.1315737898632,399.1191837351809,402.06124139601184,18382600
2024-02-07,410.15435791015625,410.4020057606588,403.5669311328783,403.60656325348486,22340500
2024-02-08,410.2137756347656,411.65014520614363,408.6486545795197,410.1543425713037,21225300
2024-02-09,416.5931701660156,416.8606491715924,411.18454998916735,411.34304822902254,22032800
2024-02-12,411.3529968261719,416.7814183822025,410.8477855354943,416.6031191844753,21202900
2024-02-13,402.4971008300781,406.21181854248556,399.5946753127585,401.13007987504017,27824900
2024-02-14,406.3873596191406,406.73471379055,401.50465451788693,404.97813565927675,20401200
2024-02-15,403.4795837402344,406.03011869599004,401.22679392364836,405.0476293953427,21825500
2024-02-16,400.9985046386719,405.19646556123695,400.38320711756694,404.86894895397035,22281100
2024-02-20,399.7381591796875,401.4252604899609,394.9943773768075,400.1847314590158,24307900
2024-02-21,399.1327819824219,399.24196429062215,394.21037106162225,397.1380318118269,18631100
2024-02-22,408.5310363769531,409.70208857639847,405.47438600636866,407.08210687109107,27009900
2024-02-23,407.2309265136719,412.7090915973696,405.87131159465224,412.5205590554713,16295900
2024-02-26,404.4521789550781,409.0371695148512,404.27351975281573,408.34246112673543,16193500
2024-02-27,404.3926086425781,405.2262404801438,400.7901076502163,404.89872387010075,14835800
2024-02-28,404.6307678222656,406.1987830728558,402.24895832016676,405.0872739909664,13183100
2024-02-29,410.5059814453125,411.06173606105705,402.84447248671415,405.5438650287684,31947300
2024-03-01,412.3518371582031,412.71902889421233,407.76684684717014,408.153876143975,17800300
2024-03-04,411.7762451171875,414.18782621068357,409.19593875466035,410.307447886493,17596000
2024-03-05,399.5992126464844,411.1113283199567,397.60446252322527,410.8235170993726,26919200
2024-03-06,399.04345703125,402.0902036474927,395.37150921419715,399.91679432847235,22344100
2024-03-07,406.0400695800781,406.6752047214003,399.1923248157397,403.04293193355477,18718500
2024-03-08,403.14215087890625,407.3103404061873,401.2664565057241,404.8689575439801,17971700
2024-03-11,401.4550476074219,402.6062622273282,398.21976836345937,400.700826521959,16120800
2024-03-12,412.13348388671875,412.4212950799544,403.70782104780903,404.5315189350478,22457000
2024-03-13,411.9548645019531,415.0115145438447,408.33252598364385,414.93213401612815,17115900
2024-03-14,421.9981994628906,424.5785058716351,414.8229687362819,417.05592096351893,34157300
2024-03-15,413.264892578125,419.39806083838096,409.6623914264508,416.1131423873529,45049800
2024-03-18,414.1580505371094,417.54221722990445,410.6448639845401,411.111304092611,20106000
2024-03-19,418.2170715332031,418.4751112612702,412.40145573236146,414.6641794557911,19837900
2024-03-20,422.0081481933594,422.73259778034867,417.4727666861834,418.8026102027015,17860100
2024-03-21,426.11676025390625,427.55578606152034,423.9235133811952,426.57326646256405,21296200
2024-03-22,425.49151611328125,426.6030252593982,422.8417631107263,426.44426419825527,17636500
2024-03-25,419.65606689453125,424.1716107025241,418.41553787360243,422.0180389961963,18060500
2024-03-26,418.4552001953125,422.76231287812396,418.15748537548563,422.3851872487767,16725600
2024-03-27,418.2369079589844,421.23404544961727,415.83526074059097,421.2241115258407,16705000
2024-03-28,417.53228759765625,418.6735682140503,415.94440442920035,417.7704594727013,21871200
2024-04-01,421.3531188964844,424.64797113919235,419.0209183546172,420.7378213676411,16316000
2024-04-02,418.2468566894531,419.17973696688534,414.6741269340057,416.9269168072685,17912000
2024-04-03,417.2643737792969,420.0530807303401,415.91466239033053,416.5498278172216,16502300
2024-04-04,414.71380615234375,425.4220608182633,414.4061573873391,421.76992047315406,19370900
2024-04-05,422.2959289550781,423.2784485638512,415.1504997519638,416.8276974614869,16544300
2024-04-08,421.3729553222656,424.0425761054586,420.09272093696904,421.9485777283347,14272400
2024-04-09,423.0501708984375,424.4991003259259,418.4254750382327,423.20896224870864,12512300
2024-04-10,420.05303955078125,420.8171944866389,416.5200154975315,418.9911394928746,16216600
2024-04-11,424.6876220703125,426.11671379812606,419.1598179763637,422.5936238068228,17966400
2024-04-12,418.7033386230469,421.9584854811625,416.58947237839413,420.83704242845164,19232100
2024-04-15,410.5059814453125,423.5861130505976,410.29755074964197,423.36777871681545,20273500
2024-04-16,411.43878173828125,415.2298454910269,410.5952462785095,411.42887810136665,16765600
2024-04-17,408.71954345703125,415.7062108618487,407.22097481991534,414.08855629342435,15855500
2024-04-18,401.2069396972656,408.769230365435,400.8893872722647,407.5187673684452,21029900
2024-04-19,396.095947265625,402.4077746386735,394.7561698730406,400.9687488676842,30276500
2024-04-22,397.9219970703125,399.7976914523607,392.7514806878664,397.04865981007964,20286900
2024-04-23,404.48193359375,405.10716505974153,400.0060952402287,401.1771473553241,15734500
2024-04-24,405.9606018066406,409.3447683032301,403.69787828909796,406.4568133700171,15065300
2024-04-25,396.01654052734375,396.8601062584313,385.0899520019121,391.0444908759172,40586500
2024-04-26,403.2414245605469,409.87080464048637,402.6856699602139,409.04710666417816,29694700
2024-04-29,399.2022399902344,403.24140976178137,396.1654273618807,402.1795096483343,19582100
2024-04-30,386.380126953125,399.112934090919,386.2213658866136,398.44799719369325,28781400
2024-05-01,391.9476318359375,398.6762601059751,387.35270744745037,389.635268755834,23562500
2024-05-02,394.8256530761719,396.89981398666424,391.6598205584853,394.64702416400013,17709400
2024-05-03,403.5788269042969,404.06510458639696,398.815177316325,399.2320083912343,17446700
2024-05-06,410.4067077636719,410.7937370714025,403.29101993493754,405.66292597330005,16996600
2024-05-07,406.2384948730469,411.52812730475875,405.9903890817075,411.5181933814727,20018200
2024-05-08,407.4294128417969,409.1066104061556,403.6284151762591,405.07737479693975,11792300
2024-05-09,409.1959533691406,409.59291660377954,406.00034935781423,407.45921271703617,14689700
2024-05-10,411.59759521484375,412.23276061100023,408.67986853475014,409.8112455392715,13402300
2024-05-13,410.5852966308594,415.1802205470415,407.70727562461724,414.84280031878484,15440200
2024-05-14,413.40380859375,414.3267549073316,408.43175863614476,408.8981987547859,15109300
2024-05-15,420.6317443847656,421.35753100749633,414.85536761085484,415.48172683662517,22239500
2024-05-16,418.5538330078125,422.9582208339026,417.91755229509,419.35914332573157,17530100
2024-05-17,417.7783203125,420.4726599302369,415.6109428181483,420.09485405964773,15352200
2024-05-20,422.878662109375,424.30037978174784,417.55961512858175,417.778343258253,16272100
2024-05-21,426.5572509765625,430.46450167288947,422.39149513236316,424.36001790160714,21453300
2024-05-22,428.0286865234375,429.9077641693655,424.6583193119375,427.60118209872775,18073700
2024-05-23,424.5290832519531,431.090897164325,422.9582395726222,430.46453792464195,17211700
2024-05-24,427.6707763671875,428.565562226306,421.95405016489985,424.71796179341015,11845800
2024-05-28,427.8298645019531,428.3269711402922,424.13138989907134,427.14385491376675,15718000
2024-05-29,426.6865234375,428.44627000677747,423.22665032702537,423.22665032702537,15517100
2024-05-30,412.2704162597656,421.84466424386284,411.84288150879064,421.84466424386284,28424800
2024-05-31,412.7277526855469,414.3383733012913,402.1692127903504,414.3383733012913,47995300
2024-06-03,411.1270446777344,414.02020882309534,406.553688084388,413.1254229827006,17484700
2024-06-04,413.6623229980469,414.03017705380546,407.30928563189894,410.04337212748766,14348900
2024-06-05,421.5563659667969,421.6259378345122,413.89096003424896,415.39223173706347,16988000
2024-06-06,422.0633850097656,422.848821948627,418.14618249774657,421.5563568996983,14861300
2024-06-07,421.3973083496094,423.81323935854607,420.55222098628695,423.73371564550735,13621700
2024-06-10,425.39404296875,425.6028192678221,421.4370934236562,422.2424037753453,14003000
2024-06-11,430.1761779785156,430.3153823959729,422.78918087724,423.01786084549974,14551100
2024-06-12,438.5076904296875,440.8341457768561,430.7428874309175,432.8009161252906,22366200
2024-06-13,439.0246887207031,440.8242426789463,436.8274858579273,438.2989324414096,15960600
2024-06-14,440.00897216796875,440.5756810111054,434.19281849694386,435.74378876375306,13582000
2024-06-17,445.775390625,448.3305259626429,438.16966532085047,440.0288392462003,20790000
2024-06-18,443.75714111328125,447.53516969127554,442.3155500964385,447.10763493198164,17112500
2024-06-20,443.1208801269531,443.94606381625726,438.7164921470121,443.71738383441055,19877400
2024-06-21,447.17724609375,447.97260457820744,443.9261796037789,444.79114029939626,34486200
2024-06-24,445.0794677734375,450.13005783321864,443.82674934456685,447.197116551364,15913700
2024-06-25,448.3404541015625,448.80773551860256,444.1647465305247,445.65606632861267,16747500
2024-06-26,449.54345703125,450.9751265075422,445.59642930053803,446.4017395883299,16507000
2024-06-27,450.2294921875,453.5302875755873,449.1557248487335,449.56335593650766,14806300
2024-06-28,444.3636169433594,452.7448272217048,443.8267333016812,450.44819707911165,28362300
2024-07-01,454.0870361328125,454.72331684606445,443.0810879907853,446.0637277902953,17662800
2024-07-02,456.62225341796875,456.9304570935814,450.48794440717063,450.57745029839504,13979800
2024-07-03,458.1036376953125,458.3521910129211,455.23037712106725,455.5385808076234,9932800
2024-07-05,464.8543395996094,465.6397765538939,456.3140515175161,456.95033221316646,16000300
2024-07-08,463.5419921875,464.99356542878803,461.77229375422786,463.8501958785038,12962300
2024-07-09,456.8807678222656,464.6256672353131,455.3496709136752,464.29759021110544,17207200
2024-07-10,463.55194091796875,463.7607172108967,456.20469022907776,458.55104934272356,18196100
2024-07-11,452.06878662109375,462.0904430463112,448.93699054354346,460.3008712942663,23111200
2024-07-12,450.9254150390625,453.71915189160546,448.0422026334216,451.70090017355875,16324300
2024-07-15,451.3330383300781,454.6139602586164,448.8176800220224,450.67685394437046,14429400
2024-07-16,446.9187316894531,451.67106983710227,444.07529634239484,451.5915461266938,17175700
2024-07-17,440.9534606933594,442.2757813397234,436.63857872187197,440.0288496296795,21778000
2024-07-18,437.82171630859375,442.07694811849893,431.88626155510383,441.76874441556754,20794800
2024-07-19,434.5805358886719,438.58724438350157,429.5001207828966,430.59376141790096,20940400
2024-07-22,440.3768310546875,442.0272287343498,436.37015276462773,439.23349185507885,15808800
2024-07-23,442.2757873535156,445.7953108894537,440.53591409904936,441.33127259326983,13107100
2024-07-24,426.4180603027344,438.9252800797557,425.11564336198785,437.90124163761953,26805800
2024-07-25,415.97882080078125,427.3128458662045,415.0939867790631,426.31863260886945,29943800
2024-07-26,422.8090515136719,426.4379540941027,414.8553456338981,415.7799870015666,23583800
2024-07-29,424.2606506347656,429.6492697069918,422.2423988579534,429.0825608465564,15125800
2024-07-30,420.4726867675781,426.5671885866718,414.9448331085773,425.2448982961915,32687600
2024-07-31,415.92913818359375,419.33928250485553,409.8246539863894,418.0666907004293,42891400
2024-08-01,414.6962585449219,424.98637136355273,410.6995323530128,418.3549862264431,30296400
2024-08-02,406.1261901855469,412.59852862073603,402.0002109675361,410.1030434734576,29437900
2024-08-05,392.8633728027344,398.7193036046689,383.34874440032485,386.91799678720787,40709200
2024-08-06,397.29754638671875,403.3225066578681,396.1939842314513,397.6853041219084,24946500
2024-08-07,396.1243591308594,407.7069368759002,395.16992295159474,406.27529777749277,20650900
2024-08-08,400.3597106933594,403.51134950514665,397.6256244291568,400.1111573966137,20203000
2024-08-09,403.67047119140625,405.68872296700823,399.9322498333492,401.6919964430869,19276700
2024-08-12,404.4559020996094,406.39463013243375,401.9007666876047,404.7044554196647,16762900
2024-08-13,411.6142578125,412.54882074125726,407.1999483356839,407.2198216789193,19414300
2024-08-14,414.4477233886719,415.30276256625774,410.0632696291805,412.3996465083127,18267000
2024-08-15,419.34808349609375,419.42775054091777,415.991550712489,418.1229861127925,20752100
2024-08-16,416.7983093261719,419.6568394696199,415.6329698343419,418.919805326896,22775600
2024-08-19,419.8460998535156,420.06522222853687,414.7963458443911,417.2863590170559,15234000
2024-08-20,423.10302734375,424.15879050030776,419.9556774327427,420.015435317403,16387600
2024-08-21,422.4456787109375,424.69662989295495,420.03533264675815,422.38589043229285,16067300
2024-08-22,413.8899841308594,425.0851042062188,412.953736731063,422.66478826233237,19361900
2024-08-23,415.1250305175781,417.58516466451346,410.44379375355777,415.3142739439322,18493800
2024-08-26,411.83819580078125,415.6130641605339,409.6967906199474,414.70669574720716,13152800
2024-08-27,412.1867980957031,412.70470986954564,408.6111429903849,411.21070203411466,13492900
2024-08-28,408.95977783203125,413.3421950254565,405.68291191971673,413.22267925405737,14882700
2024-08-29,411.4696960449219,420.3640158924635,408.95977368399144,413.2824329478728,17045200
2024-08-30,415.4736328125,415.822210323597,410.48363692465733,413.93977626013776,24308300
2024-09-03,407.80438232421875,418.20267931936957,405.4040060811421,416.2405478075573,20313600
2024-09-04,407.26654052734375,409.5971891641853,402.7546379619835,404.2884945573242,15135800
2024-09-05,406.7585754394531,411.44975138862225,404.50759397621573,405.9916319874654,14195500
2024-09-06,400.0953063964844,409.0095348193582,399.19887738785627,407.4258901774711,19609500
2024-09-09,404.0992431640625,407.01753119323797,400.5434971977151,405.6131601713445,15295100
2024-09-10,412.5453796386719,414.66684525245614,406.0713456246143,406.56934824108026,19594300
2024-09-11,421.3500671386719,422.29625388353406,407.9438146629927,413.84017908445105,19266900
2024-09-12,425.29425048828125,425.6627675750461,418.07321227741465,421.6189886086143,17418800
2024-09-13,428.8699035644531,430.10494036688726,423.76039168984255,424.12890877471926,15874600
2024-09-16,429.6169128417969,431.79816683164466,426.50938123863534,428.87987866290234,13834700
2024-09-17,433.41168212890625,440.08492951868885,430.5431821213062,438.47140586333086,18874200
2024-09-18,429.0890197753906,434.28816840172493,428.6906237541022,433.2622842089649,18898000
2024-09-19,436.93756103515625,439.73633345516527,435.1547030637013,439.46742297057807,21706600
2024-09-20,433.53118896484375,437.4853309751932,432.4853956233,435.47341133704515,55167100
2024-09-23,431.77825927734375,434.7164566201473,428.6707276626035,432.5451724016005,15128900
2024-09-24,427.4555969238281,431.6188916752313,424.39785343692114,431.27028375011014,17015800
2024-09-25,430.3838195800781,431.38979462226376,426.8579828341436,428.11292879639643,13396400
2024-09-26,429.5870361328125,433.56108748494046,427.41575191106693,433.3519348863203,14492000
2024-09-27,426.3101501464844,430.1248672217253,425.762359424982,429.7961684722898,14896100
2024-09-30,428.5810546875,428.7006008520287,423.67075601092984,426.49940732473704,16807300
2024-10-01,419.00946044921875,426.7683500314763,417.1369656739266,426.73847108913304,19092900
2024-10-02,415.4636535644531,421.13092557899313,415.0453180067373,420.89186366215563,16582300
2024-10-03,414.87603759765625,417.8739927473743,412.63502577299244,415.9616796785687,13686400
2024-10-04,414.39794921875,418.07321108796054,413.3123071245128,416.5692334072243,19169700
2024-10-07,407.90399169921875,415.4437282135342,407.3661403625253,414.3381769946468,20919800
2024-10-08,413.0533447265625,413.99956190900485,406.5394920239681,409.25856700863125,19229300
2024-10-09,415.7923278808594,418.70067647812056,412.6449477589923,414.19871346026423,14974300
2024-10-10,414.1788330078125,415.68281071093077,411.49957636636015,413.57128437543724,13848400
2024-10-11,414.6568908691406,415.4636526469778,411.59914761969196,414.47761722865823,14144900
2024-10-14,417.4656677246094,422.3460875183581,415.8521136383557,416.10111495840073,16653100
2024-10-15,417.0672302246094,420.7923105426525,413.60115139482065,420.4934907291295,18900200
2024-10-16,414.45770263671875,414.6967341717602,408.84024879356656,413.51151588006746,15508900
2024-10-17,415.0552978515625,420.81220682616237,413.9298070859751,420.6727515049861,14820000
2024-10-18,416.48956298828125,417.97360109842316,414.5971590742364,415.47364856596283,17145300
2024-10-21,417.1070861816406,417.2863598354636,412.09718088424023,414.457708513249,14206100
2024-10-22,425.8022155761719,428.85992860317606,416.3700446113444,416.8182287379404,25482200
2024-10-23,422.9038391113281,429.3579337373482,420.8421009299413,429.13881136450993,19654400
2024-10-24,423.0333251953125,424.27833177082186,420.71261591698874,423.6309040350223,13581600
2024-10-25,426.43963623046875,430.79217425375066,424.8659613297776,425.0552047565001,16899100
2024-10-28,424.8858642578125,430.21449827781026,424.5970142324742,429.9356180313113,14882400
2024-10-29,430.2244873046875,431.43961494644003,424.09903059516625,426.29025434116863,17644100
2024-10-30,430.8021545410156,436.7483071680008,430.3738795735308,435.69254402246366,29749100
2024-10-31,404.72674560546875,414.4975548257246,404.67692710480617,413.70073237613923,53971000
2024-11-01,408.7306823730469,413.8401943287888,405.8721520793777,407.37612978056814,24230400
2024-11-04,406.82830810546875,408.78050033889826,403.9498686523884,408.1629515330161,19672300
2024-11-05,409.8163146972656,413.24257521436044,406.4498120639611,406.73866209939297,17626000
2024-11-06,418.50146484375,418.77040570560524,408.8800507986786,410.77248502778195,26681800
2024-11-07,423.7304992675781,425.14484007349097,418.2026823789465,419.5970836269586,19901800
2024-11-08,420.85205078125,424.7962229099081,420.095077093531,423.6209440547306,16891400
2024-11-11,416.34014892578125,423.11297221775334,414.3381687204943,420.83211176857736,24503300
2024-11-12,421.340087890625,422.744458901271,415.533390819855,416.57918414479684,19401200
2024-11-13,423.5014343261719,427.6149103778975,416.5393371261829,419.9556581526565,21502200
2024-11-14,425.1846923828125,426.4595778768523,418.3222016749388,423.30222788535474,30246900
2024-11-15,413.3421936035156,421.1110226744225,411.98764100476023,418.14294637599176,28247600
2024-11-18,414.0991516113281,416.72858966014985,410.45376875637714,413.21269235073834,24742000
2024-11-19,416.12103271484375,416.27042741990954,409.9059394231008,411.4597051471197,18133500
2024-11-20,413.8302001953125,415.62302783332285,408.93981090505724,415.2046922657536,19191700
2024-11-21,412.0437927246094,418.9399686403921,409.4689690149979,418.6605301722443,20780200
2024-11-22,416.16552734375,416.56472079906104,410.2374116400306,410.5467888521348,24814600
2024-11-25,417.95196533203125,420.23736087052777,414.0198472532827,417.54278213072394,27691100
2024-11-26,427.133544921875,428.18146205416855,418.01185069672323,418.75036014607525,23458900
2024-11-27,422.1435546875,426.37509083138485,421.17549451394376,424.2593075311874,18332400
2024-11-29,422.61260986328125,424.0297817162198,416.9639323784013,419.24935840992123,16271900
2024-12-02,430.1175842285156,432.13353107658475,420.4669212999132,420.72641076442574,20207200
2024-12-03,430.3371276855469,431.60457529422956,426.88402964452257,428.9798333762607,18302000
2024-12-04,436.544677734375,438.79017518476684,431.7642546343851,432.1634480898198,26009400
2024-12-05,441.7342529296875,443.770179142923,435.2971785217715,437.0436765362191,21697800
2024-12-06,442.682373046875,445.2073090094776,440.88595677867977,441.4148949698492,18821000
2024-12-09,445.12744140625,447.4328163406456,439.6184986530788,441.7143023543043,19144400
2024-12-10,442.4428405761719,448.7202622082635,440.71632196493806,443.500747434082,18469500
2024-12-11,448.0915222167969,449.4488165759074,443.1614051498909,443.1614051498909,19200200
2024-12-12,448.6603698730469,455.24716851093444,448.2112581986308,448.2112581986308,20834800
2024-12-13,446.37493896484375,450.5266178755225,444.6883184556146,447.5426110314286,20177800
2024-12-16,450.6863098144531,451.27512549789225,444.38893932865295,446.37494735046533,23598800
2024-12-17,453.5505676269531,454.3789237624039,448.67036888572403,450.10748972576295,22733500
2024-12-18,436.5147399902344,451.7441820228141,436.1454548251872,450.4168569277278,24444500
2024-12-19,436.15545654296875,442.29314366547726,435.4468858542376,440.73626782337294,22963700
2024-12-20,435.726318359375,442.85201454579715,427.7722660445124,432.2432815476765,64263700
2024-12-23,434.3790283203125,436.7742196281346,431.96385754199804,435.86603695951885,19152500
2024-12-24,438.4508361816406,438.7203153724094,433.32113775673025,433.7802087154167,7164500
2024-12-26,437.2332763671875,440.0576302640168,435.7562575113133,438.20133650274425,8194200
2024-12-27,429.66845703125,434.3490742197977,425.49682901810996,433.73031978660106,18117700
2024-12-30,423.9798583984375,426.6944166190143,421.05572893712207,425.2074080072107,13158700
2024-12-31,420.6565246582031,425.8760697244736,419.81820926028456,425.24732556190753,13246500
2025-01-02,417.74237060546875,425.2174031564215,414.01985416103116,424.67847521686525,16896500
2025-01-03,422.5028381347656,423.1814700735548,418.7004647827294,420.2373611517797,16662900
2025-01-06,426.99383544921875,433.450889550372,424.6285829292995,427.1435291929144,20573600
2025-01-07,421.5247802734375,429.7882097463078,419.957914728963,428.1415176926379,18139100
2025-01-08,423.7104187011719,426.11559975123726,420.69647292951623,422.61261379874435,15054600
2025-01-10,418.11163330078125,423.86008600637365,414.1894746460312,423.7802594986814,20201100
2025-01-13,416.35516357421875,417.66253969684465,411.4649750549722,414.4090535363967,17604800
2025-01-14,414.8382263183594,418.9000587938386,409.89811945983064,416.9739281792526,16935900
2025-01-15,425.4569091796875,427.29322350331137,417.4329894853562,418.29128437786517,19637800
2025-01-16,423.7303466796875,428.6305247845027,423.5407549144398,427.84212760615685,15300000
2025-01-17,428.1714782714844,433.61058460419247,427.31321381371214,433.22135040368397,26197500
2025-01-21,427.64251708984375,430.03770829379437,424.7483264493822,429.33912735658424,26085700
2025-01-22,445.30712890625,446.37496460039233,435.1275277712005,436.68440364505375,27803800
2025-01-23,445.8160705566406,445.85599903960934,440.61650492666485,441.1155043659929,18389300
2025-01-24,443.17138671875,445.7562002010948,440.5167060042179,444.2691915941594,15549500
2025-01-27,433.6903991699219,434.32913308449037,422.6525337820519,423.16152296669173,35647800
2025-01-28,446.30511474609375,447.4827461239755,430.51676503368185,433.73032267022137,23491700
2025-01-29,441.44482421875,445.98573732495043,439.51869372032735,445.79611510422404,23581400
2025-01-30,414.1595458984375,422.0137922192137,412.33322134699057,417.9319804505241,54586300
2025-01-31,414.22943115234375,419.84816997012905,414.0797374049759,418.141600337115,34223400
2025-02-03,410.09771728515625,414.57872255523336,407.8422300476431,410.7763492208031,25679100
2025-02-04,411.5447998046875,413.09171636714575,408.9200578355856,411.86416676091864,20532100
2025-02-05,412.4629821777344,413.0018796658512,409.5787506797878,411.5248607564065,16316700
2025-02-06,414.9879150390625,417.36315732347487,413.1715497090401,413.1715497090401,16309800
2025-02-07,408.9300537109375,417.8122379259866,407.2833615993766,415.6465973451397,22886800
2025-02-10,411.3951110839844,414.62861779989964,410.0977246861568,412.8821197108573,20817900
2025-02-11,410.6166687011719,411.6645553606299,408.48093644203584,408.8202828688126,18140600
2025-02-12,408.2214660644531,409.92803560329327,403.56079794352274,406.3951110778186,19121700
2025-02-13,409.7184753417969,410.17754630619044,405.54681680905935,406.185550721702,23891700
2025-02-14,407.6126708984375,408.0917213200678,405.06778596420224,406.9739674594389,22758500
2025-02-18,408.8202819824219,409.7783523938356,405.6865508328786,407.18354917543536,21423100
2025-02-19,413.94000244140625,414.6585628844229,406.8342549807474,407.06380569744374,24114200
2025-02-20,416.1300048828125,419.30999755859375,412.5400085449219,415.2900085449219,23508700
2025-02-21,408.2099914550781,418.04998779296875,407.8900146484375,417.3399963378906,27524800
2025-02-24,404.0,409.3699951171875,399.32000732421875,408.510009765625,26443700
2025-02-25,397.8999938964844,401.9200134277344,396.70001220703125,401.1000061035156,29387400
2025-02-26,399.7300109863281,403.6000061035156,394.25,398.010009765625,19619000
2025-02-27,392.5299987792969,405.739990234375,392.1700134277344,401.2699890136719,21127400
2025-02-28,396.989990234375,397.6300048828125,386.57000732421875,392.6600036621094,32845700
2025-03-03,388.489990234375,398.82000732421875,386.1600036621094,398.82000732421875,23007700
2025-03-04,388.6099853515625,392.5799865722656,381.0,383.3999938964844,29342900
2025-03-05,401.0199890136719,401.6700134277344,388.80999755859375,389.3399963378906,23433100
2025-03-06,396.8900146484375,402.1499938964844,392.67999267578125,394.2799987792969,23304600
2025-03-07,393.30999755859375,394.79998779296875,385.5400085449219,392.32000732421875,22034100
2025-03-10,380.1600036621094,386.3999938964844,377.2200012207031,385.8399963378906,32840100
2025-03-11,380.45001220703125,386.0,376.9100036621094,379.0,30380200
2025-03-12,383.2699890136719,385.2200012207031,378.95001220703125,382.95001220703125,24253600
2025-03-13,378.7699890136719,385.32000732421875,377.45001220703125,383.1600036621094,20473000
2025-03-14,388.55999755859375,390.2300109863281,379.510009765625,379.7799987792969,19952800
2025-03-17,388.70001220703125,392.7099914550781,385.57000732421875,386.70001220703125,22474300
2025-03-18,383.5199890136719,387.3699951171875,381.1000061035156,387.07000732421875,19486900
2025-03-19,387.82000732421875,389.67999267578125,384.0,385.5299987792969,19185500
2025-03-20,386.8399963378906,391.7900085449219,383.2799987792969,385.739990234375,18470500
2025-03-21,391.260009765625,391.739990234375,382.79998779296875,383.2200012207031,39675900
2025-03-24,393.0799865722656,395.3999938964844,389.80999755859375,395.3999938964844,21004500
2025-03-25,395.1600036621094,396.3599853515625,392.6400146484375,393.9200134277344,15775000
2025-03-26,389.9700012207031,395.30999755859375,388.57000732421875,395.0,16108400
2025-03-27,390.5799865722656,392.239990234375,387.3999938964844,390.1300048828125,13766800
2025-03-28,378.79998779296875,389.1300048828125,376.92999267578125,388.0799865722656,21632000
2025-03-31,375.3900146484375,377.07000732421875,367.239990234375,372.5400085449219,35184700
2025-04-01,382.19000244140625,382.8500061035156,373.2300109863281,374.6499938964844,19689500
2025-04-02,382.1400146484375,385.0799865722656,376.6199951171875,377.9700012207031,16092600
2025-04-03,373.1099853515625,377.4800109863281,369.3500061035156,374.7900085449219,30198000
2025-04-04,359.8399963378906,374.5899963378906,359.4800109863281,364.1300048828125,49138700
